"X1","X2","X3","X4","X5","X6","X7","X8","X9","X10","X11","X12","X13","X14","X15","X16","X17","X18","kingdom","supergroup","division","class","order","family","genus","species"
"Archaea",NA,NA,NA,NA,NA,NA,NA,NA,NA,NA,NA,NA,NA,NA,NA,NA,NA,"Archaea",NA,NA,NA,NA,NA,NA,NA
"Archaea","Euryarchaeota","Diaforarchaea group","Thermoplasmata",NA,NA,NA,NA,NA,NA,NA,NA,NA,NA,NA,NA,NA,NA,"Archaea",NA,NA,NA,NA,NA,NA,NA
"Bacteria","Proteobacteria","Oligoflexia","Oligoflexales",NA,NA,NA,NA,NA,NA,NA,NA,NA,NA,NA,NA,NA,NA,"Bacteria",NA,NA,NA,NA,NA,NA,NA
"Bacteria","Proteobacteria","Oligoflexia",NA,NA,NA,NA,NA,NA,NA,NA,NA,NA,NA,NA,NA,NA,NA,"Bacteria",NA,NA,NA,NA,NA,NA,NA
"Bacteria","Proteobacteria","Oligoflexia","Bdellovibrionales","Bdellovibrionaceae",NA,NA,NA,NA,NA,NA,NA,NA,NA,NA,NA,NA,NA,"Bacteria",NA,NA,NA,NA,NA,NA,NA
"Bacteria","Proteobacteria","Alphaproteobacteria","Rickettsiales",NA,NA,NA,NA,NA,NA,NA,NA,NA,NA,NA,NA,NA,NA,"Bacteria",NA,NA,NA,NA,NA,NA,NA
"Eukaryota","Stramenopiles",NA,NA,NA,NA,NA,NA,NA,NA,NA,NA,NA,NA,NA,NA,NA,NA,"Eukaryota","Stramenopiles",NA,NA,NA,NA,NA,NA
"Eukaryota","Alveolata","Dinophyceae","Gymnodiniales","Gymnodiniaceae","Gyrodinium",NA,NA,NA,NA,NA,NA,NA,NA,NA,NA,NA,NA,"Eukaryota","Alveolata","Dinoflagellata","Dinophyceae","Gymnodiniales","Gymnodiniaceae","Gyrodinium",NA
"Bacteria",NA,NA,NA,NA,NA,NA,NA,NA,NA,NA,NA,NA,NA,NA,NA,NA,NA,"Bacteria",NA,NA,NA,NA,NA,NA,NA
"Bacteria","Proteobacteria","Gammaproteobacteria","Legionellales","Coxiellaceae","Coxiella",NA,NA,NA,NA,NA,NA,NA,NA,NA,NA,NA,NA,"Bacteria",NA,NA,NA,NA,NA,NA,NA
"Bacteria","Proteobacteria",NA,NA,NA,NA,NA,NA,NA,NA,NA,NA,NA,NA,NA,NA,NA,NA,"Bacteria",NA,NA,NA,NA,NA,NA,NA
"Eukaryota",NA,NA,NA,NA,NA,NA,NA,NA,NA,NA,NA,NA,NA,NA,NA,NA,NA,"Eukaryota",NA,NA,NA,NA,NA,NA,NA
"Eukaryota","Stramenopiles","Pirsoniales","Pirsonia",NA,NA,NA,NA,NA,NA,NA,NA,NA,NA,NA,NA,NA,NA,"Eukaryota","Stramenopiles","Pseudofungi","Pirsonia_Clade","Pirsonia_Clade_X","Pirsonia_Clade_XX","Pirsonia",NA
"Bacteria","PVC group","Planctomycetes","Phycisphaerae",NA,NA,NA,NA,NA,NA,NA,NA,NA,NA,NA,NA,NA,NA,"Bacteria",NA,NA,NA,NA,NA,NA,NA
"Bacteria","unclassified Bacteria","Bacteria candidate phyla",NA,NA,NA,NA,NA,NA,NA,NA,NA,NA,NA,NA,NA,NA,NA,"Bacteria",NA,NA,NA,NA,NA,NA,NA
"Bacteria","PVC group","Planctomycetes","Planctomycetia","Planctomycetales",NA,NA,NA,NA,NA,NA,NA,NA,NA,NA,NA,NA,NA,"Bacteria",NA,NA,NA,NA,NA,NA,NA
"Bacteria","PVC group","Planctomycetes","Planctomycetia","Planctomycetales","Gemmataceae",NA,NA,NA,NA,NA,NA,NA,NA,NA,NA,NA,NA,"Bacteria",NA,NA,NA,NA,NA,NA,NA
"Bacteria","PVC group","Planctomycetes","Planctomycetia","Planctomycetales","Planctomycetaceae",NA,NA,NA,NA,NA,NA,NA,NA,NA,NA,NA,NA,"Bacteria",NA,NA,NA,NA,NA,NA,NA
"Bacteria","PVC group","Planctomycetes",NA,NA,NA,NA,NA,NA,NA,NA,NA,NA,NA,NA,NA,NA,NA,"Bacteria",NA,NA,NA,NA,NA,NA,NA
"Bacteria","Proteobacteria","Gammaproteobacteria",NA,NA,NA,NA,NA,NA,NA,NA,NA,NA,NA,NA,NA,NA,NA,"Bacteria",NA,NA,NA,NA,NA,NA,NA
"Bacteria","PVC group","Planctomycetes","Planctomycetia","Planctomycetales","Planctomycetaceae","Blastopirellula",NA,NA,NA,NA,NA,NA,NA,NA,NA,NA,NA,"Bacteria",NA,NA,NA,NA,NA,NA,NA
"Bacteria","Proteobacteria","Alphaproteobacteria",NA,NA,NA,NA,NA,NA,NA,NA,NA,NA,NA,NA,NA,NA,NA,"Bacteria",NA,NA,NA,NA,NA,NA,NA
"Bacteria","Proteobacteria","Oligoflexia","Bacteriovoracales","Bacteriovoracaceae","Peredibacter",NA,NA,NA,NA,NA,NA,NA,NA,NA,NA,NA,NA,"Bacteria",NA,NA,NA,NA,NA,NA,NA
"Bacteria","PVC group","Verrucomicrobia","Verrucomicrobiae",NA,NA,NA,NA,NA,NA,NA,NA,NA,NA,NA,NA,NA,NA,"Bacteria",NA,NA,NA,NA,NA,NA,NA
"Bacteria","PVC group","Planctomycetes","Phycisphaerae","Phycisphaerales","Phycisphaeraceae",NA,NA,NA,NA,NA,NA,NA,NA,NA,NA,NA,NA,"Bacteria",NA,NA,NA,NA,NA,NA,NA
"Bacteria","PVC group",NA,NA,NA,NA,NA,NA,NA,NA,NA,NA,NA,NA,NA,NA,NA,NA,"Bacteria",NA,NA,NA,NA,NA,NA,NA
"Eukaryota","Alveolata","Dinophyceae","Syndiniales","Amoebophryaceae","Amoebophrya",NA,NA,NA,NA,NA,NA,NA,NA,NA,NA,NA,NA,"Eukaryota","Alveolata","Dinoflagellata","Syndiniales","Dino-Group-II","Dino-Group-II-Clade-4","Amoebophrya",NA
"Eukaryota","Opisthokonta","Metazoa","Eumetazoa","Bilateria","Protostomia","Ecdysozoa","Panarthropoda","Arthropoda","Mandibulata","Pancrustacea","Crustacea","Multicrustacea","Hexanauplia","Copepoda","Neocopepoda","Gymnoplea","Calanoida","Eukaryota","Opisthokonta","Metazoa","Arthropoda","Crustacea",NA,NA,NA
"Bacteria","Nitrospinae/Tectomicrobia group","Nitrospinae","Nitrospinia","Nitrospinales","Nitrospinaceae",NA,NA,NA,NA,NA,NA,NA,NA,NA,NA,NA,NA,"Bacteria",NA,NA,NA,NA,NA,NA,NA
"Bacteria","Proteobacteria","delta/epsilon subdivisions","Deltaproteobacteria",NA,NA,NA,NA,NA,NA,NA,NA,NA,NA,NA,NA,NA,NA,"Bacteria",NA,NA,NA,NA,NA,NA,NA
"Bacteria","Proteobacteria","Oligoflexia","Oligoflexales","Oligoflexaceae","Oligoflexus",NA,NA,NA,NA,NA,NA,NA,NA,NA,NA,NA,NA,"Bacteria",NA,NA,NA,NA,NA,NA,NA
"Bacteria","Proteobacteria","Gammaproteobacteria","Thiotrichales",NA,NA,NA,NA,NA,NA,NA,NA,NA,NA,NA,NA,NA,NA,"Bacteria",NA,NA,NA,NA,NA,NA,NA
"Bacteria","Proteobacteria","Alphaproteobacteria","Sphingomonadales","Sphingomonadaceae",NA,NA,NA,NA,NA,NA,NA,NA,NA,NA,NA,NA,NA,"Bacteria",NA,NA,NA,NA,NA,NA,NA
"Bacteria","Proteobacteria","Oligoflexia","Bacteriovoracales","Bacteriovoracaceae",NA,NA,NA,NA,NA,NA,NA,NA,NA,NA,NA,NA,NA,"Bacteria",NA,NA,NA,NA,NA,NA,NA
"Bacteria","Proteobacteria","Alphaproteobacteria","Caulobacterales",NA,NA,NA,NA,NA,NA,NA,NA,NA,NA,NA,NA,NA,NA,"Bacteria",NA,NA,NA,NA,NA,NA,NA
"Bacteria","Proteobacteria","Alphaproteobacteria","Rhodospirillales",NA,NA,NA,NA,NA,NA,NA,NA,NA,NA,NA,NA,NA,NA,"Bacteria",NA,NA,NA,NA,NA,NA,NA
"Bacteria","Proteobacteria","delta/epsilon subdivisions","Deltaproteobacteria","Bradymonadales",NA,NA,NA,NA,NA,NA,NA,NA,NA,NA,NA,NA,NA,"Bacteria",NA,NA,NA,NA,NA,NA,NA
"Bacteria","PVC group","Verrucomicrobia","Verrucomicrobiae","Verrucomicrobiales",NA,NA,NA,NA,NA,NA,NA,NA,NA,NA,NA,NA,NA,"Bacteria",NA,NA,NA,NA,NA,NA,NA
"Bacteria","Proteobacteria","delta/epsilon subdivisions","Deltaproteobacteria","Myxococcales",NA,NA,NA,NA,NA,NA,NA,NA,NA,NA,NA,NA,NA,"Bacteria",NA,NA,NA,NA,NA,NA,NA
"Bacteria","Proteobacteria","Gammaproteobacteria","Thiotrichales","Thiotrichaceae",NA,NA,NA,NA,NA,NA,NA,NA,NA,NA,NA,NA,NA,"Bacteria",NA,NA,NA,NA,NA,NA,NA
"Bacteria","Proteobacteria","delta/epsilon subdivisions","Deltaproteobacteria","Myxococcales","Cystobacterineae","Myxococcaceae",NA,NA,NA,NA,NA,NA,NA,NA,NA,NA,NA,"Bacteria",NA,NA,NA,NA,NA,NA,NA
"Bacteria","Proteobacteria","Alphaproteobacteria","Rhodobacterales","Rhodobacteraceae",NA,NA,NA,NA,NA,NA,NA,NA,NA,NA,NA,NA,NA,"Bacteria",NA,NA,NA,NA,NA,NA,NA
"Bacteria","Proteobacteria","Alphaproteobacteria","Rhizobiales",NA,NA,NA,NA,NA,NA,NA,NA,NA,NA,NA,NA,NA,NA,"Bacteria",NA,NA,NA,NA,NA,NA,NA
"Bacteria","Proteobacteria","delta/epsilon subdivisions",NA,NA,NA,NA,NA,NA,NA,NA,NA,NA,NA,NA,NA,NA,NA,"Bacteria",NA,NA,NA,NA,NA,NA,NA
"Bacteria","Proteobacteria","Gammaproteobacteria","Legionellales",NA,NA,NA,NA,NA,NA,NA,NA,NA,NA,NA,NA,NA,NA,"Bacteria",NA,NA,NA,NA,NA,NA,NA
"Bacteria","Proteobacteria","Gammaproteobacteria","Legionellales","Coxiellaceae",NA,NA,NA,NA,NA,NA,NA,NA,NA,NA,NA,NA,NA,"Bacteria",NA,NA,NA,NA,NA,NA,NA
"Bacteria","FCB group",NA,NA,NA,NA,NA,NA,NA,NA,NA,NA,NA,NA,NA,NA,NA,NA,"Bacteria",NA,NA,NA,NA,NA,NA,NA
"Eukaryota","Stramenopiles","Bacillariophyta","Mediophyceae",NA,NA,NA,NA,NA,NA,NA,NA,NA,NA,NA,NA,NA,NA,"Eukaryota","Stramenopiles","Ochrophyta","Bacillariophyta","Bacillariophyta_X","Polar-centric-Mediophyceae",NA,NA
"Eukaryota","Alveolata","Dinophyceae","Syndiniales",NA,NA,NA,NA,NA,NA,NA,NA,NA,NA,NA,NA,NA,NA,"Eukaryota","Alveolata","Dinoflagellata","Syndiniales",NA,NA,NA,NA
"Bacteria","PVC group","Verrucomicrobia","Verrucomicrobiae","Verrucomicrobiales","Rubritaleaceae",NA,NA,NA,NA,NA,NA,NA,NA,NA,NA,NA,NA,"Bacteria",NA,NA,NA,NA,NA,NA,NA
"Eukaryota","Alveolata","Dinophyceae",NA,NA,NA,NA,NA,NA,NA,NA,NA,NA,NA,NA,NA,NA,NA,"Eukaryota","Alveolata","Dinoflagellata","Dinophyceae",NA,NA,NA,NA
"Eukaryota","Stramenopiles","Raphidophyceae","Chattonellales","Chattonellaceae",NA,NA,NA,NA,NA,NA,NA,NA,NA,NA,NA,NA,NA,"Eukaryota","Stramenopiles","Ochrophyta","Raphidophyceae",NA,NA,NA,NA
"Archaea","Euryarchaeota",NA,NA,NA,NA,NA,NA,NA,NA,NA,NA,NA,NA,NA,NA,NA,NA,"Archaea",NA,NA,NA,NA,NA,NA,NA
"Eukaryota","Opisthokonta","Metazoa","Eumetazoa","Bilateria","Deuterostomia","Chordata","Craniata","Vertebrata","Gnathostomata","Teleostomi","Euteleostomi","Sarcopterygii","Dipnotetrapodomorpha","Tetrapoda","Amniota",NA,NA,"Eukaryota","Archaeplastida","Rhodophyta","Florideophyceae","Ceramiales","Rhodomelaceae","Vertebrata",NA
"Eukaryota","Opisthokonta","Metazoa","Eumetazoa","Cnidaria","Anthozoa","Hexacorallia",NA,NA,NA,NA,NA,NA,NA,NA,NA,NA,NA,"Eukaryota","Opisthokonta","Metazoa","Cnidaria","Cnidaria_X","Anthozoa",NA,NA
"Eukaryota","Opisthokonta","Metazoa","Eumetazoa","Bilateria","Protostomia","Lophotrochozoa","Mollusca","Bivalvia","Heterodonta","Euheterodonta","Veneroida",NA,NA,NA,NA,NA,NA,"Eukaryota","Opisthokonta","Metazoa","Mollusca","Bivalvia","Heteroconchia",NA,NA
"Eukaryota","Opisthokonta","Choanoflagellata","Acanthoecida","Stephanoecidae",NA,NA,NA,NA,NA,NA,NA,NA,NA,NA,NA,NA,NA,"Eukaryota","Opisthokonta","Choanoflagellida","Choanoflagellatea","Acanthoecida",NA,NA,NA
"Eukaryota","Cryptophyta","Cryptomonadales",NA,NA,NA,NA,NA,NA,NA,NA,NA,NA,NA,NA,NA,NA,NA,"Eukaryota","Hacrobia","Cryptophyta","Cryptophyceae","Cryptomonadales",NA,NA,NA
"Eukaryota","Opisthokonta","Metazoa","Eumetazoa","Bilateria","Protostomia","Lophotrochozoa","Mollusca","Gastropoda",NA,NA,NA,NA,NA,NA,NA,NA,NA,"Eukaryota","Opisthokonta","Metazoa","Mollusca","Gastropoda",NA,NA,NA
"Eukaryota","Opisthokonta","Metazoa","Eumetazoa","Bilateria","Protostomia","Ecdysozoa","Panarthropoda","Arthropoda","Mandibulata","Pancrustacea","Crustacea","Multicrustacea","Hexanauplia","Copepoda","Neocopepoda","Podoplea",NA,"Eukaryota","Opisthokonta","Metazoa","Arthropoda","Crustacea",NA,NA,NA
"Eukaryota","Opisthokonta","Metazoa","Eumetazoa","Bilateria","Protostomia","Ecdysozoa","Panarthropoda","Arthropoda",NA,NA,NA,NA,NA,NA,NA,NA,NA,"Eukaryota","Opisthokonta","Metazoa","Arthropoda",NA,NA,NA,NA
"Eukaryota","Opisthokonta","Fungi","Dikarya","Ascomycota","saccharomyceta","Pezizomycotina","leotiomyceta","Eurotiomycetes","Eurotiomycetidae",NA,NA,NA,NA,NA,NA,NA,NA,"Eukaryota","Opisthokonta","Fungi","Ascomycota","Pezizomycotina","Eurotiomycetes",NA,NA
"Eukaryota","Opisthokonta","Fungi","Dikarya","Basidiomycota","Agaricomycotina","Tremellomycetes",NA,NA,NA,NA,NA,NA,NA,NA,NA,NA,NA,"Eukaryota","Opisthokonta","Fungi","Basidiomycota","Agaricomycotina","Tremellomycetes",NA,NA
"Eukaryota","Rhizaria","Cercozoa","Cercomonadida","Cercomonadidae","Cercomonas",NA,NA,NA,NA,NA,NA,NA,NA,NA,NA,NA,NA,"Eukaryota","Rhizaria","Cercozoa","Filosa-Sarcomonadea","Cercomonadida","Cercomonadidae","Cercomonas",NA
"Eukaryota","Rhizaria","Cercozoa",NA,NA,NA,NA,NA,NA,NA,NA,NA,NA,NA,NA,NA,NA,NA,"Eukaryota","Rhizaria","Cercozoa",NA,NA,NA,NA,NA
"Eukaryota","Rhizaria","Cercozoa","Thecofilosea","Cryomonadida","Rhogostomidae","Rhogostoma",NA,NA,NA,NA,NA,NA,NA,NA,NA,NA,NA,"Eukaryota","Rhizaria","Cercozoa","Filosa-Thecofilosea","Cryomonadida","Rhogostoma-lineage","Rhogostoma",NA
"Eukaryota","Alveolata","Dinophyceae","Gonyaulacales","Amphidomataceae","Azadinium",NA,NA,NA,NA,NA,NA,NA,NA,NA,NA,NA,NA,"Eukaryota","Alveolata","Dinoflagellata","Dinophyceae","Peridiniales","Amphidomataceae","Azadinium",NA
"Eukaryota","Opisthokonta","Fungi","Dikarya","Basidiomycota","Pucciniomycotina",NA,NA,NA,NA,NA,NA,NA,NA,NA,NA,NA,NA,"Eukaryota","Opisthokonta","Fungi","Basidiomycota","Pucciniomycotina",NA,NA,NA
"Eukaryota","Opisthokonta","Metazoa","Eumetazoa","Cnidaria","Anthozoa",NA,NA,NA,NA,NA,NA,NA,NA,NA,NA,NA,NA,"Eukaryota","Opisthokonta","Metazoa","Cnidaria","Cnidaria_X","Anthozoa",NA,NA
"Eukaryota","Opisthokonta","Metazoa","Eumetazoa","Cnidaria","Hydrozoa","Trachylinae",NA,NA,NA,NA,NA,NA,NA,NA,NA,NA,NA,"Eukaryota","Opisthokonta","Metazoa","Cnidaria","Cnidaria_X","Hydrozoa",NA,NA
"Eukaryota","Opisthokonta","Metazoa","Eumetazoa","Bilateria","Protostomia","Lophotrochozoa","Annelida","Polychaeta","Palpata","Aciculata","Phyllodocida",NA,NA,NA,NA,NA,NA,"Eukaryota","Opisthokonta","Metazoa","Annelida",NA,NA,NA,NA
"Eukaryota","Opisthokonta",NA,NA,NA,NA,NA,NA,NA,NA,NA,NA,NA,NA,NA,NA,NA,NA,"Eukaryota","Opisthokonta",NA,NA,NA,NA,NA,NA
"Eukaryota","Opisthokonta","Choanoflagellata","Craspedida","Salpingoecidae","Monosiga",NA,NA,NA,NA,NA,NA,NA,NA,NA,NA,NA,NA,"Eukaryota","Opisthokonta","Choanoflagellida","Choanoflagellatea","Craspedida","Monosigidae_Group_A","Monosiga",NA
"Eukaryota","Opisthokonta","Metazoa","Eumetazoa","Bilateria","Protostomia","Lophotrochozoa","Annelida","Polychaeta","Scolecida","Spionida",NA,NA,NA,NA,NA,NA,NA,"Eukaryota","Opisthokonta","Metazoa","Annelida",NA,NA,NA,NA
"Eukaryota","Opisthokonta","Metazoa","Eumetazoa","Bilateria","Protostomia","Lophotrochozoa","Annelida","Polychaeta","Scolecida","Capitellida",NA,NA,NA,NA,NA,NA,NA,"Eukaryota","Opisthokonta","Metazoa","Annelida",NA,NA,NA,NA
"Eukaryota","Alveolata","Ciliophora","Intramacronucleata","Spirotrichea","Oligotrichia",NA,NA,NA,NA,NA,NA,NA,NA,NA,NA,NA,NA,"Eukaryota","Alveolata","Ciliophora","Spirotrichea",NA,NA,NA,NA
"Eukaryota","Opisthokonta","Metazoa","Eumetazoa","Cnidaria","Hydrozoa",NA,NA,NA,NA,NA,NA,NA,NA,NA,NA,NA,NA,"Eukaryota","Opisthokonta","Metazoa","Cnidaria","Cnidaria_X","Hydrozoa",NA,NA
"Eukaryota","Opisthokonta","Metazoa","Eumetazoa","Bilateria","Protostomia","Ecdysozoa","Panarthropoda","Arthropoda","Mandibulata","Pancrustacea","Crustacea","Multicrustacea","Malacostraca",NA,NA,NA,NA,"Eukaryota","Opisthokonta","Metazoa","Arthropoda","Crustacea","Malacostraca",NA,NA
"Eukaryota","Viridiplantae","Streptophyta","Streptophytina","Embryophyta",NA,NA,NA,NA,NA,NA,NA,NA,NA,NA,NA,NA,NA,"Eukaryota","Archaeplastida","Streptophyta","Embryophyceae",NA,NA,NA,NA
"Eukaryota","Viridiplantae","Chlorophyta","Chlorodendrophyceae","Chlorodendrales","Chlorodendraceae","Tetraselmis",NA,NA,NA,NA,NA,NA,NA,NA,NA,NA,NA,"Eukaryota","Archaeplastida","Chlorophyta","Chlorodendrophyceae","Chlorodendrales","Chlorodendraceae","Tetraselmis",NA
"Eukaryota","Alveolata","Dinophyceae","Blastodiniales","Blastodinium",NA,NA,NA,NA,NA,NA,NA,NA,NA,NA,NA,NA,NA,"Eukaryota","Alveolata","Dinoflagellata","Dinophyceae","Peridiniales","Blastodiniaceae","Blastodinium",NA
"Eukaryota","Rhizaria","Polycystinea","Collodaria",NA,NA,NA,NA,NA,NA,NA,NA,NA,NA,NA,NA,NA,NA,"Eukaryota","Rhizaria","Radiolaria","Polycystinea","Collodaria",NA,NA,NA
"Eukaryota","Opisthokonta","Aphelida","Aphelidea",NA,NA,NA,NA,NA,NA,NA,NA,NA,NA,NA,NA,NA,NA,"Eukaryota","Opisthokonta",NA,NA,NA,NA,NA,NA
"Eukaryota","Viridiplantae",NA,NA,NA,NA,NA,NA,NA,NA,NA,NA,NA,NA,NA,NA,NA,NA,"Eukaryota",NA,NA,NA,NA,NA,NA,NA
"Eukaryota","Alveolata","Dinophyceae","Peridiniales",NA,NA,NA,NA,NA,NA,NA,NA,NA,NA,NA,NA,NA,NA,"Eukaryota","Alveolata","Dinoflagellata","Dinophyceae","Peridiniales",NA,NA,NA
"Eukaryota","unclassified eukaryotes","Telonemida","Telonema",NA,NA,NA,NA,NA,NA,NA,NA,NA,NA,NA,NA,NA,NA,"Eukaryota","Hacrobia","Telonemia",NA,NA,NA,NA,NA
"Eukaryota","Alveolata","Dinophyceae","Dinophysiales","Dinophysiaceae","Sinophysis",NA,NA,NA,NA,NA,NA,NA,NA,NA,NA,NA,NA,"Eukaryota","Alveolata","Dinoflagellata","Dinophyceae","Dinophysiales","Dinophysiaceae","Sinophysis",NA
"Eukaryota","Euglenozoa","Kinetoplastida",NA,NA,NA,NA,NA,NA,NA,NA,NA,NA,NA,NA,NA,NA,NA,"Eukaryota","Excavata","Discoba","Euglenozoa","Kinetoplastida",NA,NA,NA
"Eukaryota","Opisthokonta","Metazoa","Eumetazoa","Bilateria","Protostomia","Ecdysozoa","Panarthropoda","Arthropoda","Mandibulata","Pancrustacea","Crustacea","Multicrustacea","Hexanauplia","Copepoda","Neocopepoda",NA,NA,"Eukaryota","Opisthokonta","Metazoa","Arthropoda","Crustacea",NA,NA,NA
"Eukaryota","Opisthokonta","Metazoa","Eumetazoa","Bilateria",NA,NA,NA,NA,NA,NA,NA,NA,NA,NA,NA,NA,NA,"Eukaryota","Opisthokonta","Metazoa",NA,NA,NA,NA,NA
"Eukaryota","Alveolata",NA,NA,NA,NA,NA,NA,NA,NA,NA,NA,NA,NA,NA,NA,NA,NA,"Eukaryota","Alveolata",NA,NA,NA,NA,NA,NA
"Eukaryota","Viridiplantae","Chlorophyta",NA,NA,NA,NA,NA,NA,NA,NA,NA,NA,NA,NA,NA,NA,NA,"Eukaryota","Archaeplastida","Chlorophyta",NA,NA,NA,NA,NA
"Eukaryota","Stramenopiles","Oomycetes",NA,NA,NA,NA,NA,NA,NA,NA,NA,NA,NA,NA,NA,NA,NA,"Eukaryota","Stramenopiles","Pseudofungi","Oomycota",NA,NA,NA,NA
"Eukaryota","Stramenopiles","PX clade","Phaeophyceae",NA,NA,NA,NA,NA,NA,NA,NA,NA,NA,NA,NA,NA,NA,"Eukaryota","Stramenopiles","Ochrophyta","Phaeophyceae",NA,NA,NA,NA
"Eukaryota","Stramenopiles","Bacillariophyta","Mediophyceae","Biddulphiophycidae",NA,NA,NA,NA,NA,NA,NA,NA,NA,NA,NA,NA,NA,"Eukaryota","Stramenopiles","Ochrophyta","Bacillariophyta","Bacillariophyta_X","Polar-centric-Mediophyceae",NA,NA
"Eukaryota","Stramenopiles","Bacillariophyta",NA,NA,NA,NA,NA,NA,NA,NA,NA,NA,NA,NA,NA,NA,NA,"Eukaryota","Stramenopiles","Ochrophyta","Bacillariophyta",NA,NA,NA,NA
"Eukaryota","Stramenopiles","Dictyochophyceae","Pedinellales",NA,NA,NA,NA,NA,NA,NA,NA,NA,NA,NA,NA,NA,NA,"Eukaryota","Stramenopiles","Ochrophyta","Dictyochophyceae","Dictyochophyceae_X","Pedinellales",NA,NA
"Eukaryota","Stramenopiles","Chrysophyceae",NA,NA,NA,NA,NA,NA,NA,NA,NA,NA,NA,NA,NA,NA,NA,"Eukaryota","Stramenopiles","Ochrophyta","Chrysophyceae",NA,NA,NA,NA
"Eukaryota","Stramenopiles","Bolidophyceae","Parmales","Triparmaceae","Bolidomonas",NA,NA,NA,NA,NA,NA,NA,NA,NA,NA,NA,NA,"Eukaryota","Stramenopiles","Ochrophyta","Bolidophyceae",NA,NA,NA,NA
"Eukaryota","Stramenopiles","Labyrinthulomycetes",NA,NA,NA,NA,NA,NA,NA,NA,NA,NA,NA,NA,NA,NA,NA,"Eukaryota","Stramenopiles","Sagenista","Labyrinthulomycetes",NA,NA,NA,NA
"Eukaryota","Stramenopiles","Bacillariophyta","Bacillariophyceae","Bacillariophycidae",NA,NA,NA,NA,NA,NA,NA,NA,NA,NA,NA,NA,NA,"Eukaryota","Stramenopiles","Ochrophyta","Bacillariophyta","Bacillariophyta_X","Raphid-pennate",NA,NA
"Eukaryota","Haptista","Haptophyta","Prymnesiophyceae","Phaeocystales","Phaeocystaceae","Phaeocystis",NA,NA,NA,NA,NA,NA,NA,NA,NA,NA,NA,"Eukaryota","Hacrobia","Haptophyta","Prymnesiophyceae","Phaeocystales","Phaeocystaceae","Phaeocystis",NA
"Eukaryota","Stramenopiles","Bacillariophyta","Coscinodiscophyceae","Rhizosoleniophycidae","Rhizosoleniales","Rhizosoleniaceae",NA,NA,NA,NA,NA,NA,NA,NA,NA,NA,NA,"Eukaryota","Stramenopiles","Ochrophyta","Bacillariophyta","Bacillariophyta_X",NA,NA,NA
"Eukaryota","Stramenopiles","Chrysophyceae","Chromulinales",NA,NA,NA,NA,NA,NA,NA,NA,NA,NA,NA,NA,NA,NA,"Eukaryota","Stramenopiles","Ochrophyta","Chrysophyceae",NA,NA,NA,NA
"Eukaryota","Stramenopiles","Raphidophyceae","Chattonellales",NA,NA,NA,NA,NA,NA,NA,NA,NA,NA,NA,NA,NA,NA,"Eukaryota","Stramenopiles","Ochrophyta","Raphidophyceae",NA,NA,NA,NA
"Eukaryota","Stramenopiles","Chrysophyceae","Chromulinales","Paraphysomonadaceae","Paraphysomonas",NA,NA,NA,NA,NA,NA,NA,NA,NA,NA,NA,NA,"Eukaryota","Stramenopiles","Ochrophyta","Chrysophyceae","Chrysophyceae_X","Chrysophyceae_Clade-F","Paraphysomonas",NA
"Eukaryota","Stramenopiles","Chrysophyceae","Chromulinales","Chromulinaceae",NA,NA,NA,NA,NA,NA,NA,NA,NA,NA,NA,NA,NA,"Eukaryota","Stramenopiles","Ochrophyta","Chrysophyceae",NA,NA,NA,NA
"Eukaryota","Rhizaria","Cercozoa","Imbricatea","Marimonadida","Pseudopirsonia",NA,NA,NA,NA,NA,NA,NA,NA,NA,NA,NA,NA,"Eukaryota","Rhizaria","Cercozoa","Filosa-Imbricatea","Marimonadida","Marimonadida_X","Pseudopirsonia",NA
"Eukaryota","Stramenopiles","Dictyochophyceae","Dictyochales","Dictyocha",NA,NA,NA,NA,NA,NA,NA,NA,NA,NA,NA,NA,NA,"Eukaryota","Stramenopiles","Ochrophyta","Dictyochophyceae","Dictyochophyceae_X","Dictyochales","Dictyocha",NA
"Eukaryota","Opisthokonta","Fungi","Dikarya","Ascomycota","saccharomyceta","Pezizomycotina","leotiomyceta","Eurotiomycetes","Eurotiomycetidae","Eurotiales","Aspergillaceae",NA,NA,NA,NA,NA,NA,"Eukaryota","Opisthokonta","Fungi","Ascomycota","Pezizomycotina","Eurotiomycetes",NA,NA
"Eukaryota","Opisthokonta","Fungi",NA,NA,NA,NA,NA,NA,NA,NA,NA,NA,NA,NA,NA,NA,NA,"Eukaryota","Opisthokonta","Fungi",NA,NA,NA,NA,NA
"Eukaryota","Opisthokonta","Fungi","Dikarya",NA,NA,NA,NA,NA,NA,NA,NA,NA,NA,NA,NA,NA,NA,"Eukaryota","Opisthokonta","Fungi",NA,NA,NA,NA,NA
"Eukaryota","Opisthokonta","Fungi","Dikarya","Ascomycota","saccharomyceta","Saccharomycotina","Saccharomycetes","Saccharomycetales",NA,NA,NA,NA,NA,NA,NA,NA,NA,"Eukaryota","Opisthokonta","Fungi","Ascomycota","Saccharomycotina","Saccharomycetales",NA,NA
"Eukaryota","Stramenopiles","Bacillariophyta","Coscinodiscophyceae","Coscinodiscophycidae","Coscinodiscales",NA,NA,NA,NA,NA,NA,NA,NA,NA,NA,NA,NA,"Eukaryota","Stramenopiles","Ochrophyta","Bacillariophyta","Bacillariophyta_X",NA,NA,NA
"Eukaryota","Stramenopiles","Bacillariophyta","Coscinodiscophyceae","Coscinodiscophycidae","Coscinodiscales","Hemidiscaceae","Actinocyclus",NA,NA,NA,NA,NA,NA,NA,NA,NA,NA,"Eukaryota","Stramenopiles","Ochrophyta","Bacillariophyta","Bacillariophyta_X","Radial-centric-basal-Coscinodiscophyceae","Actinocyclus",NA
"Eukaryota","Stramenopiles","Bicosoecida","Bicosoecidae","Bicosoeca",NA,NA,NA,NA,NA,NA,NA,NA,NA,NA,NA,NA,NA,"Eukaryota","Stramenopiles","Opalozoa","Bicoecea","Bicoecales","Bicoecaceae","Bicosoeca",NA
"Eukaryota","Stramenopiles","Bicosoecida",NA,NA,NA,NA,NA,NA,NA,NA,NA,NA,NA,NA,NA,NA,NA,"Eukaryota","Stramenopiles","Opalozoa","Bicoecea","Borokales","Borokaceae","Bicosoecida",NA
"Eukaryota","Opisthokonta","Metazoa","Eumetazoa","Bilateria","Deuterostomia","Chordata","Tunicata","Appendicularia","Copelata","Oikopleuridae",NA,NA,NA,NA,NA,NA,NA,"Eukaryota","Opisthokonta","Metazoa","Urochordata","Urochordata_X","Appendicularia",NA,NA
"Eukaryota","Stramenopiles","Bacillariophyta","Mediophyceae","Biddulphiophycidae","Biddulphiales","Biddulphiaceae",NA,NA,NA,NA,NA,NA,NA,NA,NA,NA,NA,"Eukaryota","Stramenopiles","Ochrophyta","Bacillariophyta","Bacillariophyta_X","Polar-centric-Mediophyceae",NA,NA
"Eukaryota","Stramenopiles","Bacillariophyta","Mediophyceae","Biddulphiophycidae","Biddulphiales","Biddulphiaceae","Biddulphia",NA,NA,NA,NA,NA,NA,NA,NA,NA,NA,"Eukaryota","Stramenopiles","Ochrophyta","Bacillariophyta","Bacillariophyta_X","Polar-centric-Mediophyceae","Biddulphia",NA
"Eukaryota","Stramenopiles","Bacillariophyta","Bacillariophyceae",NA,NA,NA,NA,NA,NA,NA,NA,NA,NA,NA,NA,NA,NA,"Eukaryota","Stramenopiles","Ochrophyta","Bacillariophyta",NA,NA,NA,NA
"Eukaryota","Viridiplantae","Chlorophyta","Mamiellophyceae","Mamiellales",NA,NA,NA,NA,NA,NA,NA,NA,NA,NA,NA,NA,NA,"Eukaryota","Archaeplastida","Chlorophyta","Mamiellophyceae","Mamiellales",NA,NA,NA
"Eukaryota","Stramenopiles","Bacillariophyta","Coscinodiscophyceae","Coscinodiscophycidae","Melosirales",NA,NA,NA,NA,NA,NA,NA,NA,NA,NA,NA,NA,"Eukaryota","Stramenopiles","Ochrophyta","Bacillariophyta","Bacillariophyta_X",NA,NA,NA
"Eukaryota","Stramenopiles","Bacillariophyta","Coscinodiscophyceae","Coscinodiscophycidae","Melosirales","Stephanopyxidaceae","Stephanopyxis",NA,NA,NA,NA,NA,NA,NA,NA,NA,NA,"Eukaryota","Stramenopiles","Ochrophyta","Bacillariophyta","Bacillariophyta_X","Radial-centric-basal-Coscinodiscophyceae","Stephanopyxis",NA
"Eukaryota","Stramenopiles","Dictyochophyceae","Florenciellales","Pseudochattonella",NA,NA,NA,NA,NA,NA,NA,NA,NA,NA,NA,NA,NA,"Eukaryota","Stramenopiles","Ochrophyta","Dictyochophyceae","Dictyochophyceae_X","Florenciellales","Pseudochattonella",NA
"Eukaryota","Stramenopiles","Dictyochophyceae",NA,NA,NA,NA,NA,NA,NA,NA,NA,NA,NA,NA,NA,NA,NA,"Eukaryota","Stramenopiles","Ochrophyta","Dictyochophyceae",NA,NA,NA,NA
"Eukaryota","Opisthokonta","Metazoa","Eumetazoa","Bilateria","Protostomia","Lophotrochozoa","Rotifera",NA,NA,NA,NA,NA,NA,NA,NA,NA,NA,"Eukaryota","Opisthokonta","Metazoa","Rotifera",NA,NA,NA,NA
"Eukaryota","Opisthokonta","Metazoa","Eumetazoa","Bilateria","Deuterostomia","Echinodermata","Eleutherozoa","Asterozoa","Ophiuroidea",NA,NA,NA,NA,NA,NA,NA,NA,"Eukaryota","Opisthokonta","Metazoa","Echinodermata",NA,NA,NA,NA
"Eukaryota","Opisthokonta","Metazoa","Eumetazoa","Ctenophora","Tentaculata",NA,NA,NA,NA,NA,NA,NA,NA,NA,NA,NA,NA,"Eukaryota","Opisthokonta","Metazoa","Ctenophora",NA,NA,NA,NA
"Eukaryota","Opisthokonta","Metazoa","Eumetazoa","Bilateria","Deuterostomia","Chordata","Craniata","Vertebrata","Gnathostomata","Teleostomi","Euteleostomi",NA,NA,NA,NA,NA,NA,"Eukaryota","Archaeplastida","Rhodophyta","Florideophyceae","Ceramiales","Rhodomelaceae","Vertebrata",NA
"Eukaryota","Opisthokonta","Metazoa","Eumetazoa","Cnidaria","Hydrozoa","Hydroidolina","Siphonophorae",NA,NA,NA,NA,NA,NA,NA,NA,NA,NA,"Eukaryota","Opisthokonta","Metazoa","Cnidaria","Cnidaria_X","Hydrozoa",NA,NA
"Eukaryota","Stramenopiles","Bacillariophyta","Coscinodiscophyceae",NA,NA,NA,NA,NA,NA,NA,NA,NA,NA,NA,NA,NA,NA,"Eukaryota","Stramenopiles","Ochrophyta","Bacillariophyta","Bacillariophyta_X",NA,NA,NA
"Eukaryota","Alveolata","Dinophyceae","Gonyaulacales","Lingulodinium",NA,NA,NA,NA,NA,NA,NA,NA,NA,NA,NA,NA,NA,"Eukaryota","Alveolata","Dinoflagellata","Dinophyceae","Gonyaulacales","Gonyaulacaceae","Lingulodinium",NA
"Eukaryota","Alveolata","Dinophyceae","Noctilucales","Noctilucaceae","Noctiluca",NA,NA,NA,NA,NA,NA,NA,NA,NA,NA,NA,NA,"Eukaryota","Alveolata","Dinoflagellata","Noctilucophyceae","Noctilucales","Noctilucaceae","Noctiluca",NA
"Eukaryota","Alveolata","Dinophyceae","Thoracosphaerales","Thoracosphaeraceae",NA,NA,NA,NA,NA,NA,NA,NA,NA,NA,NA,NA,NA,"Eukaryota","Alveolata","Dinoflagellata","Dinophyceae","Peridiniales","Thoracosphaeraceae",NA,NA
"Eukaryota","Alveolata","Dinophyceae","Gymnodiniales","Gymnodiniaceae","Paragymnodinium",NA,NA,NA,NA,NA,NA,NA,NA,NA,NA,NA,NA,"Eukaryota","Alveolata","Dinoflagellata","Dinophyceae","Gymnodiniales","Gymnodiniaceae","Paragymnodinium",NA
"Eukaryota","Opisthokonta","Metazoa","Eumetazoa","Bilateria","Protostomia","Lophotrochozoa","Mollusca","Bivalvia","Pteriomorphia","Mytiloida",NA,NA,NA,NA,NA,NA,NA,"Eukaryota","Opisthokonta","Metazoa","Mollusca","Bivalvia","Mytiloida",NA,NA
"Eukaryota","Viridiplantae","Chlorophyta","Chlorophyceae",NA,NA,NA,NA,NA,NA,NA,NA,NA,NA,NA,NA,NA,NA,"Eukaryota","Archaeplastida","Chlorophyta","Chlorophyceae",NA,NA,NA,NA
"Eukaryota","Alveolata","Ciliophora","Intramacronucleata","Spirotrichea",NA,NA,NA,NA,NA,NA,NA,NA,NA,NA,NA,NA,NA,"Eukaryota","Alveolata","Ciliophora","Spirotrichea",NA,NA,NA,NA
"Eukaryota","Opisthokonta","Metazoa","Eumetazoa","Bilateria","Protostomia","Ecdysozoa","Panarthropoda","Arthropoda","Mandibulata","Pancrustacea","Crustacea","Branchiopoda","Phyllopoda","Diplostraca",NA,NA,NA,"Eukaryota","Opisthokonta","Metazoa","Arthropoda","Crustacea","Branchiopoda",NA,NA
"Eukaryota","Alveolata","Dinophyceae","Peridiniales","Protoperidiniaceae","Protoperidinium",NA,NA,NA,NA,NA,NA,NA,NA,NA,NA,NA,NA,"Eukaryota","Alveolata","Dinoflagellata","Dinophyceae","Peridiniales","Protoperidiniaceae","Protoperidinium",NA
"Eukaryota","Haptista","Haptophyta","Prymnesiophyceae","Prymnesiales",NA,NA,NA,NA,NA,NA,NA,NA,NA,NA,NA,NA,NA,"Eukaryota","Hacrobia","Haptophyta","Prymnesiophyceae","Prymnesiales",NA,NA,NA
"Eukaryota","Alveolata","Dinophyceae","Gonyaulacales","Gonyaulacaceae","Alexandrium",NA,NA,NA,NA,NA,NA,NA,NA,NA,NA,NA,NA,"Eukaryota","Alveolata","Dinoflagellata","Dinophyceae","Gonyaulacales","Goniodomataceae","Alexandrium",NA
"Eukaryota","Alveolata","Dinophyceae","Gymnodiniales",NA,NA,NA,NA,NA,NA,NA,NA,NA,NA,NA,NA,NA,NA,"Eukaryota","Alveolata","Dinoflagellata","Dinophyceae","Gymnodiniales",NA,NA,NA
"Eukaryota","Alveolata","Dinophyceae","Suessiales","Suessiaceae",NA,NA,NA,NA,NA,NA,NA,NA,NA,NA,NA,NA,NA,"Eukaryota","Alveolata","Dinoflagellata","Dinophyceae","Suessiales","Suessiaceae",NA,NA
"Eukaryota","Alveolata","Dinophyceae","Lophodiniales","Lophodiniaceae","Woloszynskia",NA,NA,NA,NA,NA,NA,NA,NA,NA,NA,NA,NA,"Eukaryota","Alveolata","Dinoflagellata","Dinophyceae","Dinophyceae_X","Tovelliaceae","Woloszynskia",NA
"Eukaryota","Opisthokonta","Fungi","Dikarya","Ascomycota","saccharomyceta","Pezizomycotina","leotiomyceta",NA,NA,NA,NA,NA,NA,NA,NA,NA,NA,"Eukaryota","Opisthokonta","Fungi","Ascomycota","Pezizomycotina",NA,NA,NA
"Eukaryota","Opisthokonta","Metazoa","Eumetazoa","Bilateria","Protostomia","Lophotrochozoa","Mollusca","Gastropoda","Heterobranchia",NA,NA,NA,NA,NA,NA,NA,NA,"Eukaryota","Opisthokonta","Metazoa","Mollusca","Gastropoda","Heterobranchia",NA,NA
"Eukaryota","Rhizaria","Cercozoa","Granofilosea",NA,NA,NA,NA,NA,NA,NA,NA,NA,NA,NA,NA,NA,NA,"Eukaryota","Rhizaria","Cercozoa","Filosa-Granofilosea",NA,NA,NA,NA
"Eukaryota","Opisthokonta","Metazoa","Eumetazoa","Bilateria","Protostomia","Lophotrochozoa","Nemertea","Pilidiophora","Heteronemertea",NA,NA,NA,NA,NA,NA,NA,NA,"Eukaryota","Opisthokonta","Metazoa","Nemertea",NA,NA,NA,NA
"Eukaryota","Opisthokonta","Metazoa","Eumetazoa","Bilateria","Protostomia","Lophotrochozoa","Nemertea",NA,NA,NA,NA,NA,NA,NA,NA,NA,NA,"Eukaryota","Opisthokonta","Metazoa","Nemertea",NA,NA,NA,NA
"Eukaryota","Opisthokonta","Metazoa","Eumetazoa","Bilateria","Protostomia","Lophotrochozoa",NA,NA,NA,NA,NA,NA,NA,NA,NA,NA,NA,"Eukaryota","Opisthokonta","Metazoa",NA,NA,NA,NA,NA
"Eukaryota","Opisthokonta","Metazoa","Eumetazoa","Bilateria","Deuterostomia",NA,NA,NA,NA,NA,NA,NA,NA,NA,NA,NA,NA,"Eukaryota","Opisthokonta","Metazoa",NA,NA,NA,NA,NA
"Eukaryota","Opisthokonta","Metazoa","Eumetazoa","Bilateria","Deuterostomia","Chordata",NA,NA,NA,NA,NA,NA,NA,NA,NA,NA,NA,"Eukaryota","Opisthokonta","Metazoa",NA,NA,NA,NA,NA
"Eukaryota","Opisthokonta","Fungi","Dikarya","Basidiomycota","Ustilaginomycotina","Malasseziomycetes","Malasseziales","Malasseziaceae","Malassezia",NA,NA,NA,NA,NA,NA,NA,NA,"Eukaryota","Opisthokonta","Fungi","Basidiomycota","Ustilaginomycotina","Exobasidiomycetes","Malassezia",NA
"Eukaryota","Opisthokonta","Metazoa","Eumetazoa","Bilateria","Deuterostomia","Echinodermata","Eleutherozoa","Echinozoa",NA,NA,NA,NA,NA,NA,NA,NA,NA,"Eukaryota","Opisthokonta","Metazoa","Echinodermata",NA,NA,NA,NA
"Eukaryota","Opisthokonta","Metazoa","Eumetazoa","Cnidaria","Hydrozoa","Trachylinae","Trachymedusae",NA,NA,NA,NA,NA,NA,NA,NA,NA,NA,"Eukaryota","Opisthokonta","Metazoa","Cnidaria","Cnidaria_X","Hydrozoa",NA,NA
"Eukaryota","Opisthokonta","Choanoflagellata","Acanthoecida","Stephanoecidae","Diaphanoeca",NA,NA,NA,NA,NA,NA,NA,NA,NA,NA,NA,NA,"Eukaryota","Opisthokonta","Choanoflagellida","Choanoflagellatea","Acanthoecida","Stephanoecidae_Group_H","Diaphanoeca",NA
"Eukaryota","Opisthokonta","Metazoa","Eumetazoa","Bilateria","Protostomia","Lophotrochozoa","Annelida","Polychaeta","Scolecida",NA,NA,NA,NA,NA,NA,NA,NA,"Eukaryota","Opisthokonta","Metazoa","Annelida",NA,NA,NA,NA
"Eukaryota","Alveolata","Ciliophora","Intramacronucleata","Spirotrichea","Choreotrichia",NA,NA,NA,NA,NA,NA,NA,NA,NA,NA,NA,NA,"Eukaryota","Alveolata","Ciliophora","Spirotrichea",NA,NA,NA,NA
"Eukaryota","Opisthokonta","Metazoa","Eumetazoa","Bilateria","Protostomia","Lophotrochozoa","Mollusca","Bivalvia",NA,NA,NA,NA,NA,NA,NA,NA,NA,"Eukaryota","Opisthokonta","Metazoa","Mollusca","Bivalvia",NA,NA,NA
"Eukaryota","Opisthokonta","Metazoa","Eumetazoa","Bilateria","Protostomia","Lophotrochozoa","Mollusca","Bivalvia","Heterodonta","Euheterodonta",NA,NA,NA,NA,NA,NA,NA,"Eukaryota","Opisthokonta","Metazoa","Mollusca","Bivalvia","Heteroconchia",NA,NA
"Eukaryota","Opisthokonta","Metazoa",NA,NA,NA,NA,NA,NA,NA,NA,NA,NA,NA,NA,NA,NA,NA,"Eukaryota","Opisthokonta","Metazoa",NA,NA,NA,NA,NA
"Eukaryota","Opisthokonta","Metazoa","Eumetazoa","Bilateria","Protostomia","Lophotrochozoa","Annelida",NA,NA,NA,NA,NA,NA,NA,NA,NA,NA,"Eukaryota","Opisthokonta","Metazoa","Annelida",NA,NA,NA,NA
"Eukaryota","Opisthokonta","Metazoa","Eumetazoa","Bilateria","Protostomia","Lophotrochozoa","Annelida","Polychaeta",NA,NA,NA,NA,NA,NA,NA,NA,NA,"Eukaryota","Opisthokonta","Metazoa","Annelida",NA,NA,NA,NA
"Eukaryota","Opisthokonta","Metazoa","Eumetazoa","Bilateria","Protostomia","Lophotrochozoa","Annelida","Polychaeta","Scolecida","Terebellida",NA,NA,NA,NA,NA,NA,NA,"Eukaryota","Opisthokonta","Metazoa","Annelida","Annelida_X","Annelida_XX","Terebellidae",NA
"Eukaryota","Opisthokonta","Metazoa","Eumetazoa","Bilateria","Protostomia","Ecdysozoa","Panarthropoda","Arthropoda","Mandibulata","Pancrustacea","Hexapoda","Insecta","Dicondylia","Pterygota","Neoptera","Holometabola",NA,"Eukaryota","Opisthokonta","Metazoa","Arthropoda","Hexapoda","Insecta",NA,NA
"Eukaryota","Opisthokonta","Metazoa","Porifera",NA,NA,NA,NA,NA,NA,NA,NA,NA,NA,NA,NA,NA,NA,"Eukaryota","Opisthokonta","Metazoa","Porifera",NA,NA,NA,NA
"Eukaryota","Opisthokonta","Metazoa","Eumetazoa","Bilateria","Protostomia","Lophotrochozoa","Mollusca","Bivalvia","Pteriomorphia",NA,NA,NA,NA,NA,NA,NA,NA,"Eukaryota","Opisthokonta","Metazoa","Mollusca","Bivalvia",NA,NA,NA
"Eukaryota","Opisthokonta","Fungi","Dikarya","Basidiomycota","Agaricomycotina","Agaricomycetes",NA,NA,NA,NA,NA,NA,NA,NA,NA,NA,NA,"Eukaryota","Opisthokonta","Fungi","Basidiomycota","Agaricomycotina","Agaricomycetes",NA,NA
"Eukaryota","Opisthokonta","Metazoa","Eumetazoa","Bilateria","Deuterostomia","Chordata","Tunicata",NA,NA,NA,NA,NA,NA,NA,NA,NA,NA,"Eukaryota","Opisthokonta","Metazoa","Urochordata",NA,NA,NA,NA
"Eukaryota","Opisthokonta","Metazoa","Eumetazoa","Bilateria","Protostomia","Lophotrochozoa","Annelida","Polychaeta","Palpata",NA,NA,NA,NA,NA,NA,NA,NA,"Eukaryota","Opisthokonta","Metazoa","Annelida",NA,NA,NA,NA
"Eukaryota","Opisthokonta","Metazoa","Eumetazoa",NA,NA,NA,NA,NA,NA,NA,NA,NA,NA,NA,NA,NA,NA,"Eukaryota","Opisthokonta","Metazoa",NA,NA,NA,NA,NA
"Eukaryota","Opisthokonta","Metazoa","Eumetazoa","Cnidaria",NA,NA,NA,NA,NA,NA,NA,NA,NA,NA,NA,NA,NA,"Eukaryota","Opisthokonta","Metazoa","Cnidaria",NA,NA,NA,NA
"Eukaryota","Opisthokonta","Metazoa","Eumetazoa","Cnidaria","Hydrozoa","Hydroidolina","Leptothecata",NA,NA,NA,NA,NA,NA,NA,NA,NA,NA,"Eukaryota","Opisthokonta","Metazoa","Cnidaria","Cnidaria_X","Hydrozoa",NA,NA
"Eukaryota","Opisthokonta","Metazoa","Eumetazoa","Bilateria","Protostomia",NA,NA,NA,NA,NA,NA,NA,NA,NA,NA,NA,NA,"Eukaryota","Opisthokonta","Metazoa",NA,NA,NA,NA,NA
"Eukaryota","Opisthokonta","Metazoa","Eumetazoa","Cnidaria","Hydrozoa","Hydroidolina","Anthoathecata",NA,NA,NA,NA,NA,NA,NA,NA,NA,NA,"Eukaryota","Opisthokonta","Metazoa","Cnidaria","Cnidaria_X","Hydrozoa",NA,NA
"Eukaryota","Haptista","Haptophyta","Prymnesiophyceae","Prymnesiales","Chrysochromulinaceae","Chrysochromulina",NA,NA,NA,NA,NA,NA,NA,NA,NA,NA,NA,"Eukaryota","Hacrobia","Haptophyta","Prymnesiophyceae","Prymnesiales","Chrysochromulinaceae","Chrysochromulina",NA
"Eukaryota","Opisthokonta","Metazoa","Eumetazoa","Bilateria","Protostomia","Ecdysozoa","Panarthropoda","Arthropoda","Mandibulata","Pancrustacea","Hexapoda","Insecta",NA,NA,NA,NA,NA,"Eukaryota","Opisthokonta","Metazoa","Arthropoda","Hexapoda","Insecta",NA,NA
"Eukaryota","Opisthokonta","Metazoa","Eumetazoa","Bilateria","Protostomia","Ecdysozoa","Panarthropoda","Arthropoda","Mandibulata","Pancrustacea",NA,NA,NA,NA,NA,NA,NA,"Eukaryota","Opisthokonta","Metazoa","Arthropoda",NA,NA,NA,NA
"Eukaryota","Opisthokonta","Metazoa","Eumetazoa","Bilateria","Protostomia","Ecdysozoa","Panarthropoda","Arthropoda","Mandibulata","Pancrustacea","Hexapoda","Insecta","Dicondylia",NA,NA,NA,NA,"Eukaryota","Opisthokonta","Metazoa","Arthropoda","Hexapoda","Insecta",NA,NA
"Eukaryota","Opisthokonta","Metazoa","Eumetazoa","Bilateria","Protostomia","Ecdysozoa","Panarthropoda","Arthropoda","Mandibulata","Pancrustacea","Hexapoda","Insecta","Dicondylia","Pterygota","Neoptera",NA,NA,"Eukaryota","Opisthokonta","Metazoa","Arthropoda","Hexapoda","Insecta",NA,NA
"Eukaryota","Opisthokonta","Metazoa","Eumetazoa","Bilateria","Protostomia","Ecdysozoa","Panarthropoda","Arthropoda","Mandibulata",NA,NA,NA,NA,NA,NA,NA,NA,"Eukaryota","Opisthokonta","Metazoa","Arthropoda",NA,NA,NA,NA
"Eukaryota","Opisthokonta","Metazoa","Eumetazoa","Bilateria","Protostomia","Ecdysozoa",NA,NA,NA,NA,NA,NA,NA,NA,NA,NA,NA,"Eukaryota","Opisthokonta","Metazoa",NA,NA,NA,NA,NA
"Eukaryota","Opisthokonta","Fungi","Dikarya","Basidiomycota","Agaricomycotina","Tremellomycetes","Filobasidiales",NA,NA,NA,NA,NA,NA,NA,NA,NA,NA,"Eukaryota","Opisthokonta","Fungi","Basidiomycota","Agaricomycotina","Tremellomycetes",NA,NA
"Eukaryota","Opisthokonta","Fungi","Dikarya","Ascomycota","saccharomyceta","Pezizomycotina","leotiomyceta","dothideomyceta","Dothideomycetes",NA,NA,NA,NA,NA,NA,NA,NA,"Eukaryota","Opisthokonta","Fungi","Ascomycota","Pezizomycotina","Dothideomycetes",NA,NA
"Eukaryota","Opisthokonta","Fungi","Dikarya","Ascomycota","saccharomyceta","Pezizomycotina",NA,NA,NA,NA,NA,NA,NA,NA,NA,NA,NA,"Eukaryota","Opisthokonta","Fungi","Ascomycota","Pezizomycotina",NA,NA,NA
"Eukaryota","Opisthokonta","Fungi","Dikarya","Ascomycota","saccharomyceta","Pezizomycotina","leotiomyceta","Eurotiomycetes",NA,NA,NA,NA,NA,NA,NA,NA,NA,"Eukaryota","Opisthokonta","Fungi","Ascomycota","Pezizomycotina","Eurotiomycetes",NA,NA
"Eukaryota","Opisthokonta","Fungi","Dikarya","Ascomycota","saccharomyceta","Pezizomycotina","leotiomyceta","Eurotiomycetes","Eurotiomycetidae","Eurotiales",NA,NA,NA,NA,NA,NA,NA,"Eukaryota","Opisthokonta","Fungi","Ascomycota","Pezizomycotina","Eurotiomycetes",NA,NA
"Eukaryota","Opisthokonta","Fungi","Fungi incertae sedis",NA,NA,NA,NA,NA,NA,NA,NA,NA,NA,NA,NA,NA,NA,"Eukaryota","Opisthokonta","Fungi",NA,NA,NA,NA,NA
"Eukaryota","Opisthokonta","Fungi","Fungi incertae sedis","Chytridiomycota",NA,NA,NA,NA,NA,NA,NA,NA,NA,NA,NA,NA,NA,"Eukaryota","Opisthokonta","Fungi","Chytridiomycota",NA,NA,NA,NA
"Eukaryota","Opisthokonta","Fungi","Fungi incertae sedis","Chytridiomycota","Chytridiomycetes",NA,NA,NA,NA,NA,NA,NA,NA,NA,NA,NA,NA,"Eukaryota","Opisthokonta","Fungi","Chytridiomycota","Chytridiomycotina","Chytridiomycetes",NA,NA
"Eukaryota","Opisthokonta","Fungi","Dikarya","Basidiomycota","Agaricomycotina",NA,NA,NA,NA,NA,NA,NA,NA,NA,NA,NA,NA,"Eukaryota","Opisthokonta","Fungi","Basidiomycota","Agaricomycotina",NA,NA,NA
"Eukaryota","Opisthokonta","Fungi","Dikarya","Basidiomycota",NA,NA,NA,NA,NA,NA,NA,NA,NA,NA,NA,NA,NA,"Eukaryota","Opisthokonta","Fungi","Basidiomycota",NA,NA,NA,NA
"Eukaryota","Opisthokonta","Fungi","Dikarya","Basidiomycota","Ustilaginomycotina",NA,NA,NA,NA,NA,NA,NA,NA,NA,NA,NA,NA,"Eukaryota","Opisthokonta","Fungi","Basidiomycota","Ustilaginomycotina",NA,NA,NA
"Eukaryota","Opisthokonta","Choanoflagellata",NA,NA,NA,NA,NA,NA,NA,NA,NA,NA,NA,NA,NA,NA,NA,"Eukaryota","Opisthokonta",NA,NA,NA,NA,NA,NA
"Eukaryota","Opisthokonta","Metazoa","Eumetazoa","Bilateria","Deuterostomia","Echinodermata","Eleutherozoa","Asterozoa",NA,NA,NA,NA,NA,NA,NA,NA,NA,"Eukaryota","Opisthokonta","Metazoa","Echinodermata",NA,NA,NA,NA
"Eukaryota","Opisthokonta","Metazoa","Eumetazoa","Bilateria","Protostomia","Lophotrochozoa","Annelida","Polychaeta","Palpata","Aciculata",NA,NA,NA,NA,NA,NA,NA,"Eukaryota","Opisthokonta","Metazoa","Annelida",NA,NA,NA,NA
"Eukaryota","Opisthokonta","Metazoa","Eumetazoa","Ctenophora",NA,NA,NA,NA,NA,NA,NA,NA,NA,NA,NA,NA,NA,"Eukaryota","Opisthokonta","Metazoa","Ctenophora",NA,NA,NA,NA
"Eukaryota","Opisthokonta","Metazoa","Eumetazoa","Bilateria","Protostomia","Lophotrochozoa","Mollusca",NA,NA,NA,NA,NA,NA,NA,NA,NA,NA,"Eukaryota","Opisthokonta","Metazoa","Mollusca",NA,NA,NA,NA
"Eukaryota","Opisthokonta","Metazoa","Eumetazoa","Bilateria","Deuterostomia","Chordata","Tunicata","Thaliacea","Salpida",NA,NA,NA,NA,NA,NA,NA,NA,"Eukaryota","Opisthokonta","Metazoa","Urochordata",NA,NA,NA,NA
"Eukaryota","Opisthokonta","Metazoa","Eumetazoa","Bilateria","Deuterostomia","Chordata","Tunicata","Thaliacea",NA,NA,NA,NA,NA,NA,NA,NA,NA,"Eukaryota","Opisthokonta","Metazoa","Urochordata",NA,NA,NA,NA
"Eukaryota","Alveolata","Ciliophora","Intramacronucleata","Prostomatea",NA,NA,NA,NA,NA,NA,NA,NA,NA,NA,NA,NA,NA,"Eukaryota","Alveolata","Ciliophora",NA,NA,NA,NA,NA
"Eukaryota","Alveolata","Ciliophora","Intramacronucleata",NA,NA,NA,NA,NA,NA,NA,NA,NA,NA,NA,NA,NA,NA,"Eukaryota","Alveolata","Ciliophora",NA,NA,NA,NA,NA
"Eukaryota","Alveolata","Ciliophora","Intramacronucleata","Spirotrichea","Oligotrichia","Tontoniidae","Spirotontonia",NA,NA,NA,NA,NA,NA,NA,NA,NA,NA,"Eukaryota","Alveolata","Ciliophora","Spirotrichea","Strombidiida","Tontoniidae_A","Spirotontonia",NA
"Eukaryota","Opisthokonta","Metazoa","Eumetazoa","Bilateria","Deuterostomia","Chordata","Craniata","Vertebrata","Gnathostomata",NA,NA,NA,NA,NA,NA,NA,NA,"Eukaryota","Archaeplastida","Rhodophyta","Florideophyceae","Ceramiales","Rhodomelaceae","Vertebrata",NA
"Eukaryota","Opisthokonta","Metazoa","Eumetazoa","Bilateria","Deuterostomia","Chordata","Craniata","Vertebrata",NA,NA,NA,NA,NA,NA,NA,NA,NA,"Eukaryota","Archaeplastida","Rhodophyta","Florideophyceae","Ceramiales","Rhodomelaceae","Vertebrata",NA
"Eukaryota","Alveolata","Ciliophora","Intramacronucleata","Spirotrichea","Choreotrichia","Tintinnida",NA,NA,NA,NA,NA,NA,NA,NA,NA,NA,NA,"Eukaryota","Alveolata","Ciliophora","Spirotrichea","Tintinnida",NA,NA,NA
"Eukaryota","Alveolata","Ciliophora","Intramacronucleata","Oligohymenophorea","Scuticociliatia","Philasterida","Pseudocohnilembidae","Pseudocohnilembus",NA,NA,NA,NA,NA,NA,NA,NA,NA,"Eukaryota","Alveolata","Ciliophora","Oligohymenophorea","Scuticociliatia_1","Pseudocohnilembidae","Pseudocohnilembus",NA
"Eukaryota","Haptista","Haptophyta","Prymnesiophyceae",NA,NA,NA,NA,NA,NA,NA,NA,NA,NA,NA,NA,NA,NA,"Eukaryota","Hacrobia","Haptophyta","Prymnesiophyceae",NA,NA,NA,NA
"Eukaryota","Opisthokonta","Metazoa","Eumetazoa","Bilateria","Protostomia","Ecdysozoa","Panarthropoda","Arthropoda","Mandibulata","Pancrustacea","Crustacea",NA,NA,NA,NA,NA,NA,"Eukaryota","Opisthokonta","Metazoa","Arthropoda","Crustacea",NA,NA,NA
"Eukaryota","Opisthokonta","Fungi","Fungi incertae sedis","Chytridiomycota","Chytridiomycetes","Rhizophydiales",NA,NA,NA,NA,NA,NA,NA,NA,NA,NA,NA,"Eukaryota","Opisthokonta","Fungi","Chytridiomycota","Chytridiomycotina","Chytridiomycetes","Rhizophydiales",NA
"Eukaryota","Alveolata","Ciliophora","Intramacronucleata","Spirotrichea","Choreotrichia","Choreotrichida","Strobilidiidae","Pelagostrobilidium",NA,NA,NA,NA,NA,NA,NA,NA,NA,"Eukaryota","Alveolata","Ciliophora","Spirotrichea","Choreotrichida","Strobilidiidae_I","Pelagostrobilidium",NA
"Eukaryota","Alveolata","Ciliophora","Intramacronucleata","Spirotrichea","Oligotrichia","Strombidiidae","Strombidium",NA,NA,NA,NA,NA,NA,NA,NA,NA,NA,"Eukaryota","Alveolata","Ciliophora","Spirotrichea","Strombidiida","Strombidiidae","Strombidium",NA
"Eukaryota","Alveolata","Ciliophora","Intramacronucleata","Oligohymenophorea",NA,NA,NA,NA,NA,NA,NA,NA,NA,NA,NA,NA,NA,"Eukaryota","Alveolata","Ciliophora","Oligohymenophorea",NA,NA,NA,NA
"Eukaryota","Haptista","Haptophyta","Prymnesiophyceae","Isochrysidales",NA,NA,NA,NA,NA,NA,NA,NA,NA,NA,NA,NA,NA,"Eukaryota","Hacrobia","Haptophyta","Prymnesiophyceae","Isochrysidales",NA,NA,NA
"Eukaryota","Haptista","Haptophyta",NA,NA,NA,NA,NA,NA,NA,NA,NA,NA,NA,NA,NA,NA,NA,"Eukaryota","Hacrobia","Haptophyta",NA,NA,NA,NA,NA
"Eukaryota","Alveolata","Ciliophora","Intramacronucleata","Phyllopharyngea",NA,NA,NA,NA,NA,NA,NA,NA,NA,NA,NA,NA,NA,"Eukaryota","Alveolata","Ciliophora","Phyllopharyngea",NA,NA,NA,NA
"Eukaryota","Alveolata","Dinophyceae","Gonyaulacales","Gonyaulacaceae",NA,NA,NA,NA,NA,NA,NA,NA,NA,NA,NA,NA,NA,"Eukaryota","Alveolata","Dinoflagellata","Dinophyceae","Gonyaulacales","Gonyaulacaceae",NA,NA
"Eukaryota","Alveolata","Ciliophora","Intramacronucleata","Spirotrichea","Hypotrichia",NA,NA,NA,NA,NA,NA,NA,NA,NA,NA,NA,NA,"Eukaryota","Alveolata","Ciliophora","Spirotrichea","Hypotrichia",NA,NA,NA
"Eukaryota","Alveolata","Dinophyceae","Gonyaulacales","Ceratiaceae","Neoceratium",NA,NA,NA,NA,NA,NA,NA,NA,NA,NA,NA,NA,"Eukaryota","Alveolata","Dinoflagellata","Dinophyceae","Gonyaulacales","Ceratiaceae","Neoceratium",NA
"Eukaryota","Alveolata","Dinophyceae","Peridiniales","Heterocapsaceae","Heterocapsa",NA,NA,NA,NA,NA,NA,NA,NA,NA,NA,NA,NA,"Eukaryota","Alveolata","Dinoflagellata","Dinophyceae","Peridiniales","Heterocapsaceae","Heterocapsa",NA
"Eukaryota","Viridiplantae","Chlorophyta","Trebouxiophyceae",NA,NA,NA,NA,NA,NA,NA,NA,NA,NA,NA,NA,NA,NA,"Eukaryota","Archaeplastida","Chlorophyta","Trebouxiophyceae",NA,NA,NA,NA
"Eukaryota","Viridiplantae","Chlorophyta","Pedinophyceae","Pedinomonadales","Pedinomonadaceae","Pedinomonas",NA,NA,NA,NA,NA,NA,NA,NA,NA,NA,NA,"Eukaryota","Archaeplastida","Chlorophyta","Pedinophyceae","Pedinomonadales","Pedinomonadaceae","Pedinomonas",NA
"Eukaryota","Alveolata","Ciliophora","Intramacronucleata","Spirotrichea","Choreotrichia","Choreotrichida","Strobilidiidae","Rimostrombidium",NA,NA,NA,NA,NA,NA,NA,NA,NA,"Eukaryota","Alveolata","Ciliophora","Spirotrichea","Choreotrichida","Strobilidiidae",NA,NA
"Eukaryota","Alveolata","Dinophyceae","Gonyaulacales","Gonyaulacaceae","Gonyaulax",NA,NA,NA,NA,NA,NA,NA,NA,NA,NA,NA,NA,"Eukaryota","Alveolata","Dinoflagellata","Dinophyceae","Gonyaulacales","Gonyaulacaceae","Gonyaulax",NA
"Eukaryota","Alveolata","Dinophyceae","Gymnodiniales","Gymnodiniaceae",NA,NA,NA,NA,NA,NA,NA,NA,NA,NA,NA,NA,NA,"Eukaryota","Alveolata","Dinoflagellata","Dinophyceae","Gymnodiniales","Gymnodiniaceae",NA,NA
"Eukaryota","Viridiplantae","Streptophyta",NA,NA,NA,NA,NA,NA,NA,NA,NA,NA,NA,NA,NA,NA,NA,"Eukaryota","Archaeplastida","Streptophyta",NA,NA,NA,NA,NA
"Eukaryota","Viridiplantae","Chlorophyta","Palmophyllophyceae","Prasinococcales","Prasinococcaceae","Prasinoderma",NA,NA,NA,NA,NA,NA,NA,NA,NA,NA,NA,"Eukaryota","Archaeplastida","Chlorophyta","Palmophyllophyceae","Prasinococcales","Prasinococcales-Clade-B","Prasinoderma",NA
"Eukaryota","Viridiplantae","Chlorophyta","Mamiellophyceae","Mamiellales","Mamiellaceae",NA,NA,NA,NA,NA,NA,NA,NA,NA,NA,NA,NA,"Eukaryota","Archaeplastida","Chlorophyta","Mamiellophyceae","Mamiellales","Mamiellaceae",NA,NA
"Eukaryota","Viridiplantae","Chlorophyta","Mamiellophyceae","Mamiellales","Mamiellaceae","Mamiella",NA,NA,NA,NA,NA,NA,NA,NA,NA,NA,NA,"Eukaryota","Archaeplastida","Chlorophyta","Mamiellophyceae","Mamiellales","Mamiellaceae","Mamiella",NA
"Eukaryota","Viridiplantae","Chlorophyta","Mamiellophyceae","Dolichomastigales","Dolichomastigaceae","Dolichomastix",NA,NA,NA,NA,NA,NA,NA,NA,NA,NA,NA,"Eukaryota","Archaeplastida","Chlorophyta","Mamiellophyceae","Dolichomastigales","Dolichomastigaceae","Dolichomastix",NA
"Eukaryota","Viridiplantae","Chlorophyta","Mamiellophyceae",NA,NA,NA,NA,NA,NA,NA,NA,NA,NA,NA,NA,NA,NA,"Eukaryota","Archaeplastida","Chlorophyta","Mamiellophyceae",NA,NA,NA,NA
"Eukaryota","Rhodophyta","Florideophyceae","Rhodymeniophycidae",NA,NA,NA,NA,NA,NA,NA,NA,NA,NA,NA,NA,NA,NA,"Eukaryota","Archaeplastida","Rhodophyta","Florideophyceae",NA,NA,NA,NA
"Eukaryota","Viridiplantae","Streptophyta","Streptophytina",NA,NA,NA,NA,NA,NA,NA,NA,NA,NA,NA,NA,NA,NA,"Eukaryota","Archaeplastida","Streptophyta",NA,NA,NA,NA,NA
"Eukaryota","Alveolata","Dinophyceae","Dinophysiales","Dinophysiaceae",NA,NA,NA,NA,NA,NA,NA,NA,NA,NA,NA,NA,NA,"Eukaryota","Alveolata","Dinoflagellata","Dinophyceae","Dinophysiales","Dinophysiaceae",NA,NA
"Eukaryota","Alveolata","Dinophyceae","Syndiniales","Syndiniaceae","Hematodinium",NA,NA,NA,NA,NA,NA,NA,NA,NA,NA,NA,NA,"Eukaryota","Alveolata","Dinoflagellata","Syndiniales","Dino-Group-IV","Dino-Group-IV-Hematodinium-Group","Hematodinium",NA
"Eukaryota","Alveolata","Dinophyceae","Noctilucales",NA,NA,NA,NA,NA,NA,NA,NA,NA,NA,NA,NA,NA,NA,"Eukaryota","Alveolata","Dinoflagellata","Noctilucophyceae","Noctilucales",NA,NA,NA
"Eukaryota","Alveolata","Dinophyceae","Gymnodiniales","Gymnodiniaceae","Akashiwo",NA,NA,NA,NA,NA,NA,NA,NA,NA,NA,NA,NA,"Eukaryota","Alveolata","Dinoflagellata","Dinophyceae","Gymnodiniales","Gymnodiniaceae","Akashiwo",NA
"Eukaryota","Alveolata","Dinophyceae","Syndiniales","Syndiniaceae",NA,NA,NA,NA,NA,NA,NA,NA,NA,NA,NA,NA,NA,"Eukaryota","Alveolata","Dinoflagellata","Syndiniales",NA,NA,NA,NA
"Eukaryota","Alveolata","Dinophyceae","Peridiniales","Protoperidiniaceae",NA,NA,NA,NA,NA,NA,NA,NA,NA,NA,NA,NA,NA,"Eukaryota","Alveolata","Dinoflagellata","Dinophyceae","Peridiniales","Protoperidiniaceae",NA,NA
"Eukaryota","Alveolata","Dinophyceae","Gonyaulacales",NA,NA,NA,NA,NA,NA,NA,NA,NA,NA,NA,NA,NA,NA,"Eukaryota","Alveolata","Dinoflagellata","Dinophyceae","Gonyaulacales",NA,NA,NA
"Eukaryota","Rhodophyta","Florideophyceae",NA,NA,NA,NA,NA,NA,NA,NA,NA,NA,NA,NA,NA,NA,NA,"Eukaryota","Archaeplastida","Rhodophyta","Florideophyceae",NA,NA,NA,NA
"Eukaryota","Alveolata","Dinophyceae","Blastodiniales",NA,NA,NA,NA,NA,NA,NA,NA,NA,NA,NA,NA,NA,NA,"Eukaryota","Alveolata","Dinoflagellata","Dinophyceae",NA,NA,NA,NA
"Eukaryota","Alveolata","Ciliophora","Intramacronucleata","Oligohymenophorea","Scuticociliatia","Philasterida",NA,NA,NA,NA,NA,NA,NA,NA,NA,NA,NA,"Eukaryota","Alveolata","Ciliophora","Oligohymenophorea","Scuticociliatia_1","Philasterida",NA,NA
"Eukaryota","Alveolata","Ciliophora","Intramacronucleata","Spirotrichea","Choreotrichia","Tintinnida","Tintinnidae",NA,NA,NA,NA,NA,NA,NA,NA,NA,NA,"Eukaryota","Alveolata","Ciliophora","Spirotrichea","Tintinnida","Tintinnidae",NA,NA
"Eukaryota","Alveolata","Ciliophora",NA,NA,NA,NA,NA,NA,NA,NA,NA,NA,NA,NA,NA,NA,NA,"Eukaryota","Alveolata","Ciliophora",NA,NA,NA,NA,NA
"Eukaryota","Alveolata","Ciliophora","Intramacronucleata","Spirotrichea","Choreotrichia","Choreotrichida","Strombidinopsidae","Strombidinopsis",NA,NA,NA,NA,NA,NA,NA,NA,NA,"Eukaryota","Alveolata","Ciliophora","Spirotrichea","Choreotrichida","Strombidinopsidae","Strombidinopsis",NA
"Eukaryota","Alveolata","Ciliophora","Intramacronucleata","Spirotrichea","Oligotrichia","Strombidiidae",NA,NA,NA,NA,NA,NA,NA,NA,NA,NA,NA,"Eukaryota","Alveolata","Ciliophora","Spirotrichea","Strombidiida","Strombidiidae",NA,NA
"Eukaryota","Alveolata","Ciliophora","Intramacronucleata","Spirotrichea","Oligotrichia","Tontoniidae",NA,NA,NA,NA,NA,NA,NA,NA,NA,NA,NA,"Eukaryota","Alveolata","Ciliophora","Spirotrichea",NA,NA,NA,NA
"Eukaryota","Alveolata","Ciliophora","Intramacronucleata","Spirotrichea","Choreotrichia","Tintinnida","Tintinnidae","Eutintinnus",NA,NA,NA,NA,NA,NA,NA,NA,NA,"Eukaryota","Alveolata","Ciliophora","Spirotrichea","Tintinnida","Eutintinnidae","Eutintinnus",NA
"Eukaryota","Alveolata","Ciliophora","Intramacronucleata","Phyllopharyngea","Phyllopharyngia","Dysteriida","Plesiotrichopidae","Pithites",NA,NA,NA,NA,NA,NA,NA,NA,NA,"Eukaryota","Alveolata","Ciliophora","Phyllopharyngea","Cyrtophoria_1","Pithitidae","Pithites",NA
"Eukaryota","Alveolata","Ciliophora","Intramacronucleata","Phyllopharyngea","Phyllopharyngia",NA,NA,NA,NA,NA,NA,NA,NA,NA,NA,NA,NA,"Eukaryota","Alveolata","Ciliophora","Phyllopharyngea",NA,NA,NA,NA
"Eukaryota","Rhizaria","Cercozoa","Cercomonadida","Cercomonadidae",NA,NA,NA,NA,NA,NA,NA,NA,NA,NA,NA,NA,NA,"Eukaryota","Rhizaria","Cercozoa","Filosa-Sarcomonadea","Cercomonadida","Cercomonadidae",NA,NA
"Eukaryota","Opisthokonta","Fungi","Fungi incertae sedis","Chytridiomycota","Chytridiomycetes","Spizellomycetales",NA,NA,NA,NA,NA,NA,NA,NA,NA,NA,NA,"Eukaryota","Opisthokonta","Fungi","Chytridiomycota","Chytridiomycotina","Chytridiomycetes","Spizellomycetales",NA
"Archaea","TACK group","Crenarchaeota",NA,NA,NA,NA,NA,NA,NA,NA,NA,NA,NA,NA,NA,NA,NA,"Archaea",NA,NA,NA,NA,NA,NA,NA
"Eukaryota","Euglenozoa","Kinetoplastida","Bodonidae","Neobodo",NA,NA,NA,NA,NA,NA,NA,NA,NA,NA,NA,NA,NA,"Eukaryota","Excavata","Discoba","Euglenozoa","Kinetoplastida","Neobodonid","Neobodo",NA
"Eukaryota","Euglenozoa","Kinetoplastida","Trypanosomatidae",NA,NA,NA,NA,NA,NA,NA,NA,NA,NA,NA,NA,NA,NA,"Eukaryota","Excavata","Discoba","Euglenozoa","Kinetoplastida",NA,NA,NA
"Eukaryota","Euglenozoa",NA,NA,NA,NA,NA,NA,NA,NA,NA,NA,NA,NA,NA,NA,NA,NA,"Eukaryota","Excavata","Discoba","Euglenozoa",NA,NA,NA,NA
