"","V1","V2","V3","V4","V5","V6","V7","V8","V9","V10","V11","V12","V13","V14","V15","V16","V17","V18","V19","V20","V21","V22","V23","V24","V25","V26","V27","V28","V29","V30","V31","V32","V33","V34","V35","V36","V37","V38","V39","V40","V41","V42","V43","V44","V45","V46","V47","V48","V49","V50","V51","V52","V53","V54","V55","V56","V57","V58","V59","V60"
"1","sv13567","GCTCCTACCGATTGGATGGTCCGGTGAACTGGTCGGACTGATTAGTGTAACTGCGGGTGCAGTGGCATTACAGAAAGTCCGGTGAACCTTATCATCTAGAGGAAGGAGAAGTCGTAACAAGGTTTCC","Eukaryota",NA,NA,NA,NA,NA,NA,NA,"sv13567","GCTCCTACCGATTGGATGGTCCGGTGAACTGGTCGGACTGATTAGTGTAACTGCGGGTGCAGTGGCATTACAGAAAGTCCGGTGAACCTTATCATCTAGAGGAAGGAGAAGTCGTAACAAGGTTTCC","Eukaryota",NA,NA,NA,NA,NA,NA,NA,"sv13567","GCTCCTACCGATTGGATGGTCCGGTGAACTGGTCGGACTGATTAGTGTAACTGCGGGTGCAGTGGCATTACAGAAAGTCCGGTGAACCTTATCATCTAGAGGAAGGAGAAGTCGTAACAAGGTTTCC","Eukaryota",NA,NA,NA,NA,NA,NA,NA,"sv13567","GCTCCTACCGATTGGATGGTCCGGTGAACTGGTCGGACTGATTAGTGTAACTGCGGGTGCAGTGGCATTACAGAAAGTCCGGTGAACCTTATCATCTAGAGGAAGGAGAAGTCGTAACAAGGTTTCC","Eukaryota","Hacrobia","Cryptophyta","Cryptophyceae","Cryptomonadales","Cryptomonadales_X","Teleaulax",NA,"sv13567","GCTCCTACCGATTGGATGGTCCGGTGAACTGGTCGGACTGATTAGTGTAACTGCGGGTGCAGTGGCATTACAGAAAGTCCGGTGAACCTTATCATCTAGAGGAAGGAGAAGTCGTAACAAGGTTTCC","Eukaryota","Opisthokonta","Fungi",NA,NA,NA,NA,NA,"sv13567","GCTCCTACCGATTGGATGGTCCGGTGAACTGGTCGGACTGATTAGTGTAACTGCGGGTGCAGTGGCATTACAGAAAGTCCGGTGAACCTTATCATCTAGAGGAAGGAGAAGTCGTAACAAGGTTTCC","Eukaryota","Archaeplastida","Streptophyta",NA,NA,NA,NA,NA
"2","sv18808","GCCCCTACCGATTGGATGGTCCGGTGAACTGGTCGGACTGATAATTGTCACTGCGGGTGCAGTAGCATTACGGAAAGTCCGGTGAACCTTATCATCTAGAGGAAGGAGAAGTCGTAACAAGGTTTCC","Eukaryota",NA,NA,NA,NA,NA,NA,NA,"sv18808","GCCCCTACCGATTGGATGGTCCGGTGAACTGGTCGGACTGATAATTGTCACTGCGGGTGCAGTAGCATTACGGAAAGTCCGGTGAACCTTATCATCTAGAGGAAGGAGAAGTCGTAACAAGGTTTCC","Eukaryota",NA,NA,NA,NA,NA,NA,NA,"sv18808","GCCCCTACCGATTGGATGGTCCGGTGAACTGGTCGGACTGATAATTGTCACTGCGGGTGCAGTAGCATTACGGAAAGTCCGGTGAACCTTATCATCTAGAGGAAGGAGAAGTCGTAACAAGGTTTCC","Eukaryota",NA,NA,NA,NA,NA,NA,NA,"sv18808","GCCCCTACCGATTGGATGGTCCGGTGAACTGGTCGGACTGATAATTGTCACTGCGGGTGCAGTAGCATTACGGAAAGTCCGGTGAACCTTATCATCTAGAGGAAGGAGAAGTCGTAACAAGGTTTCC","Eukaryota","Hacrobia","Cryptophyta","Cryptophyceae","Cryptomonadales","Cryptomonadales_X","Teleaulax",NA,"sv18808","GCCCCTACCGATTGGATGGTCCGGTGAACTGGTCGGACTGATAATTGTCACTGCGGGTGCAGTAGCATTACGGAAAGTCCGGTGAACCTTATCATCTAGAGGAAGGAGAAGTCGTAACAAGGTTTCC","Eukaryota","Opisthokonta","Fungi",NA,NA,NA,NA,NA,"sv18808","GCCCCTACCGATTGGATGGTCCGGTGAACTGGTCGGACTGATAATTGTCACTGCGGGTGCAGTAGCATTACGGAAAGTCCGGTGAACCTTATCATCTAGAGGAAGGAGAAGTCGTAACAAGGTTTCC","Eukaryota","Archaeplastida","Streptophyta",NA,NA,NA,NA,NA
"3","sv12728","GCTCCTACCGATGAATGATCCGGTGAGCTACAAGGACTGGACTTCTGGCTTCGGGTTTCCGAAGAACGGTCGTCCGGGATTTGTCGCAAACCTTATCATTTAGAGGAAGGAGAAGTCGTAACAAGGTTTCC","Eukaryota","Rhizaria","Cercozoa","Endomyxa","Endomyxa_X","Endo4-lineage","Endo4-lineage_X","Endo4-lineage_X_sp.","sv12728","GCTCCTACCGATGAATGATCCGGTGAGCTACAAGGACTGGACTTCTGGCTTCGGGTTTCCGAAGAACGGTCGTCCGGGATTTGTCGCAAACCTTATCATTTAGAGGAAGGAGAAGTCGTAACAAGGTTTCC","Eukaryota",NA,NA,NA,NA,NA,NA,NA,"sv12728","GCTCCTACCGATGAATGATCCGGTGAGCTACAAGGACTGGACTTCTGGCTTCGGGTTTCCGAAGAACGGTCGTCCGGGATTTGTCGCAAACCTTATCATTTAGAGGAAGGAGAAGTCGTAACAAGGTTTCC","Eukaryota",NA,NA,NA,NA,NA,NA,NA,"sv12728","GCTCCTACCGATGAATGATCCGGTGAGCTACAAGGACTGGACTTCTGGCTTCGGGTTTCCGAAGAACGGTCGTCCGGGATTTGTCGCAAACCTTATCATTTAGAGGAAGGAGAAGTCGTAACAAGGTTTCC","Eukaryota","Opisthokonta","Metazoa","Cnidaria","Cnidaria_X","Hydrozoa",NA,NA,"sv12728","GCTCCTACCGATGAATGATCCGGTGAGCTACAAGGACTGGACTTCTGGCTTCGGGTTTCCGAAGAACGGTCGTCCGGGATTTGTCGCAAACCTTATCATTTAGAGGAAGGAGAAGTCGTAACAAGGTTTCC","Eukaryota",NA,NA,NA,NA,NA,NA,NA,"sv12728","GCTCCTACCGATGAATGATCCGGTGAGCTACAAGGACTGGACTTCTGGCTTCGGGTTTCCGAAGAACGGTCGTCCGGGATTTGTCGCAAACCTTATCATTTAGAGGAAGGAGAAGTCGTAACAAGGTTTCC","Eukaryota","Archaeplastida","Streptophyta",NA,NA,NA,NA,NA
"4","sv16467","GCTCCTACCGATGAATGATCCGGTGAGCTACAAGGACTGGACTTCTGGCCTCGGGTTTCCGAGGAACGGTCGTCCGGGATTTGTCGCAAACCTTATCATTTAGAGGAAGGAGAAGTCGTAACAAGGTTTCT","Eukaryota","Rhizaria","Cercozoa","Endomyxa","Endomyxa_X","Endo4-lineage","Endo4-lineage_X","Endo4-lineage_X_sp.","sv16467","GCTCCTACCGATGAATGATCCGGTGAGCTACAAGGACTGGACTTCTGGCCTCGGGTTTCCGAGGAACGGTCGTCCGGGATTTGTCGCAAACCTTATCATTTAGAGGAAGGAGAAGTCGTAACAAGGTTTCT","Eukaryota",NA,NA,NA,NA,NA,NA,NA,"sv16467","GCTCCTACCGATGAATGATCCGGTGAGCTACAAGGACTGGACTTCTGGCCTCGGGTTTCCGAGGAACGGTCGTCCGGGATTTGTCGCAAACCTTATCATTTAGAGGAAGGAGAAGTCGTAACAAGGTTTCT","Eukaryota",NA,NA,NA,NA,NA,NA,NA,"sv16467","GCTCCTACCGATGAATGATCCGGTGAGCTACAAGGACTGGACTTCTGGCCTCGGGTTTCCGAGGAACGGTCGTCCGGGATTTGTCGCAAACCTTATCATTTAGAGGAAGGAGAAGTCGTAACAAGGTTTCT","Eukaryota","Opisthokonta","Metazoa","Cnidaria","Cnidaria_X","Hydrozoa",NA,NA,"sv16467","GCTCCTACCGATGAATGATCCGGTGAGCTACAAGGACTGGACTTCTGGCCTCGGGTTTCCGAGGAACGGTCGTCCGGGATTTGTCGCAAACCTTATCATTTAGAGGAAGGAGAAGTCGTAACAAGGTTTCT","Eukaryota",NA,NA,NA,NA,NA,NA,NA,"sv16467","GCTCCTACCGATGAATGATCCGGTGAGCTACAAGGACTGGACTTCTGGCCTCGGGTTTCCGAGGAACGGTCGTCCGGGATTTGTCGCAAACCTTATCATTTAGAGGAAGGAGAAGTCGTAACAAGGTTTCT","Eukaryota","Archaeplastida","Streptophyta",NA,NA,NA,NA,NA
"5","sv16472","GCTCCTACCGATGAATGATCCGGTGAGCTACAAGGACTGGACTTCTGGCCTCGGGTTTCCGAGGAACGGTCGTCCGGGATTTGTCGCAAACCTTATCATTTAGAGGAAGGAGAAGTCGTAACAAGGTTTCC","Eukaryota","Rhizaria","Cercozoa","Endomyxa","Endomyxa_X","Endo4-lineage","Endo4-lineage_X","Endo4-lineage_X_sp.","sv16472","GCTCCTACCGATGAATGATCCGGTGAGCTACAAGGACTGGACTTCTGGCCTCGGGTTTCCGAGGAACGGTCGTCCGGGATTTGTCGCAAACCTTATCATTTAGAGGAAGGAGAAGTCGTAACAAGGTTTCC","Eukaryota",NA,NA,NA,NA,NA,NA,NA,"sv16472","GCTCCTACCGATGAATGATCCGGTGAGCTACAAGGACTGGACTTCTGGCCTCGGGTTTCCGAGGAACGGTCGTCCGGGATTTGTCGCAAACCTTATCATTTAGAGGAAGGAGAAGTCGTAACAAGGTTTCC","Eukaryota",NA,NA,NA,NA,NA,NA,NA,"sv16472","GCTCCTACCGATGAATGATCCGGTGAGCTACAAGGACTGGACTTCTGGCCTCGGGTTTCCGAGGAACGGTCGTCCGGGATTTGTCGCAAACCTTATCATTTAGAGGAAGGAGAAGTCGTAACAAGGTTTCC","Eukaryota","Opisthokonta","Metazoa","Cnidaria","Cnidaria_X","Hydrozoa",NA,NA,"sv16472","GCTCCTACCGATGAATGATCCGGTGAGCTACAAGGACTGGACTTCTGGCCTCGGGTTTCCGAGGAACGGTCGTCCGGGATTTGTCGCAAACCTTATCATTTAGAGGAAGGAGAAGTCGTAACAAGGTTTCC","Eukaryota",NA,NA,NA,NA,NA,NA,NA,"sv16472","GCTCCTACCGATGAATGATCCGGTGAGCTACAAGGACTGGACTTCTGGCCTCGGGTTTCCGAGGAACGGTCGTCCGGGATTTGTCGCAAACCTTATCATTTAGAGGAAGGAGAAGTCGTAACAAGGTTTCC","Eukaryota","Archaeplastida","Streptophyta",NA,NA,NA,NA,NA
"6","sv23676","GTTCCTACCGATGAATGATCCGGTGAGCTACAAGGACTGGACTTCTGGCTTCGGGTTTCCGAAGAACGGTCGTCCGGGATTTGTCGCAAACCTTATCATTTAGAGGAAGGAGAAGTCGTAACAAGGTTTCC","Eukaryota","Rhizaria","Cercozoa","Endomyxa","Endomyxa_X","Endo4-lineage","Endo4-lineage_X","Endo4-lineage_X_sp.","sv23676","GTTCCTACCGATGAATGATCCGGTGAGCTACAAGGACTGGACTTCTGGCTTCGGGTTTCCGAAGAACGGTCGTCCGGGATTTGTCGCAAACCTTATCATTTAGAGGAAGGAGAAGTCGTAACAAGGTTTCC","Eukaryota",NA,NA,NA,NA,NA,NA,NA,"sv23676","GTTCCTACCGATGAATGATCCGGTGAGCTACAAGGACTGGACTTCTGGCTTCGGGTTTCCGAAGAACGGTCGTCCGGGATTTGTCGCAAACCTTATCATTTAGAGGAAGGAGAAGTCGTAACAAGGTTTCC","Eukaryota",NA,NA,NA,NA,NA,NA,NA,"sv23676","GTTCCTACCGATGAATGATCCGGTGAGCTACAAGGACTGGACTTCTGGCTTCGGGTTTCCGAAGAACGGTCGTCCGGGATTTGTCGCAAACCTTATCATTTAGAGGAAGGAGAAGTCGTAACAAGGTTTCC","Eukaryota","Opisthokonta","Metazoa","Cnidaria","Cnidaria_X","Hydrozoa",NA,NA,"sv23676","GTTCCTACCGATGAATGATCCGGTGAGCTACAAGGACTGGACTTCTGGCTTCGGGTTTCCGAAGAACGGTCGTCCGGGATTTGTCGCAAACCTTATCATTTAGAGGAAGGAGAAGTCGTAACAAGGTTTCC","Eukaryota",NA,NA,NA,NA,NA,NA,NA,"sv23676","GTTCCTACCGATGAATGATCCGGTGAGCTACAAGGACTGGACTTCTGGCTTCGGGTTTCCGAAGAACGGTCGTCCGGGATTTGTCGCAAACCTTATCATTTAGAGGAAGGAGAAGTCGTAACAAGGTTTCC","Eukaryota","Archaeplastida","Streptophyta",NA,NA,NA,NA,NA
"7","sv22722","GCTCCTACCGATGGGTAAGTTAGCGAAGATATAGTATGTCTGTGTGCAATTGACACGTGCTGAATTACGTAGAGGAAGGAGAAGTCGTAACAAGGTTTTT","Eukaryota",NA,NA,NA,NA,NA,NA,NA,"sv22722","GCTCCTACCGATGGGTAAGTTAGCGAAGATATAGTATGTCTGTGTGCAATTGACACGTGCTGAATTACGTAGAGGAAGGAGAAGTCGTAACAAGGTTTTT","Eukaryota",NA,NA,NA,NA,NA,NA,NA,"sv22722","GCTCCTACCGATGGGTAAGTTAGCGAAGATATAGTATGTCTGTGTGCAATTGACACGTGCTGAATTACGTAGAGGAAGGAGAAGTCGTAACAAGGTTTTT",NA,NA,NA,NA,NA,NA,NA,NA,"sv22722","GCTCCTACCGATGGGTAAGTTAGCGAAGATATAGTATGTCTGTGTGCAATTGACACGTGCTGAATTACGTAGAGGAAGGAGAAGTCGTAACAAGGTTTTT",NA,NA,NA,NA,NA,NA,NA,NA,"sv22722","GCTCCTACCGATGGGTAAGTTAGCGAAGATATAGTATGTCTGTGTGCAATTGACACGTGCTGAATTACGTAGAGGAAGGAGAAGTCGTAACAAGGTTTTT","Eukaryota","Archaeplastida","Chlorophyta","Ulvophyceae",NA,NA,NA,NA,"sv22722","GCTCCTACCGATGGGTAAGTTAGCGAAGATATAGTATGTCTGTGTGCAATTGACACGTGCTGAATTACGTAGAGGAAGGAGAAGTCGTAACAAGGTTTTT","Eukaryota","Archaeplastida","Streptophyta",NA,NA,NA,NA,NA
"8","sv22906","GCTCCTACCGATTGGGTATGCTGGTAAGACTTCTAGAATGATATTTGGTTCCTGAATTGGGAAAGGCATCACAAAAGGAGTTGAACCCTCTCGCCTAGAGGAAGGAGAAGTCGTAACAAGGTTTCC","Eukaryota",NA,NA,NA,NA,NA,NA,NA,"sv22906","GCTCCTACCGATTGGGTATGCTGGTAAGACTTCTAGAATGATATTTGGTTCCTGAATTGGGAAAGGCATCACAAAAGGAGTTGAACCCTCTCGCCTAGAGGAAGGAGAAGTCGTAACAAGGTTTCC","Eukaryota",NA,NA,NA,NA,NA,NA,NA,"sv22906","GCTCCTACCGATTGGGTATGCTGGTAAGACTTCTAGAATGATATTTGGTTCCTGAATTGGGAAAGGCATCACAAAAGGAGTTGAACCCTCTCGCCTAGAGGAAGGAGAAGTCGTAACAAGGTTTCC",NA,NA,NA,NA,NA,NA,NA,NA,"sv22906","GCTCCTACCGATTGGGTATGCTGGTAAGACTTCTAGAATGATATTTGGTTCCTGAATTGGGAAAGGCATCACAAAAGGAGTTGAACCCTCTCGCCTAGAGGAAGGAGAAGTCGTAACAAGGTTTCC",NA,NA,NA,NA,NA,NA,NA,NA,"sv22906","GCTCCTACCGATTGGGTATGCTGGTAAGACTTCTAGAATGATATTTGGTTCCTGAATTGGGAAAGGCATCACAAAAGGAGTTGAACCCTCTCGCCTAGAGGAAGGAGAAGTCGTAACAAGGTTTCC","Eukaryota","Archaeplastida","Chlorophyta","Ulvophyceae",NA,NA,NA,NA,"sv22906","GCTCCTACCGATTGGGTATGCTGGTAAGACTTCTAGAATGATATTTGGTTCCTGAATTGGGAAAGGCATCACAAAAGGAGTTGAACCCTCTCGCCTAGAGGAAGGAGAAGTCGTAACAAGGTTTCC","Eukaryota","Archaeplastida","Streptophyta",NA,NA,NA,NA,NA
"9","sv23661","GCTCCTACCGATTGGGCGTGCTGGTGATGTTTGGGGATACGATTGAATCGACAATGTGTTTGTCATATTGTGGTACTTTCGTCTAACCAGATAGAACCGTCTCGCCTAGAGGAAGGAGAAGTCGTAACAAGGTTTCC","Eukaryota",NA,NA,NA,NA,NA,NA,NA,"sv23661","GCTCCTACCGATTGGGCGTGCTGGTGATGTTTGGGGATACGATTGAATCGACAATGTGTTTGTCATATTGTGGTACTTTCGTCTAACCAGATAGAACCGTCTCGCCTAGAGGAAGGAGAAGTCGTAACAAGGTTTCC","Eukaryota",NA,NA,NA,NA,NA,NA,NA,"sv23661","GCTCCTACCGATTGGGCGTGCTGGTGATGTTTGGGGATACGATTGAATCGACAATGTGTTTGTCATATTGTGGTACTTTCGTCTAACCAGATAGAACCGTCTCGCCTAGAGGAAGGAGAAGTCGTAACAAGGTTTCC",NA,NA,NA,NA,NA,NA,NA,NA,"sv23661","GCTCCTACCGATTGGGCGTGCTGGTGATGTTTGGGGATACGATTGAATCGACAATGTGTTTGTCATATTGTGGTACTTTCGTCTAACCAGATAGAACCGTCTCGCCTAGAGGAAGGAGAAGTCGTAACAAGGTTTCC",NA,NA,NA,NA,NA,NA,NA,NA,"sv23661","GCTCCTACCGATTGGGCGTGCTGGTGATGTTTGGGGATACGATTGAATCGACAATGTGTTTGTCATATTGTGGTACTTTCGTCTAACCAGATAGAACCGTCTCGCCTAGAGGAAGGAGAAGTCGTAACAAGGTTTCC","Eukaryota","Archaeplastida","Chlorophyta","Ulvophyceae",NA,NA,NA,NA,"sv23661","GCTCCTACCGATTGGGCGTGCTGGTGATGTTTGGGGATACGATTGAATCGACAATGTGTTTGTCATATTGTGGTACTTTCGTCTAACCAGATAGAACCGTCTCGCCTAGAGGAAGGAGAAGTCGTAACAAGGTTTCC","Eukaryota","Archaeplastida","Streptophyta",NA,NA,NA,NA,NA
"10","sv23878","GCTCCTACCGATTGGGTATGCTGGTAAGACTTCTAGAATGGTATTTTATTCTTGAATGGGGAAAGGTATCACAAAAGGAGTTGAACCCTCTCGCCTAGAGGAAGGAGAAGTCGTAACAAGGTTTCC","Eukaryota",NA,NA,NA,NA,NA,NA,NA,"sv23878","GCTCCTACCGATTGGGTATGCTGGTAAGACTTCTAGAATGGTATTTTATTCTTGAATGGGGAAAGGTATCACAAAAGGAGTTGAACCCTCTCGCCTAGAGGAAGGAGAAGTCGTAACAAGGTTTCC","Eukaryota",NA,NA,NA,NA,NA,NA,NA,"sv23878","GCTCCTACCGATTGGGTATGCTGGTAAGACTTCTAGAATGGTATTTTATTCTTGAATGGGGAAAGGTATCACAAAAGGAGTTGAACCCTCTCGCCTAGAGGAAGGAGAAGTCGTAACAAGGTTTCC",NA,NA,NA,NA,NA,NA,NA,NA,"sv23878","GCTCCTACCGATTGGGTATGCTGGTAAGACTTCTAGAATGGTATTTTATTCTTGAATGGGGAAAGGTATCACAAAAGGAGTTGAACCCTCTCGCCTAGAGGAAGGAGAAGTCGTAACAAGGTTTCC",NA,NA,NA,NA,NA,NA,NA,NA,"sv23878","GCTCCTACCGATTGGGTATGCTGGTAAGACTTCTAGAATGGTATTTTATTCTTGAATGGGGAAAGGTATCACAAAAGGAGTTGAACCCTCTCGCCTAGAGGAAGGAGAAGTCGTAACAAGGTTTCC","Eukaryota","Archaeplastida","Chlorophyta","Ulvophyceae",NA,NA,NA,NA,"sv23878","GCTCCTACCGATTGGGTATGCTGGTAAGACTTCTAGAATGGTATTTTATTCTTGAATGGGGAAAGGTATCACAAAAGGAGTTGAACCCTCTCGCCTAGAGGAAGGAGAAGTCGTAACAAGGTTTCC","Eukaryota","Archaeplastida","Streptophyta",NA,NA,NA,NA,NA
"11","sv24046","GCTCCTACCGATTGGGTATGCTGGTAAGACTTCTAGAATGGTGTTTTATTCTCGATTTGGAGAAAGGTATCACAAAAGGGGTTGAACCCTCTCGCCTAGAGGAAGGAGAAGTCGTAACAAGGTTTCC","Eukaryota",NA,NA,NA,NA,NA,NA,NA,"sv24046","GCTCCTACCGATTGGGTATGCTGGTAAGACTTCTAGAATGGTGTTTTATTCTCGATTTGGAGAAAGGTATCACAAAAGGGGTTGAACCCTCTCGCCTAGAGGAAGGAGAAGTCGTAACAAGGTTTCC","Eukaryota",NA,NA,NA,NA,NA,NA,NA,"sv24046","GCTCCTACCGATTGGGTATGCTGGTAAGACTTCTAGAATGGTGTTTTATTCTCGATTTGGAGAAAGGTATCACAAAAGGGGTTGAACCCTCTCGCCTAGAGGAAGGAGAAGTCGTAACAAGGTTTCC","Eukaryota",NA,NA,NA,NA,NA,NA,NA,"sv24046","GCTCCTACCGATTGGGTATGCTGGTAAGACTTCTAGAATGGTGTTTTATTCTCGATTTGGAGAAAGGTATCACAAAAGGGGTTGAACCCTCTCGCCTAGAGGAAGGAGAAGTCGTAACAAGGTTTCC",NA,NA,NA,NA,NA,NA,NA,NA,"sv24046","GCTCCTACCGATTGGGTATGCTGGTAAGACTTCTAGAATGGTGTTTTATTCTCGATTTGGAGAAAGGTATCACAAAAGGGGTTGAACCCTCTCGCCTAGAGGAAGGAGAAGTCGTAACAAGGTTTCC","Eukaryota","Archaeplastida","Chlorophyta","Ulvophyceae",NA,NA,NA,NA,"sv24046","GCTCCTACCGATTGGGTATGCTGGTAAGACTTCTAGAATGGTGTTTTATTCTCGATTTGGAGAAAGGTATCACAAAAGGGGTTGAACCCTCTCGCCTAGAGGAAGGAGAAGTCGTAACAAGGTTTCC","Eukaryota","Archaeplastida","Streptophyta",NA,NA,NA,NA,NA
