"","ASV","kingdom","supergroup","division","class","order","family","genus","species"
"14827","GCTCCTACCGATTGAGTGATCCGGTGAATAATTCGGACGGCACCTTTTGGCAGTTTCTGCCATGAGGAGCTGGAAGTTTAGTGAACCTTATCACTTAGAGGAAGGAGAAGTCGTAACAAGGTTTCT","Eukaryota","Stramenopiles","Ochrophyta","Dictyochophyceae",NA,NA,NA,NA
"14744","GCTCCTACCGATTGAGTGATCCGGTGAATAATTCGGACCTGTCGATGCATGAGTTCGCTCACGCACTGACGGGAAAGTCTAGTGAGCCTTATCACTTAGAGGAAGGAGAAGTCGTAACAAGGTTTCC","Eukaryota",NA,NA,NA,NA,NA,NA,NA
"12582","GCTCCTACCGATTGAGCAATCCGGTGAATATTTCGGACCGACCGTTGTGGGGGAGACTCCGCTTCGGCTGGAAAGTCAAGTGAACCTTATTGCTTAGAGGAAGGAGAAGTCGTAACAAGGTTTCC","Eukaryota","Stramenopiles",NA,NA,NA,NA,NA,NA
"14401","GCTCCTACCGATTGAGTGATCCGGTGAATAATTCGGACCGCAGTAGTGTTCAGTTCCTGAACGTTGCAGTGGAAAGTTTAGTGAACCTTATCACTTAGAGGAAGGAGAAGTCGTAACAAGGTTTCC","Eukaryota","Stramenopiles","Pseudofungi","Pirsonia_Clade","Pirsonia_Clade_X","Pirsonia_Clade_XX","Pirsonia",NA
"7879","GCTACTACCGATTGAATGGTTTAGTGAGACCTTCGGATTGGTCCCGGCATGGCGGGAAACTGCCTGGCCGCGGTTGCCGAGAAGATGGTCAAACTTGATCATTTAGAGGAAGTAAAAGTCGTAACAAGGTTTCC","Eukaryota","Alveolata","Dinoflagellata","Syndiniales",NA,NA,NA,NA
"6060","GCCCCTACCGATTGGATGAGCCGGTGAAATCTTCGGACCGTAGCGCTTGGGGAAACTCTTGCGTCATGGAAAGTTGCTTGAACCTTTTTGTCTAGAGGAAGGAGAAGTCGTAACAAGGTTTCC","Eukaryota","Opisthokonta","Metazoa","Arthropoda","Crustacea",NA,NA,NA
"8418","GCTACTACCGATTGAGTGGCTTAGTGAGATCTCCGGATTGGCTTTGGGAAGCTGGCAACGGCTACCTATTGCTGAGATGCTAATCAAACTTGGTCATTTAGAGGAAGTAAAAGTCGTAACAAGGTTTCC","Eukaryota","Stramenopiles","Ochrophyta","Chrysophyceae",NA,NA,NA,NA
"7394","GCTACTACCGATTGAATGGCTTAGTGAGCCTTTGGGATTGGCAGCTTGTACCGGCAACGGTAGCAGGCCGCTGAAAGCTTAGGCAAACTTGGTCATTTAGAGGAAGTAAAAGTCGTAACAAGGTTTCT","Eukaryota","Stramenopiles","Ochrophyta","Bacillariophyta",NA,NA,NA,NA
"20935","GCTGCAACTGATTGGGTAATTTGGTGAATGTCTTGGATAGATATTTTTATATTTTAATATAATATGTCTTGAAATGCTGTAAACTACAATTATCTAGAAATTGCAAAAGTCGTAACAAGGTTTCC","Eukaryota","Stramenopiles","Ochrophyta","Ochrophyta_X","Ochrophyta_XX","Ochrophyta_XXX","Olisthodiscus",NA
"18294","GCTCCTACCGATTGGATGAGTTGGTGAGTTGATCGGACTGCGCGTTTGTTCCTTCGGGTTCATCTGTGCGGGAAAATTTGCAAACTGGACTATCTAGAGGAAGGAGAAGTCGTAACAAGGTTTCC","Eukaryota","Stramenopiles","Ochrophyta","Bacillariophyta","Bacillariophyta_X","Polar-centric-Mediophyceae","Chaetoceros",NA
"10051","GCTCCTACCGATTAAGCAATCCGGTGAATATTTCGGACTGGAGTCTGGTGGGGCAACCAGCTCAGACACCGGAAAGTCAAGTTAACCTTATTGCTTAGAGGAAGGAGAAGTCGTAACAAGGTTTCC","Eukaryota","Alveolata",NA,NA,NA,NA,NA,NA
"12130","GCTCCTACCGATTGAGCAATCCGGTGAATAATTCGGACCGAGCCGATTTCTGGTTTCAGATTTTGGTTTGGAAAGTCTAGTGAACCTTATTGCTTAGAGGAAGGAGAAGTCGTAACAAGGTTTCC","Eukaryota","Amoebozoa","Conosa","Variosea",NA,NA,NA,NA
"15801","GCTCCTACCGATTGAGTGATCCGGTGAATAATTTGGACTGCGAGGAATTGGTTTTGCCAGTTCTTTGTAGGAAGTTTAGTGAACCTTATCACTTAGAGGAAGGAGAAGTCGTAACAAGGTTTCC","Eukaryota","Archaeplastida","Chlorophyta","Trebouxiophyceae","Chlorellales",NA,NA,NA
"22554","GTTACTACCGATTGAATATAAGGGTGAAATCCTCGGACTGTGGCATTTTGCTGGTCTAACCAGTTTTTGTCCGCGGGAGGTCGCTTAAATCCTTCTATTTAGAGGAAGTACAAGTCGTAACAAGGTTCCC","Eukaryota","Stramenopiles","Ochrophyta","Raphidophyceae","Raphidophyceae_X","Raphidophyceae_XX","Heterosigma",NA
"12941","GCTCCTACCGATTGAGCAATCCGGTGAATATTTCGGACTGAGCCGCGTCTGGGTAACCTTGCGCGATTCGGAAAGTCAAGTAAACCTTATTGCTTAGAGGAAGGAGAAGTCGTAACAAGGTTTCC","Eukaryota","Rhizaria","Cercozoa","Filosa-Thecofilosea","Cryomonadida","Cryothecomonas-lineage","Cryothecomonas",NA
"23992","GTTGTTTCCGATGATGGTGGAATGCAGGTGATCGGACTGGCTTCGGCCGGAAAGACCACCGACATTTCTTCAATAGAGGAAGCAAAAGTCGTAACAAGGTAGCA","Eukaryota","Opisthokonta","Metazoa","Arthropoda","Crustacea","Maxillopoda","Temora",NA
"9090","GCTATTACCGATTGACTGATCATGTGAGGGCTACGGACTGGCGTTCCTGGCGGCCTTGGTCGCCTCGAGCTGCCGGAAAGATGTCCAAGCTTGGTCATTTATAGGAAGTAAAAGTCGTAACAAGGTTTCC","Eukaryota","Opisthokonta","Fungi","Chytridiomycota","Chytridiomycotina","Chytridiomycetes",NA,NA
"9883","GCTCCTACCGATGAATGTTCCGGTGAGACCTTGGGATGGTTGTTTTGTTTCTTTATTGAAGCTTAGTGACTAGAACTTGAGCAAACCTTAACGTTTAGAGGAAGGTGAAGTCGTAACAAGGTTTCC","Eukaryota","Opisthokonta","Metazoa","Mollusca","Bivalvia",NA,NA,NA
"2299","ACATCATGAAAGTCGATTGTACCCGAAGTCACTGAGTTAACTTGCAAAAGAGACAGGTGCCGAAGGTATGGTTGGTAATTGGGATGAAGTCGTAACAAGGTAGCC","Eukaryota","Opisthokonta","Metazoa","Arthropoda","Crustacea",NA,NA,NA
"14192","GCTCCTACCGATTGAGTGATCCGGTGAATAATTCGGACCGACAGCCTGCGTGGTCCGCCACATGGGTTGTTGGAAAGTCTAGTGAACCTTATCACTTAGAGGAAGGAGAAGTCGTAACAAGGTTTCC","Eukaryota","Alveolata","Dinoflagellata","Dinophyceae",NA,NA,NA,NA
"4565","GCACCTACCGATTGAATGGTCCGGTGAAGCCTCGGGATTGTGATTAGTTTCCTTTATTGGAAGTTTGTCACGAGTACTTGTCTAAACCTTATCATTTAGAGGAAGGTGAAGTCGTAACGAGGTTTCC","Eukaryota","Hacrobia","Picozoa",NA,NA,NA,NA,NA
"21048","GCTGCCTCCGATTGGGTGTTGAGGTGAATTATTCGGACTGTTCTCACGAATGGGAAGTTTTGTAAACCTTAACACTTAGAGGAAGCAGAAGTCGTAACAAGGTATCC","Eukaryota","Opisthokonta","Metazoa","Arthropoda","Crustacea",NA,NA,NA
"14460","GCTCCTACCGATTGAGTGATCCGGTGAATAATTCGGACCGCGGCAGTTTTTAGCTTCTGAAAATTGCAGTGGGAAGTTTAGTGAACCTTATCACTTAGAGGAAGGAGAAGTCGTAACAAGGTTTCC","Eukaryota","Rhizaria","Cercozoa","Filosa-Thecofilosea","Ventricleftida","Ventrifissuridae","Ventrifissura",NA
"13195","GCTCCTACCGATTGAGCAGTCCGGTGAATAATTCGGACCGGTGCCATTGGTCGCAAGACTTTTGGCGCTGGAAAGTCTAGTAAACCTTATTGCTTAGAGGAAGGAGAAGTCGTAACAAGGTTTCC","Eukaryota","Opisthokonta","Choanoflagellida","Choanoflagellatea","Acanthoecida",NA,NA,NA
"13275","GCTCCTACCGATTGAGCATTCCGGTGAATATTTCGGACATTATTGCGTATGGGTAACTAGATTTGATTCAGAAAGTTGGGTAAACCTTAATGCTTAGAGGAAGGAGAAGTCGTAACAAGGTTTCC","Eukaryota","Rhizaria","Cercozoa","Filosa-Thecofilosea","Ventricleftida","Ventrifissuridae",NA,NA
"13365","GCTCCTACCGATTGAGCGATCCGATAAAAGCCATGGATTGAGAGTGTGGCAGGGTTCGCCTTGTCTGCTTCTCGAGAAGTGGTTTAAATCTTATCGCTTAGAGGAAGGAGAAGTCGTAACAAGGTTTCT","Eukaryota","Hacrobia","Cryptophyta","Cryptophyceae","Cryptomonadales",NA,NA,NA
"12331","GCTCCTACCGATTGAGCAATCCGGTGAATACTTCGGACCGGTTGCATAGTTGGTTCGCCAACTTTGCGACTGGAAAGTCGAGTGAACCTTATTGCTTAGAGGAAGGAGAAGTCGTAACAAGGTTTCC","Eukaryota","Rhizaria","Cercozoa",NA,NA,NA,NA,NA
"18157","GCTCCTACCGATTGGATGAGTTGGTGAGTGGATTGGAATAATAGCTAATTTCCTGAAAAATGGTTACGCTTGTTGAAATTAAGCAAACTAGATTATCTAGAGGAAGGAGAAGTCGTAACAAGGTTTCC","Eukaryota","Opisthokonta","Metazoa","Urochordata","Urochordata_X","Ascidiacea",NA,NA
"15418","GCTCCTACCGATTGAGTGATCCGGTGAATAATTCGGACTGCGGCATTGTTCAGACCCTGGACGTTGCTGCGGGAAGTTTAGTGAACCTTATCACTTAGAGGAAGGAGAAGTCGTAACAAGGTTTCC","Eukaryota","Rhizaria","Cercozoa","Filosa-Thecofilosea","Ventricleftida",NA,NA,NA
"12886","GCTCCTACCGATTGAGCAATCCGGTGAATATTTCGGACCTGGCTAGTGCTGAGCAATCAGCTTCTGGCCGGGAAAGTCAAGTTAACCTTATTGCTTAGAGGAAGGAGAAGTCGTAACAAGGTTTCC","Eukaryota","Opisthokonta","Metazoa","Arthropoda","Crustacea",NA,NA,NA
"12721","GCTCCTACCGATTGAGCAATCCGGTGAATATTTCGGACCGGACTCCGTCGGGGCAACTCGTTCGGAGACTGGAAAGTCAAGTTAACCTTATTGCTTAGAGGAAGGAGAAGTCGTAACAAGGTTTCC","Eukaryota","Rhizaria","Cercozoa","Filosa-Imbricatea","Marimonadida",NA,NA,NA
"277","AAGCCACCCAAATGGACCGCACCCGAAGTCGCTACCCTAACCGCAAGGAGGGGGGTGCCGAAGGTGAGGTTTGTAAGGGGGACTAAGTCGTAACAAGGTAGCC","Eukaryota","Opisthokonta","Fungi","Ascomycota","Pezizomycotina",NA,NA,NA
"683","ACACCACGAAAGTCGGTTGTTCCAGAAGTAGTTGAGCTAACCCTCGGGAGGCAAGCTACCAAGGAATGGCTGGTAATTGGGGTGAAGTCGTAACAAGGTATCC","Eukaryota","Opisthokonta","Fungi","Basidiomycota","Agaricomycotina",NA,NA,NA
"13687","GCTCCTACCGATTGAGTGATCCGGCGAATAATTCGGACCGAACCCTCTTCCAGAGACTGGATTTGGGTCAGGAAGTTTAGTGAACCTTATCACTTAGAGGAAGGAGAAGTCGTAACAAGGTTTCC","Eukaryota","Rhizaria","Cercozoa","Filosa-Thecofilosea","Cryomonadida","Protaspa-lineage","Protaspa",NA
"8810","GCTACTACCGATTTCGATTTGTCCGAAGAATCTTTTGGACTGCGCGCCATCTTGTCGGTGTCGCGTAAATTCAGGTAAGACTTATCTTTTTGAGGAAGTAAAAGTTGTAACAAGATTTCA","Eukaryota","Rhizaria","Cercozoa",NA,NA,NA,NA,NA
"1994","ACACTACGGAAGGTGGAGGCACCCGAAGTACCCTTAGCTTTGAGCGGGGTCCTAAGGTGAAATCACTGACTGGAGTGAAGTCGTAACAAGGTATCC","Eukaryota","Opisthokonta","Fungi","Basidiomycota","Pucciniomycotina",NA,NA,NA
"7445","GCTACTACCGATTGAATGGCTTAGTGAGCTCTACGGACTGGAGCATCGTGTTGGGTTTCCTTCACTTTGCATCGGGAAGTAGATCAAACTTGATCATTTAGAGGAAGTAAAAGTCGTAACAAGGTTTCC","Eukaryota","Opisthokonta","Mesomycetozoa","Ichthyosporea",NA,NA,NA,NA
"8510","GCTACTACCGATTGATGTGCAGGGTGAAATCTTCGGACTGTAGACGTTTGACCGAAAGCGATGCGTCCACGGGGGGTTGCTTAAATCCTGCTCATTAGAGGAAGTAAAAGTCGTAACAAGGTTTCC","Eukaryota","Opisthokonta","Metazoa","Annelida",NA,NA,NA,NA
"9360","GCTCCTACCCATTGAGTGGTCCGGTGAATATTTCGGACTGCAATGCAAGGCACTTAATGTGTTTGTGGACAGCTTAGTGAACCTTATCACTGAGAGGCAGGAGAAGACGTAACAAAGTTTCC","Eukaryota","Opisthokonta",NA,NA,NA,NA,NA,NA
"11351","GCTCCTACCGATTGAATGGTCCGGTGAAGCGTCCGGATGGGCGCGCTGTGGCGGTTCGCCGCCGCGGTGCGCCCAGAAGTTCGTTAAACCTTATCATTTAGAGGAAGGAGAAGTCGTAACAAGGTTTCC","Eukaryota","Opisthokonta",NA,NA,NA,NA,NA,NA
"10119","GCTCCTACCGATTGAACAATCCGGTGAATATTTCGGACCGTCGTGTGAGGTGGTTCGCCACTTCACTTGTACGGGAAGTCAAGTGAACCTTATTGTTTAGAGGAAGGAGAAGTCGTAACAAGGTTTCC","Eukaryota","Opisthokonta","Fungi",NA,NA,NA,NA,NA
"12940","GCTCCTACCGATTGAGCAATCCGGTGAATATTTCGGACTGAGCCGCGTCTGGGCAACCTTGCGCGATTCGGAAAGTCAAGTAAACCTTATTGCTTAGAGGAAGGAGAAGTCGTAACAAGGTTTCC","Eukaryota","Rhizaria","Cercozoa","Chlorarachniophyceae",NA,NA,NA,NA
"3452","GCACCTACCGATCGAAGGTAATGATGAGCCCTCAGGACTACTGATCGGGTCCCTCACGGGGCCTTTTTGGTGGAAATTTGTGCAAATCCTTACCTTTAGAGGAAGGTGAAGTCGTAACAAGGTTACT","Eukaryota","Hacrobia","Telonemia",NA,NA,NA,NA,NA
"8472","GCTACTACCGATTGAGTGGTTTAGTGAGGCTCACGGACCGCTGGCGGCACCCGGCGCAAGCCACGCCGCCGGCGGAAAGTGATACGAACTTGATCACTTCTAGGAAGTAAAAGTCGTAACAAGGTTTTC","Eukaryota","Opisthokonta","Metazoa","Annelida",NA,NA,NA,NA
"12397","GCTCCTACCGATTGAGCAATCCGGTGAATACTTCGGACTGGCCTCATAATTGGTTCGCCAATTTTGAGATCGGAAAGTCGAGTGAACCTTATTGCTTAGAGGAAGGAGAAGTCGTAACAAGGTTTCC","Eukaryota","Opisthokonta","Metazoa","Annelida",NA,NA,NA,NA
"98","AAACCACGAAAGTTGTTTACTCCAGAAGCAGAAGAGTTAACCGCAAGGAGACAGTCTGCCAAGGATTAAGCGATGATTGGGGTTAAGTCGTAACAAGGTAGCC","Eukaryota","Alveolata","Ciliophora","Spirotrichea",NA,NA,NA,NA
"13465","GCTCCTACCGATTGAGCTATTCGGTGAATATTTCGGACCGAGGTTTTGTGGGGCAACTCGCAGAACTTTGGAAAGTCAAGTAAACCTGATTGCTTAGAGGAAGGAGAAGTCGTAACAAGGTTTCC","Eukaryota","Opisthokonta","Metazoa","Cnidaria","Cnidaria_X","Hydrozoa","Liriope",NA
"6536","GCTACTACCGATTGAACGGCTTAGTGAAATGTGAGGACCGGGGGGAGTGCAGGGTTTCTTGCACTCTCATTCGAGGAACTACATTAAACTTGATCGTTTAGAGGAAGTAAAAGTCGTAACAAGGTTTCC","Eukaryota","Opisthokonta","Metazoa","Cnidaria","Cnidaria_X","Hydrozoa",NA,NA
"12067","GCTCCTACCGATTGAGCAATCAGGTGAGTGATTCGGACCGAAAATTGTATGAGTTCGCTCAAACAGTTTTTGGAAAGTCTAGCGAGCCTTATTGCTTAGAGGAAGGAGAAGTCGTAACAAGGTTTCC","Eukaryota","Opisthokonta","Metazoa",NA,NA,NA,NA,NA
"13998","GCTCCTACCGATTGAGTGATCCGGTGAATAATTCGGACAAGTTGATGTATGAGTTCGCTCGCACATCCGCTTGAAAGTCTAGTGAGCCTTATCACTTAGAGGAAGGAGAAGTCGTAACAAGGTTTCC","Eukaryota","Opisthokonta","Metazoa",NA,NA,NA,NA,NA
"5732","GCACCTACCGATTGGTTCTCTCGGTGAAATCTTCGGATTGTTCTTGTTGGCCCCTCGTGGGCCTTGGAGCGAGAAGTAGATTAAACCTCGACGACTAGAGGAAGGTGAAGTCGTAACAAGGTTTCC","Eukaryota","Opisthokonta","Metazoa","Arthropoda","Crustacea",NA,NA,NA
"7275","GCTACTACCGATTGAATGGCTTAGTGAGATGCAGGGACTGAGAAATCCTGAGGGCTTGTCTCTCAAGATGTATCGGAAACTGTATCAAACTTGATCATTTAGAGGAAGTAAAAGTCGTAACAAGGTTTCC","Eukaryota","Opisthokonta","Metazoa","Arthropoda","Crustacea","Malacostraca",NA,NA
"11862","GCTCCTACCGATTGAATGTGTTGGTGAGGAGCTCGGATTGGCAGCGGTTGGTGGTTCGCCACCGGCCATTGCTGAGAAGTCCTCCAAACCGCCCCATTTAGAGGAAGGAGAAGTCGTAACAAGGTTTCC","Eukaryota","Opisthokonta","Metazoa","Arthropoda","Hexapoda","Insecta",NA,NA
"11894","GCTCCTACCGATTGAATGTTCCGGTGAATACTTCGGACTGCGAATCATTCAGTTTCTGATTTTTTCGCGGAAAGTTGAATAAACCTTAACATTTAGAGGAAGGAGAAGTCGTAACAAGGTTTCC","Eukaryota","Excavata","Discoba",NA,NA,NA,NA,NA
"5620","GCACCTACCGATTGGATGGTCCGGTGAGAATTTCGGATTGTAATTTTCTTGCTTTTATTAGCGAGGATTTCGTGAGAAGTTATTCAAACCTTACCATCTAGAGGAAGGTGAAGTCGTAACAAGGTTTCC","Eukaryota","Opisthokonta","Fungi",NA,NA,NA,NA,NA
"15266","GCTCCTACCGATTGAGTGATCCGGTGAATAATTCGGACTGCAGGAGATCCGGTTCTCGGATCTCAATGCAGGAAGTTTAGTGAACCTTATCACTTAGAGGAAGGAGAAGTCGTAACAAGGTTTCC","Eukaryota","Archaeplastida","Chlorophyta",NA,NA,NA,NA,NA
"17217","GCTCCTACCGATTGAGTGGTCCGGTGAATGATTTGGACCGCAGCAGCATTCAGCTCCTGAACGTTGCAGTGGAAAGTTAAGTGAACCTTGTCACCAAGAGGAAGGAGAAGTCGTAACAATGTTTCC","Eukaryota","Archaeplastida","Streptophyta","Embryophyceae","Embryophyceae_X","Embryophyceae_XX","Pinus",NA
"9251","GCTCCGACCGATTTCGAGTGGTCCGGCGAACCTTTCGGACTGGCTGCGCCCCGTGCAAGGCCGGGAAGTCAAGTAAACCACATCACTTAGAGGACGGAGAAGTCGTAACAAGGTTTCC","Eukaryota","Rhizaria","Radiolaria","Polycystinea",NA,NA,NA,NA
"14870","GCTCCTACCGATTGAGTGATCCGGTGAATAATTCGGACGGTAGTTTTTCGCAGTTCCCTGTGGAAGACCGCTGGAAGTTTAGTGAACCTTATCACTTAGAGGAAGGAGAAGTCGTAACAAGGTTTCT","Eukaryota","Rhizaria","Radiolaria","Polycystinea",NA,NA,NA,NA
"8844","GCTACTACTGATTGAATGGTTCAGTGAGATAATCGGACAGAAAACTTGGCAACTGGCAACAGTTGACGTGCATTTTTGGAAGACGATCAAACTTGGTCATTTAGAGGAGGTAAAAGTCGTAACAAGGTTTCT","Eukaryota","Archaeplastida","Streptophyta",NA,NA,NA,NA,NA
"6146","GCTAATACCGACTAGTTGGTTCAGTGAGTCGCTTGGATTTATAGGTTGGAAGGTCGCAAGGCCGGAAAATCAGTGAAGAGGAATGGCAAACTTGGTCAACCGGAGGAACTGAAAGTCGTAACAAAGTCTCC","Eukaryota","Rhizaria","Cercozoa","Filosa-Thecofilosea","Cryomonadida",NA,NA,NA
"8811","GCTACTACCGATTTGAGAGTTCCGGTGAATATCATGGACTTTGCTAGCAATAGCCGAGGAAGTGCCGTAAATCTTAACTCTTAGAGGAAGTAAAAGTCGTAACAAGGTTTCC","Eukaryota","Archaeplastida","Streptophyta",NA,NA,NA,NA,NA
"10464","GCTCCTACCGATTGAATGATCCGGTGAAAACTATGGATGGAGTGAGTAAGAGTGGTTTCAAACCATATCTTCTTATTTCCAGAAGTGGTTTGAACCTTACCATTTAGAGGAAGGAGAAGTCGTAACAAGGTTTCC","Eukaryota","Archaeplastida","Chlorophyta","Nephroselmidophyceae","Nephroselmidales","Nephroselmidales_X","Nephroselmis",NA
"7860","GCTACTACCGATTGAATGGTTTAGTGAGAACTCGGGATTGGCACGTTTGAGCTGGCAACAGCGCGGACGAGCCGAGAACCTGCTCAAACTTGATCATTTAGAGGAAGTAAAAGTCGTAACAAGGTTTCC","Eukaryota","Archaeplastida","Chlorophyta","Chlorodendrophyceae","Chlorodendrales","Chlorodendraceae","Tetraselmis",NA
"13963","GCTCCTACCGATTGAGTGATCCGGTGAATAATTCAGACTGCAGCAATGTTCAGCTCCTGAATGTTGCAGTGGAAAGTCTGGTGAACCTTATCACTTAGAGGAAGGAGAAGTCGTAACAAGGTTTCC","Eukaryota","Rhizaria","Radiolaria","Polycystinea","Collodaria","Sphaerozoidae",NA,NA
"10215","GCTCCTACCGATTGAACGCCATGGTGAATGCTTCGGACCGTCTGTTTCTTCGGTTCGCCGAGGTTATGGATGGAAAGTTGAGTGAACCCTAGCGTTTAGAGGAAGGAGAAGTCGTAACAAGGTTTCC","Eukaryota","Rhizaria","Radiolaria","Acantharea",NA,NA,NA,NA
"15619","GCTCCTACCGATTGAGTGATCCGGTGAATAATTCGGATTCTGTCAAATTTCTTGTTTGGGATTTGTTGTTAGAAGTTTAGTAAACCTTATCACTTAGAGGAAGGAGAAGTCGTAACAAGGTTTCC","Eukaryota","Alveolata","Dinoflagellata","Dinophyceae","Peridiniales",NA,NA,NA
"13170","GCTCCTACCGATTGAGCAATCCGGTGAGTATTTCGGACTGGCGTTTGCCGGGGCAACTCGGTCGAATGCTGGAAAGTCAGGCTAACCTTATTGCTTAGAGGAAGGAGAAGTCGTAACAAGGTTTCC","Eukaryota","Alveolata","Ciliophora","Oligohymenophorea",NA,NA,NA,NA
"15488","GCTCCTACCGATTGAGTGATCCGGTGAATAATTCGGACTGCGTCGATTTTCGGTTCCCGAAATTCGATGCGGGAAGTTTAGTGAACCTTATCACTTAGAGGAAGGAGAAGTCGTAACAAGGTTTCC","Eukaryota","Alveolata","Ciliophora","Phyllopharyngea","Suctoria",NA,NA,NA
"14908","GCTCCTACCGATTGAGTGATCCGGTGAATAATTCGGACTGAAATCTTAGCCGGCAACGGTTTTGATTTTGGAAAGTCTAGTGAACCTTATCACTTAGAGGAAGGAGAAGTCGTAACAAGGTTTCC","Eukaryota","Alveolata","Dinoflagellata","Dinophyceae","Dinophysiales","Dinophysiaceae",NA,NA
"4343","GCACCTACCGATTGAATGGTCCGGTGAAATTCTCGGACGCGAACGACAGATGTTCATTCGGATGTCGTTTGTGAAAGTTAATTAAACCTTACCATTTAGAGGAAGGTGAAGTCGTAACAAGGTTTCC","Eukaryota","Opisthokonta","Metazoa","Arthropoda","Crustacea","Maxillopoda","Paracalanus",NA
"14290","GCTCCTACCGATTGAGTGATCCGGTGAATAATTCGGACCGAGATGTTATTTGGTTTGCCAAGTTTCGTTTTGGAAAGTCTAGTAAACCTTATCACTTAGAGGAAGGAGAAGTCGTAACAAGGTTTCC","Eukaryota","Alveolata","Apicomplexa",NA,NA,NA,NA,NA
"10385","GCTCCTACCGATTGAATGACTCTGTGAGTAGTTCGGACCGCGAGTTTGAAAGGGTTTCCCAATCTGACTTGTGGAAAGTTCTGCGAACAGCTTCATTTAGAGGAAGGAGAAGTCGTAACAAGGTTTCC","Eukaryota","Alveolata","Dinoflagellata","Dinophyceae","Gonyaulacales","Gonyaulacaceae","Gonyaulax",NA
"22408","GCTTGTACCGATTTGAGTGATCCGGTGAACCTTCTGGACCATGTACTTCCTTGAGTTGTGCGTGGGAAGTTAAGTAAACCTTATCACTTAGAGGAAGAAGAAGTCGTAACAAGGTATCC","Eukaryota","Opisthokonta","Metazoa","Craniata","Craniata_X","Mammalia",NA,NA
"13228","GCTCCTACCGATTGAGCAGTCTGGTGAATATTTCGGACCGGCGATTTGCGGGGCAACCTGCTTGTTGCTGGAAAGTCAAGTAAACCCTACTGCTTAGAGGAAGGAGAAGTCGTAACAAGGTTTCC","Eukaryota","Stramenopiles","Ochrophyta","Bacillariophyta",NA,NA,NA,NA
"15219","GCTCCTACCGATTGAGTGATCCGGTGAATAATTCGGACTGCAGCATTGTCCAGTTCTGGACTTTGCAGCGGAAAGTCTAGTGAACCTTATCACTTAGAGGAAGGAGAAGTCGTAACAAGGTTTCC","Eukaryota","Stramenopiles","Pseudofungi","Oomycota","Oomycota_X","Peronosporales",NA,NA
"15730","GCTCCTACCGATTGAGTGATCCGGTGAATAATTTGGACCTGCGACGATTACAGTTCGCTGTTATCGTTTTTGGAAAATTTAGTGAACCTTATCACTTAGAGGAAGGAGAAGTCGTAACAAGGTTTCC","Eukaryota","Stramenopiles","Sagenista","Labyrinthulomycetes","Labyrinthulales","Labyrinthulaceae",NA,NA
"11484","GCTCCTACCGATTGAATGGTCCGGTGAAGTGTTCGGACCGCTGCGGAGCGGACGGTTCGCCGTCAGCCCCGCGGCGGGAAGTTCATTAAACCTTATCATTTAGAGGAAGGAGAAGTCGTAACAAGGTTTCC","Eukaryota","Stramenopiles","Sagenista","Labyrinthulomycetes","Thraustochytriales","Thraustochytriaceae","Thraustochytrium",NA
"13582","GCTCCTACCGATTGAGTCATCCGGTGGGTAATTCGGACTGCAGCAGTGTTCGGTCCCTGAACGTTACAGCGGGAAGTTTAGTGAACCTTATCACTGAGAGGAAGGAGAAGTCGTAGCAAAGTTTCC","Eukaryota","Stramenopiles","Ochrophyta","Bacillariophyta",NA,NA,NA,NA
"1051","ACACCATGGGAATTGGCTATACCCGAAGGTAGTGTGCTAACCGTAAGGAGGCAGCTAACCACGGTAAGGTCAGTAACTGGGGTGAAGTCGTAACAAGGTAGCC","Eukaryota","Stramenopiles","Opalozoa","Bicoecea","Borokales","Borokaceae","Bicosoecida",NA
"14193","GCTCCTACCGATTGAGTGATCCGGTGAATAATTCGGACCGACAGGCCGCGTGGTCCGCCACATGGTTTGTTGGAAAGTCTAGTGAACCTTATCACTTAGAGGAAGGAGAAGTCGTAACAAGGTTTCC","Eukaryota","Stramenopiles","Sagenista","Labyrinthulomycetes","Thraustochytriales","Thraustochytriaceae",NA,NA
"24257","GTTTCTTCCGACTGGTTCTCATTGTGAATGACGAGGACAGTTTCGACTGAATTCGTTGTGAATGCTGGGTATTGGAGGAAGAAAAAGTCGTAACAAGGTATCT","Eukaryota","Stramenopiles","Ochrophyta","Bacillariophyta","Bacillariophyta_X","Raphid-pennate","Pseudo-nitzschia",NA
"18301","GCTCCTACCGATTGGATGAGTTGGTGAGTTGATCGGAGTAAAAGGTATCTTGCTGCAGAGTTTGTCCCTAATTTTGAAACTTTACAAACTAGATTATCTAGAGGAAGGAGAAGTCGTAACAAGGTTTCC","Eukaryota","Stramenopiles","Ochrophyta","Dictyochophyceae","Dictyochophyceae_X","Pedinellales",NA,NA
"9906","GCTCCTACCGATGAGCGTTTTGGCAAAAACGGTTTGATTGGCTGCTATTTGTGGCATTGTTGACTCTGGCAGTTTGAGCCTTCTCGTTTAGAGGAAGGAGAAGTCGTAGCAAGGTTTCC","Eukaryota","Stramenopiles","Opalozoa","Bicoecea","Bicoecales","Bicoecaceae","Bicosoeca",NA
"21066","GCTGCGACCGATTGGATGTGCTGGTGAAGTGTTCGGATTGATCGATGGTCTGCGGTTCCGCAGCTTTCGGTTGAGATGTTCCCTAAACCCTCACATCTAGAGGATGCAAAAGTCGTAACAAGGTTTCC","Eukaryota","Stramenopiles","Opalozoa","Bicoecea","Anoecales","Caecitellaceae","Caecitellus",NA
"1021","ACACCATGGAAGTTGGTTGAACCTGAACTAATTAGTCTAACCTTCGGGAGGACGATTACTATGGTGCAGCTAGCAACTAGGGTGAAGTCGTAACAAGGTAGGA","Eukaryota","Stramenopiles","Ochrophyta","Bacillariophyta",NA,NA,NA,NA
"11498","GCTCCTACCGATTGAATGGTCCGGTGAAGTGTTCGGATCACGGCGACGGGGGCGGTTCGCCGCCCCCGACGTCGCGAGAAGTCCATTGAACCTTATCATTTAGAGGAAGGAGAAGTCGTAACAAGGTTTCC","Eukaryota","Stramenopiles",NA,NA,NA,NA,NA,NA
"1628","ACACCATGGGAGTTGGTTCTACCCGACGGCCGTGCGCCAACCCGTAAGGGAGGCAGCGGACCACGGTAGGATCAGCGACTGGGGTGAAGTCGTAACAAGGTAGCC","Eukaryota","Stramenopiles","Ochrophyta","Dictyochophyceae","Dictyochophyceae_X","Dictyochales",NA,NA
"18776","GCTCCTACCGATTGGATGGTCCGGTGAAGTGTTCGGATCGCGGCATTGTAGCTGGTTCGCCGGCCACGACGCTGTGAGAAGCTCCCTAAACCTTATCATCTAGAGGAAGGAGAAGTCGTAACAAGGTTTCC","Eukaryota","Stramenopiles","Ochrophyta","Bolidophyceae","Parmales",NA,NA,NA
"15485","GCTCCTACCGATTGAGTGATCCGGTGAATAATTCGGACTGCGGTTTGGGATGGTTCCCATCCCCTACTGCGGAATGTCTAGTGAACCTTATCACTTAGAGGAAGGAGAAGTCGTAACAAGGTTTCC","Eukaryota","Archaeplastida","Chlorophyta","Mamiellophyceae","Mamiellales",NA,NA,NA
"387","AAGCCACGAAAGTTGGGAGGGCCCGAAGTCGCTGAGCGAACAGTTTACTGACGCAGGCGCCGAAGGTCAGCTCGACGATTGGGACTAAGTCGTAACAAGGTAGCC","Eukaryota","Stramenopiles","Sagenista","Labyrinthulomycetes","Thraustochytriales","Thraustochytriaceae","Thraustochytrium",NA
"11760","GCTCCTACCGATTGAATGGTTCGGTGAATTGTCTGGACCGCTGCGTTCTTTATGGCCGTAAGTGGGAAGTTCTGTTAACCATATTATTTAGAGGAAGGAGAAGTCGTAATAAGGTTTCC","Eukaryota","Apusozoa","Apusomonadidae","Apusomonadidae_Group-1","Apusomonadidae_Group-1_X","Apusomonadidae_Group-1_XX","Amastigomonas",NA
"11830","GCTCCTACCGATTGAATGTGCTGGTGAAAAGTTCGGATTAAGAGTGGGGGATAGCAATATTTCCCGCTTTCGAGAAAATCTTTAAACCCTCCCATTTAGAGGAAGGAGAAGTCGTAACAAGGTTTCC","Eukaryota","Stramenopiles","Pseudofungi","Oomycota","Oomycota_X","Peronosporales",NA,NA
"13985","GCTCCTACCGATTGAGTGATCCGGTGAATAATTCGAACTGGGGCAGCGCTCAGTGCCTGGATGCTGCTGTGGGAAGTTTAGTGAACCTTATCACTTAGAGGAAGGAGAAGTCGTAACAAGGTTTCC","Eukaryota","Stramenopiles",NA,NA,NA,NA,NA,NA
"9884","GCTCCTACCGATGAATGTTCCTATGAAATTTTCGGAGAGTGCCTGTGAAGCAGGCTCTGCCTGTCGAACGGGAAGCTCAAAGTCACTTAAATCTGAACATTTCGAGGAAGGAGAAGTCGTAACAAGGTTTCC","Eukaryota","Opisthokonta","Metazoa",NA,NA,NA,NA,NA
"15698","GCTCCTACCGATTGAGTGATCCGGTGAATAATTTGGACCGCTAGCCATGTAGTTTTACTATTTGGTCTGCGGGAAGTCTAGTGAACCTTATCACTTAGAGGAAGGAGAAGTCGTAACAAGGTTTCC","Eukaryota","Stramenopiles","Ochrophyta","Chrysophyceae","Chrysophyceae_X","Chrysophyceae_Clade_C","Ochromonas",NA
"3434","GCACCTACCGATCGAAGGTAATGATGAGCCCTCAGGACAGTCTTATGTTCGCTTCACGGCTTACTGAGATCTGAAATTTGTGCAAATCCTTGCCTTTAGAGGAAGGTGAAGTCGTAACAAGGTTACC","Eukaryota","Hacrobia","Haptophyta","Prymnesiophyceae",NA,NA,NA,NA
"16415","GCTCCTACCGATTGAGTGATCCGGTGAGTTATTTGGACTGAGCTACTTGAGGCAACTCTTGCAGTTTAGAAAATCTCGCAAACCTTATCACTTAGAGGAAGGAGAAGTCGTAACAAGGTTTCC","Eukaryota","Stramenopiles","Ochrophyta","Bacillariophyta",NA,NA,NA,NA
"13705","GCTCCTACCGATTGAGTGATCCGGTAAATAATTCAGACCGTGATCGTGCTCAGTTCCTGAGCGCTTTTGTGGAAAGTTTAGTAAACCTTATCACTTAGAGGAAGGAGAAGTCGTAACAAGGTTTCC","Eukaryota","Stramenopiles","Sagenista","Labyrinthulomycetes",NA,NA,NA,NA
"5010","GCACCTACCGATTGAATGGTTCGATGAAATCTTGGGATTCTTGCGTGGCGGAGTTCTGCTCTGCCGCGCAGGGAGAACTTGCTTAAATCTCATCATTTAGAGGAAGGTGAAGTCGTAACAAGGTTTCC","Eukaryota","Stramenopiles","Ochrophyta","Chrysophyceae",NA,NA,NA,NA
"20406","GCTCCTACTGATTGAGTGATCCGGTGAATATTTTGGATTGCAGCGAAGCTTAGTTCCTAAGCGTTGCAGCATAAAGTTTAGTGAACCTTATCACTTAGAGGAAGGAGAAGTCGTAACAAGGTTTCC","Eukaryota","Stramenopiles","Ochrophyta","Raphidophyceae",NA,NA,NA,NA
"16344","GCTCCTACCGATTGAGTGATCCGGTGAATTGTTTGGACTGTGGCCCCTGCCAGTTTCTGTCAGGAGCTGCGGAAAATCCTGTTAACCTTATCACTTAGAGGAAGGAGAAGTCGTAACAAGGTTTCC","Eukaryota","Stramenopiles","Ochrophyta","Chrysophyceae",NA,NA,NA,NA
"18725","GCTCCTACCGATTGGATGCGTTGGTGAGCATATTGGAGTAATACCTATCTTCTTGAACAGATGATATTGTTTTTTAAAATTAGCAAACTAGATTATCTAGAGGAAGGAGAAGTCGTAACAAGGTTTCC","Eukaryota","Stramenopiles","Ochrophyta","Raphidophyceae",NA,NA,NA,NA
"9099","GCTATTTCCGATCTCGAGTGGTCCGGTGAATCTTTTGGACCGCGGAAGTTCTTCTAAAGTTCTTTCGCGGAAAATCAGGTAAACCTAATCACTTAGAGGAAGTAAAAGTCGTAACAAGGTTTCC","Eukaryota","Rhizaria","Cercozoa","Filosa-Imbricatea","Marimonadida","Marimonadida_X","Pseudopirsonia",NA
"20887","GCTCTTACTGTTTGAGTGGGGTAGTGATGGTATTCAAAGATCAAGTATCGTAACTATCATGCTTAGAGAAAGGAGAAGTCGTAACAAGGTCTCT","Eukaryota","Hacrobia","Haptophyta",NA,NA,NA,NA,NA
"23616","GTTGCTACTGATTGGCTGTAGGGTAGAGATTGGCGGATTTCGAACAGTTGGGGCAACTCTTCAGCTTGGGAGAAACCTATCAATATCCTGCAGTTAGAAGAAGCAAAAGTCTTAACAAACGTGCT","Eukaryota","Archaeplastida","Chlorophyta","Chlorophyceae","Sphaeropleales",NA,NA,NA
"5229","GCACCTACCGATTGAATGTTCCGGTGAACTCCTCGGATTCTTGTTTCGAACCCGCAAGGGAACGTTACAGGGAGAAGTTGCGTAAATCTTAACATTTAGAGGAAGGTGAAGTCGTAACAAGGTTGTC","Eukaryota","Archaeplastida","Chlorophyta","Chlorophyceae",NA,NA,NA,NA
"15429","GCTCCTACCGATTGAGTGATCCGGTGAATAATTCGGACTGCGGCATTGTTCAGTTTCTGAACGTTGTCGTGGAAAGTTTAGTGAACCTTATCACTTAGAGGAAGGAGAAGTCGTAACAAGGTTTCC","Eukaryota","Rhizaria","Cercozoa","Filosa-Imbricatea","Thaumatomonadida","Thaumatomonadidae","Thaumatomastigidae",NA
"17833","GCTCCTACCGATTGGACGACCTGCTGACTACTTCGGACCGCCTGCCCTGCCAGCTCTGGTTTGGGCAGATGGAAAGTTGAGGGAAGCTGAGCGTCTAGAGGAAGGAGAAGTCGTAACAAGGTTTCC","Eukaryota","Stramenopiles","Ochrophyta","Bacillariophyta",NA,NA,NA,NA
"7063","GCTACTACCGATTGAATGATTTAGTGAGGCCTCGGGACTAAAGTTCCTGGTGGCCTTGGTCGCCTCGAGCTGCCGGAAACATCTCAAAACTTGATCATTTAGAGGAAGTAAAAGTCGTAACAAGGTTTCC","Eukaryota","Amoebozoa",NA,NA,NA,NA,NA,NA
"15134","GCTCCTACCGATTGAGTGATCCGGTGAATAATTCGGACTGCAGCAGTGTTCAGTTCCTGAACGTTGCAGTGGAAAGTTTAGTGAACCATATCACTTAGAGGAAGGAGAAGTCGTAACAAGGCTTCC","Eukaryota","Stramenopiles","Ochrophyta","Bacillariophyta",NA,NA,NA,NA
"5992","GCCACCGCCGATTGTATGGTCCGGTGAGCCGTTTGGACTCTGCAAGCCTAGAGCGAGCGGGGAAAGTTCTGCGAACCTTATCATATAGAGGTGGTAAAAGTCGTAACAAGGTACGA","Eukaryota","Stramenopiles","Ochrophyta","Bacillariophyta","Bacillariophyta_X","Radial-centric-basal-Coscinodiscophyceae","Actinocyclus",NA
"9987","GCTCCTACCGATGGGGTGATCCGGTGAATGATTCGGACTCGGATGCTACTAGCTGCTAGCGGCGCTCGAGGAAGTTTTGTGAACCTTATCACTTGGAGGAAGGAGAAGTCGTAACAAGGTTTCC","Eukaryota",NA,NA,NA,NA,NA,NA,NA
"16485","GCTCCTACCGATTGAGTGATGTGGTGAATAATTCGGACTGCAGTAATGTTTGGGTCCCGAACGTAGCAGCGGAAAGGTTAGTGAAACTTATCGCTTAGAGGCAGGAGAAGTCGTAACAAGGTTTCC","Eukaryota","Stramenopiles","Ochrophyta","Bacillariophyta","Bacillariophyta_X","Polar-centric-Mediophyceae","Chaetoceros",NA
"6821","GCTACTACCGATTGAACGTTTTAGTGAGGTCCTCGGACTGTGTGCTTGGCGGATCACTCTGCCTCGCCTGCGGAAAGACGACCAAACTGTAGCGTTTAGAGGAAGTAAAAGTCGTAACAAGGTTTCC","Eukaryota","Stramenopiles","Ochrophyta","Bacillariophyta",NA,NA,NA,NA
"17508","GCTCCTACCGATTGAGTGTTCCGGTGAATAATTCGGACGGCGGCTTTCTTCGGGTTTCCTGACTGATCGCTGCTGGAAGTTTAGTGAACCTTAACACTTAGAGGAAGGAGAAGTCGTAACAAGGTTTCC","Eukaryota","Stramenopiles","Ochrophyta","Bacillariophyta",NA,NA,NA,NA
"6905","GCTACTACCGATTGAATCGTTTAATGAGGTTCAGGGATTGAAGGTTTTGGTTGGCTTGTCCTTCCTTTACTTTTGAGAACTGACACAAATTTGGCGATTTAGAGGAAGTAAAAGTCGTAACAAGGTTTCC","Eukaryota","Archaeplastida","Chlorophyta","Pyramimonadales",NA,NA,NA,NA
"2338","ACATCATGGAAGCCGGCCGCACCCGAAGTGTCCACGCCAACCGCAAGGAGGCAGGGCCCGAAGGTGTAGCTGGTAACTGGGATGAAGTCGTAACAAGGTAGCC","Eukaryota","Rhizaria",NA,NA,NA,NA,NA,NA
"12718","GCTCCTACCGATTGAGCAATCCGGTGAATATTTCGGACCGGACCCTGTCGGGGCAACTCGTTCAGGGACTGGAAAGTCAAGTTAACCTTATTGCTTAGAGGAAGGAGAAGTCGTAACAAGGTTTCC","Eukaryota","Alveolata","Ciliophora","Spirotrichea",NA,NA,NA,NA
"5114","GCACCTACCGATTGAATGGTTCGGTGAAATCTCCGGACTGTGGCTCGCAAGCTTAACGGCGAGCGTGCCACGGGAAGTTGATTAAACCTCACTATTTAGAGGAAGGTGAAGTCGTAACAAGGTTTCC","Eukaryota","Stramenopiles","Ochrophyta","Bacillariophyta",NA,NA,NA,NA
"17780","GCTCCTACCGATTGGAAGGTCCGGTGAGATCTCGGGATTGGCCGTGCGTTCGCGCTGGGCAACTAGCGCGGCACGGCCGAGAACCTGCTCAAACCTTATCTTCTAGAGGAAGGAGAAGTCGTAACAAGGTATCC","Eukaryota","Stramenopiles","Ochrophyta","Bacillariophyta",NA,NA,NA,NA
"9886","GCTCCTACCGATGAATGTTTTGGTAAGATCTCCGGACCGTGCTTTAAGGGGGCTTCGGCTCCGCTTTTTGCTTGGGAAGTTGCTCAAACCGAATCACTTAGAGGAAGGAGAAGTTGTAACAAGGTTTCT","Eukaryota","Hacrobia","Centroheliozoa","Centroheliozoa_X","Pterocystida",NA,NA,NA
"4249","GCACCTACCGATTGAATGGTCCGGTGAAATCTTCGGAGTGCTTCGGTTGTTCTCTTCATTGAGTAACTCCATCGCGCAAAGTTGATTAAACCTTACCATTTAGAGGAAGGTGAAGTCGTAACAAGGTTTCC","Eukaryota","Opisthokonta","Metazoa","Urochordata","Urochordata_X","Appendicularia",NA,NA
"13536","GCTCCTACCGATTGAGTAATCTGGTGAATAATCCGGACTGCAGCAGTGTTTGGTTCCTGAACTTTGCAGCGGAAAGTTTAGTGAACCTTATCACTTAGAGGAAGGAGAAGTCGTAAGAAGGTTTCC","Eukaryota","Opisthokonta","Metazoa","Urochordata","Urochordata_X","Appendicularia","Oikopleura",NA
"18421","GCTCCTACCGATTGGATGATCCGGTGAGACTTTGGGATTGGATTTGTGCGATCTAACGATTGTTCTTTTCTAAAAACTTATTCAAACCTGATCATCTAGAGGAAGGAGAAGTCGTAACAAGGTTTCC","Eukaryota","Stramenopiles","Ochrophyta","Chrysophyceae","Chrysophyceae_X","Chrysophyceae_Clade-F","Paraphysomonas",NA
"7386","GCTACTACCGATTGAATGGCTTAGTGAGCCTTTGGGATTGGCAGCTTGTACCGGCAACGGTAGCAGGCCGCTGAAAACCTAGGCAAACTTGGTCATTTAGAGGAAGTAAAAGTCGTAACAAGGTTTCT","Eukaryota","Opisthokonta","Metazoa","Rotifera",NA,NA,NA,NA
"21882","GCTTCAGCTAATTGATGGTTACTATGAACTATGATAATTAGTAAACTTTTAGAAATTGGAAAAGTCGTAACAAGGTTTTC","Eukaryota","Opisthokonta","Metazoa","Echinodermata",NA,NA,NA,NA
"8888","GCTACTATCGATTGGAGTATTTAGTGAGGTCTACGGACTGGGACCCTTTGGGAGATTTTATATTTCCCTTAGAGATCCAGAAAGTAGCACGAACTTGATGCTCTAGAGAAAGTAAAAGTCGTAACAAGGTTTCT","Eukaryota","Archaeplastida","Chlorophyta","Trebouxiophyceae",NA,NA,NA,NA
"14207","GCTCCTACCGATTGAGTGATCCGGTGAATAATTCGGACCGACGCATTATTTGGTTCGCCAAATAGTGTATTGGAAAGTCTAGTGAACCTTATCACTTAGAGGAAGGAGAAGTCGTAACAAGGTTTCC","Eukaryota","Stramenopiles","Pseudofungi","Hyphochytriomyceta","Hyphochytrydiales","Hyphochrytriaceae","Hyphochytrium",NA
"9186","GCTCCCACCGATTGAGTGATCCGGTGAAAAATTCGGATTGCAGAAGTGTTCAGTTCCTGAACGTTGCAGCGGATAGTTGAGTGAACCTTATCACTTAAAGGAAGGAGAAGTCGTAACAAGGTTTCC","Eukaryota","Stramenopiles","Ochrophyta","Bacillariophyta","Bacillariophyta_X","Polar-centric-Mediophyceae","Lauderia",NA
"16904","GCTCCTACCGATTGAGTGGTCCGGTGAATAATTCGGACTCGCCCTTTTTCGGTTCTCCGAAATCGGCGCGGGAAAGTCTAGTGAACCTTATCACTTAGAGGAAGGAGAAGTCGTAACAAGGTTTCC","Eukaryota","Stramenopiles","Ochrophyta","Bacillariophyta","Bacillariophyta_X","Radial-centric-basal-Coscinodiscophyceae","Leptocylindrus",NA
"14685","GCTCCTACCGATTGAGTGATCCGGTGAATAATTCGGACCTGATTAGATTACAGTTCGCTGTTACCTTTTCGGGAAAGTCTAGTGAACCTTATCACTTAGAGGAAGGAGAAGTCGTAACAAGGTTTCC","Eukaryota","Alveolata","Dinoflagellata","Dinophyceae","Gonyaulacales","Gonyaulacaceae",NA,NA
"14852","GCTCCTACCGATTGAGTGATCCGGTGAATAATTCGGACGGGACTTTATGGTGGTTCTCCACTGTTTAGTCTTGAAAGTCTAGTGAACCTTATCACTTAGAGGAAGGAGAAGTCGTAACAAGGTTTCC","Eukaryota","Alveolata","Dinoflagellata","Noctilucophyceae","Noctilucales",NA,NA,NA
"4645","GCACCTACCGATTGAATGGTCCGGTGAAGCCTCGGGATTTTGGTTCGAATCCTTCATTGGATTTTCGCTGGAAGAACTTGTCTAAACCTTATCATTTAGAGGAAGGTGAAGTCGTAACAAGGTTTCC","Eukaryota","Stramenopiles","Ochrophyta","Bacillariophyta",NA,NA,NA,NA
"2043","ACACTCTGAAAATTTTCATGCCTTGAAGCAAAAGAAGTTCACCGAGAACACACAGCGCAATTAAAAAAAAACATCTTCCCTTTTTTTTCTGTGTCTTTGTTGGAACCTTTTCTAGAGTTAGGGAGGTGATTGGAGTGAAGTCGTAACAAGGTAGCT","Eukaryota","Alveolata","Dinoflagellata","Dinophyceae","Gymnodiniales","Gymnodiniaceae","Paragymnodinium",NA
"10199","GCTCCTACCGATTGAACGATTCAGTGAATTCTCGGGACCTGTGACGCCATTGGGGTTTCCCTTTGGCGTTTTATGGGAACTTGCGTAAACTTCATCGTTTAGAGGAAGGAGAAGTCGTAACAAGGTTTCC","Eukaryota","Archaeplastida","Chlorophyta","Chloropicophyceae","Chloropicales","Chloropicaceae","Chloroparvula",NA
"24258","GTTTCTTCCGACTGGTTCTCATTGTGAATGACGAGGACAGTTTCGACTGAATTCGTTGTGAATGCTGGGTATTGGAGGAAGAAAAAGTCGTAACAAGGTTATC","Eukaryota","Opisthokonta","Metazoa","Mollusca","Bivalvia",NA,NA,NA
"10888","GCTCCTACCGATTGAATGATCCGGTGAGGCCCCCGGATTGTGGCCGCGGCTCTGGTTCGCTAGACTGCGGCTGCGAGAAGCTGTCCAAACCTTATCATTTAGAGGAAGGAGAAGTCGTAACAAGGTTTCC","Eukaryota","Opisthokonta","Metazoa","Cnidaria","Cnidaria_X","Hydrozoa",NA,NA
"16761","GCTCCTACCGATTGAGTGGTCCGGTGAACTGTTCGGACCCTTTTTGGGGAAGTCCCGTCAGCCTTACCACTTAGAGGAAGGAGAAGTCGTAACAAGGTTTCC","Eukaryota","Stramenopiles","Ochrophyta","Bacillariophyta","Bacillariophyta_X","Polar-centric-Mediophyceae","Bacteriastrum",NA
"12497","GCTCCTACCGATTGAGCAATCCGGTGAATATTTCGGACCGAAAGCTAGATAGGTTCGCCTGTTTAGTTTTTGGAAAGTCAAGTGAACCTTATTGCTTAGAGGAAGGAGAAGTCGTAACAAGGTTTCC","Eukaryota","Stramenopiles","Ochrophyta","Bacillariophyta",NA,NA,NA,NA
"14665","GCTCCTACCGATTGAGTGATCCGGTGAATAATTCGGACCTGAGCTTACCGCAGTTCGCTGAGGTATTTTCAGGAAAGTCTAGTGAACCTTACCACTTAGAGGAAGGAGAAGTCGTAACAAGGTTTCC","Eukaryota","Alveolata","Ciliophora","Heterotrichea","Heterotrichea_X","Peritromidae","Peritromus",NA
"22144","GCTTCTACCGATTGAGTGCTTCGGTGAATTATTCGGATAGAATCCCTTTGAGGTTCGCCTCGCTGGGAATCTAGATGTCTTGTAAACCTCAGCACTTAGAGGAAGAAGAAGTCGTAACAAGGTCTCT","Eukaryota","Archaeplastida","Chlorophyta","Chlorophyceae","Chlamydomonadales",NA,NA,NA
"7682","GCTACTACCGATTGAATGGCTTAGTGAGGCTTCAAGATTGGCGCCGCGGGAGGGGCAACTTTCCCATGGGGCCGAGAATCTAGTCAAACTTGGTCATTTAGAGGTCGTAAAAGTCGTAACAAGGTTTCC","Eukaryota","Alveolata","Ciliophora","Spirotrichea","Choreotrichida","Strobilidiidae_I","Pelagostrobilidium",NA
"13824","GCTCCTACCGATTGAGTGATCCGGTGAATAACTCGGACTGCGGTTGTGCTCAGTTCCTGTGCCTGCTGCGGAAAGTTTAGTGAACCTTATCACTTAGAGGAAGGAGAAGTCGTAACAAGGTTTCC","Eukaryota","Apusozoa",NA,NA,NA,NA,NA,NA
"13865","GCTCCTACCGATTGAGTGATCCGGTGAATAATCCGGACTGAAGGAACGTCCAGTCTTGGGTGTTCCTTCAGGAAGTTTAGTGAACCTTATCACTTAGAGGAAGGAGAAGTCGTAACAAGGTTTCC","Eukaryota","Alveolata","Apicomplexa","Gregarinomorphea","Eugregarinorida",NA,NA,NA
"14062","GCTCCTACCGATTGAGTGATCCGGTGAATAATTCGGACCAGCGGCATCATGAGTTCGCTCACGACGCCATTGGAAAGTCTAGTGAGCCTTATCACTTAGAGGAAGGAGAAGTCGTAACAAGGTTTCC","Eukaryota","Stramenopiles","Ochrophyta","Bacillariophyta","Bacillariophyta_X","Radial-centric-basal-Coscinodiscophyceae","Actinocyclus",NA
"15456","GCTCCTACCGATTGAGTGATCCGGTGAATAATTCGGACTGCGGGTAATCCGGTTTTCGGGATCTCCTGCAGGAAGTTTAGTGAACCTTATCACTTAGAGGAAGGAGAAGTCGTAACAAGGTTTCC","Eukaryota","Alveolata","Apicomplexa","Gregarinomorphea","Eugregarinorida","Lecudinidae",NA,NA
"10689","GCTCCTACCGATTGAATGATCCGGTGAGCTATTCGGACCTACGCTTCGTCGATTTTCGGCTTTGTGTGGGAAAGTCTCGCGAACCTTATCATTTAGAGGAAGGAGAAGTCGTAACAAGGTTTCC","Eukaryota","Stramenopiles","Ochrophyta","Bacillariophyta","Bacillariophyta_X","Polar-centric-Mediophyceae","Chaetoceros",NA
"6609","GCTACTACCGATTGAACGGTTTAATGAGTTTCGAGGATCGGAGGTAAGGGGTCCTTGTGGCATCCTTATTCTCTGAGAGCAGACACAAATTTGATCGTTTAGAGGAAGTAAAAGTCGTAACAAGGTTTCC","Eukaryota","Opisthokonta","Metazoa","Arthropoda","Crustacea","Branchiopoda",NA,NA
"11704","GCTCCTACCGATTGAATGGTCCGGTGAGGTTCTCGGATCACGATTTCGACACTGGTTCGCTAGTGACGATTTTGAGAGAAGTTACCCAGACCTTACCATTTAGAGGAAGGAGAAGTCGTAACAAGGTTTCC","Eukaryota","Opisthokonta","Metazoa","Arthropoda",NA,NA,NA,NA
"1924","ACACCCTGGGAGGTAATTCTCTCCAAAGAAGGTATATTTTAGAAGCTCGCATTGCGAATACTTTTAATGAATCATGTTGTAGAAAATATGAATATTCTTAAAAGTGATACTTGAGTATTCTTTTACGAGGGAAAAACTAACTGAGGTGAAGTCGTAACAAGGTAGCT","Eukaryota","Alveolata","Dinoflagellata","Dinophyceae","Peridiniales","Protoperidiniaceae","Protoperidinium",NA
"17114","GCTCCTACCGATTGAGTGGTCCGGTGAATAATTTGGACTGGTGCCGTTTTCGGTTCTCCGAATTCGCGCGCCGGGAAATCTAGTAAACCTTATCACTTAGAGGAAGGAGAAGTCGTAACAAGGTTTCC","Eukaryota","Archaeplastida","Chlorophyta","Mamiellophyceae","Mamiellales","Bathycoccaceae","Bathycoccus",NA
"13782","GCTCCTACCGATTGAGTGATCCGGTGAATAACTCGGACCGCAGCATTGTTCAGTTCCTGGATGAAGTCGTGGAAAGTTTAGTGAACCTTATCACTTAGAGGAAGGAGAAGTCGTAACAAGGTTTCC","Eukaryota","Alveolata","Dinoflagellata","Dinophyceae","Gymnodiniales","Gymnodiniaceae","Gyrodinium",NA
"15457","GCTCCTACCGATTGAGTGATCCGGTGAATAATTCGGACTGCGGGTAATCCGGTTTTCGGGTCTCTCTGCAGGAAGTTTAGTGAACCTTATCACTTAGAGGAAGGAGAAGTCGTAACAAGGTTTCC","Eukaryota","Alveolata","Dinoflagellata","Syndiniales","Dino-Group-I","Dino-Group-I-Clade-4","Euduboscquella",NA
"6978","GCTACTACCGATTGAATGATTTAGTGAATTACAGGGACTTGAACAATTGATTGGGTTTCCTTTCCTTTGTTCTGGGAACTGTCGTAAACTTGACCATTTAGAGGAAGTAAAAGTCGTAACAAGGTTTCC","Eukaryota","Archaeplastida","Chlorophyta","Chloropicophyceae","Chloropicales","Chloropicaceae","Chloroparvula",NA
"9390","GCTCCTACCGACTGAGTGATCCGGTGAATAACTCGGGCTGATGCAGCGATCAGCTTCTGAACGTTTCATAGGAAAGTTTGGTGAACCTTATCACTTAGAGGAAGGAGAAGTCGTAACAAGGTTTCC","Eukaryota","Rhizaria","Radiolaria","Acantharea","Arthracanthida-Symphyacanthida","Arthracanthida-Symphyacanthida_X","Arthracanthida",NA
"9231","GCTCCGACCGATTGAGTGAACCTGTGAATTGTTCGGACTGCAGCAGACACCAGTTCCTGGAGTTTGCAGCGGAAAGTTCTGTAAATAGGTTTGCTTAGAGGATGGAGAAGTCGTAACAAGGTTTCC","Eukaryota","Archaeplastida","Chlorophyta","Chlorophyceae","Chlamydomonadales","Chlamydomonadales_X","Chlamydomonas",NA
"14963","GCTCCTACCGATTGAGTGATCCGGTGAATAATTCGGACTGATGCAGCGCTCAGCTTCTGAATGTTGTGTTGGAAAGTCTAGTGAACCTTATCACTAAGAGGAAGGAGAAGTCGTAACAAGGTTTCC","Eukaryota","Alveolata","Ciliophora","Spirotrichea","Tintinnida",NA,NA,NA
"332","AAGCCACGAAAGCTGGGAGTACCCGAAGTCGTGTACCCAACCGCAAGGAGGGAAGCGCCGACGGTAAGCTCAGTGATTGGGACTAAGTCGTAACAAGGTAGCC","Eukaryota","Alveolata","Apicomplexa",NA,NA,NA,NA,NA
"5301","GCACCTACCGATTGAATGTTTCGGTGAAGATTCCGGATAGGATTACTTGTATTTATTTACTTGTTTTCTTTAAAGCTATCTAAACCTCAACATTTAGAGGAAGGTGAAGTCGTAACAAGGTTTCC","Eukaryota","Alveolata","Dinoflagellata","Dinophyceae","Prorocentrales","Prorocentraceae","Prorocentrum",NA
"7395","GCTACTACCGATTGAATGGCTTAGTGAGCCTTTGGGATTGGCAGCTTGTACCGGCAACGGTAGCAGGCCGCTGTAAACTTAGGCAAACTTGGTCATTTAGAGGAAGTAAAAGTCGTAACAAGGTTTCT","Eukaryota","Rhizaria","Cercozoa","Filosa-Imbricatea","Thaumatomonadida",NA,NA,NA
"12506","GCTCCTACCGATTGAGCAATCCGGTGAATATTTCGGACCGAAATCCATTGGGGCAACTCATTTGGAATTTGGAAAGTCAAGTTAACCTTATTGCTTAGAGGAAGGAGAAGTCGTAACAAGGTTTCC","Eukaryota","Archaeplastida","Rhodophyta","Florideophyceae","Ceramiales","Rhodomelaceae","Vertebrata",NA
"16046","GCTCCTACCGATTGAGTGATCCGGTGAATACTTGGGACCGCGCCAAGGCTAGCCTCTAGTCTCGGCGTGGAAACTTGAGTGAACCTTATCACTTAGAGGAAGGAGAAGTCGTAACAAGGTTTCC","Eukaryota","Opisthokonta","Metazoa","Mollusca","Gastropoda","Heterobranchia",NA,NA
"6124","GCGCCTACCGAGTGAGTGATCCGGTGAATAACTTGGACTGCTGCATTGTTCAGTTACTGACATTGCAGTGGGACATTTCGTGAGTCTTATCACTTAGAGGAAGGAGAAGTCGTAACAAGGTTTCC","Eukaryota","Opisthokonta","Metazoa","Mollusca","Bivalvia",NA,NA,NA
"12132","GCTCCTACCGATTGAGCAATCCGGTGAATAATTCGGACCGAGGATTTGGTTGGTTCGCCAGCCTGATTTTTGGAAAGTCTAGTGAACCTTATTGCTTAGAGGAAGGAGAAGTCGTAACAAGGTTTCC","Eukaryota","Rhizaria","Cercozoa","Filosa-Sarcomonadea","Cercomonadida","Cercomonadidae",NA,NA
"4398","GCACCTACCGATTGAATGGTCCGGTGAAATTTTCGGATCGTGACCCCATCCTTCACGGGACGGGGGCACGAAAAGTTAATTAAACCTTACCATTTAGAGGAAGGTGAAGTCGTAACAAGGTTTCC","Eukaryota","Opisthokonta","Metazoa","Annelida",NA,NA,NA,NA
"11301","GCTCCTACCGATTGAATGGTCCGGTGAAGCGCTCGGATGAATAAGGCGGGGCAGCAATGCTCTGTTTTGTTCAGAAGTTCGTTAAACCTTATCATTTAGAGGAAGGAGAAGTCGTAACAAGGTCTTC","Eukaryota","Alveolata","Ciliophora","Nassophorea","Nassophorea_X","Discotrichidae",NA,NA
"6241","GCTACTACCGATCGAACGTCTTAGTGAATAGTAGGGATACTGGTTACTCGTGGGTTTCCACGTTTGACATGGTAAAACTAACGTGAACTTGAACGTTTAGAGGAAGTAAAAGTCGTAACAAGGTTTCC","Eukaryota","Opisthokonta","Metazoa","Nemertea",NA,NA,NA,NA
"6957","GCTACTACCGATTGAATGATTTAGCGAACTTCAGGGACTTGAAGACCTTTTTGGGTTTCCTTAGTAGTCATCTAGGAACTGACGTAAACTTGACCATTTAGAGGAAGTAAAAGTCGTAACAAGGTTTCC","Eukaryota","Opisthokonta","Metazoa","Cnidaria",NA,NA,NA,NA
"19954","GCTCCTACCGATTTCGAGTGGTCCGGTGAATCTTTCGGACTGCGCGGCGCTTCGTGCGACGTCGCGGAAAGTCAGGTAAACCTTATCACTTAGAGGAAGGAGAAGTCGTAACAAGGTTTCC","Eukaryota","Opisthokonta","Metazoa",NA,NA,NA,NA,NA
"9215","GCTCCCACCGGTTGAGTGATCCGGTGAATAACTCGGACTGATGCAGTGATCAGCTTCTGAACGTTGCATTGGAAAGTTTGGTGAACCTTATCTCTTCGAGAAAGGAGAAGTCGTAACAAGGTTTCC","Eukaryota","Opisthokonta","Metazoa","Nemertea","Nemertea_X","Nemertea_XX","Lineidae",NA
"5095","GCACCTACCGATTGAATGGTTCGGTGAAACTCTCGGACCGTCGCTTGGACGCCTTCTGGCGACTAAGCAATGGGAAGTTATTTAAACCTCATCATTTAGAGGAAGGTGAAGTCGTAACAAGGTTTCC","Eukaryota","Opisthokonta","Metazoa","Chaetognatha","Aphragmophora",NA,NA,NA
"11144","GCTCCTACCGATTGAATGGCTTAGTGAGCTCCATCGACTGTGAGACTATGGGGGGTTTCTCTCATTATTTTACGGGAAGTGGATCAAACTTGATCATTTAGAGGAAGTAAAAGTCGTAACAAGGTTTCC","Eukaryota","Opisthokonta","Metazoa",NA,NA,NA,NA,NA
"14806","GCTCCTACCGATTGAGTGATCCGGTGAATAATTCGGACGGAGCTTTGAGGTAGTAATACTTCTTAGTTCTGAAAGTCTAGTGAACCTTATCACTTAGAGGAAGGAGAAGTCGTAACAAGGTTTCC","Eukaryota","Opisthokonta","Metazoa","Mollusca",NA,NA,NA,NA
"8039","GCTACTACCGATTGAATGGTTTAGTGAGATCTTCGGATTGGCACCGTCGCGGCCTCACGGACGTGTTGGTGCCGAAAAGTTGCTCAAACTTGATCATTTAGAGGAAGTAAAAGTCGTAACAAGGTTTCC","Eukaryota","Opisthokonta","Metazoa",NA,NA,NA,NA,NA
"23823","GTTGCTACTGATTTGTTGGATGGTAGAGATTGCGGATTTCGGCTCATTGGGGCAACTTCAATATTCTGCAGCTAGAAGAGGCAAAAGTCGTAACAAGGTTGCT","Eukaryota","Opisthokonta","Metazoa","Echinodermata",NA,NA,NA,NA
"4569","GCACCTACCGATTGAATGGTCCGGTGAAGCCTCGGGATTGTGATTGGTTCCCTTTATTGGAAGTCAGTTGCAAGAACCTGTCTAAACCTAATCATTTAGAGGAAGGTGAAGTCGTAACAAGGTTTCC","Eukaryota","Opisthokonta","Choanoflagellida","Choanoflagellatea","Craspedida",NA,NA,NA
"317","AAGCCACGAAAGCGGGGGGCGCCTAAAGTCGCTGAGCTATCTCTTCGGAGGGGCAGGTGCCTAGGGCGAACTTCGTGATTGGGACTAAGTCGTAACAAGGTAGCC","Eukaryota","Rhizaria","Cercozoa","Phaeodarea",NA,NA,NA,NA
"21277","GCTGCTACCGATTGAGTGATCCGGTAAACCTTCTGGACTGCGGATAGTTTCGAGCTTTTTGCGGGAAGTTAAGTAAACCATATCACTTAGAGGAAGCAGAAGTCGTAACAAGGTATCT","Eukaryota","Opisthokonta","Metazoa","Mollusca","Bivalvia",NA,NA,NA
"21182","GCTGCTACCGATTGAATGTTTTAGTGAGGTTCAGGGATTGTGCTCTTTTGGGTTTACTCAATTGTAGCGTGAAAACTGAGACAAGCTTGATCATTTAGAGGAAGCAAAAGTCGTAACAAGGTTTCC","Eukaryota","Opisthokonta","Metazoa","Annelida",NA,NA,NA,NA
"13643","GCTCCTACCGATTGAGTGATCCGATAAAAATTCTGAACTACTACTTTCATGCAAGACTGCATCCGGCTGGCAAATTTCGTGAATCATATTACTCAGAGGAAGGAGAAGTCGTAACAAGGTTTCC","Eukaryota","Rhizaria","Cercozoa","Filosa-Imbricatea","Euglyphida",NA,NA,NA
"1620","ACACCATGGGAGTTGGTTCTACCCGACGACGCTGCGCTAACCCTTCGGGGAGGCAAGCGGCCACGGTAGGATTAGCGACTGGGGTGAAGTCGTAACAAGGTAGCC","Eukaryota","Opisthokonta","Metazoa","Annelida",NA,NA,NA,NA
"7080","GCTACTACCGATTGAATGATTTAGTGAGGCCTTCGGACGGGCTCGTCGGGGGTTGAGCGAAGGGGAGCAATCCTCCTAGCCCGGCCCTGATTAACGGCGAGACTGAAAGATGTCCGAACTTGATCCTTTAGAGGAAGTAAAAGTCGTAACAAGGTTTCT","Eukaryota","Opisthokonta","Metazoa","Platyhelminthes","Turbellaria",NA,NA,NA
"6898","GCTACTACCGATTGAATAGTTTAGTGAGATTTTCGGACTGACGCATCGTCGTTGGCAACAGCAATAATGCGTTGGGAAGTTGATCAAACTTGATTATTTAGAGGAAGTAAAAGTCGTAACAAGGTTTCC","Eukaryota","Opisthokonta","Metazoa","Arthropoda","Hexapoda","Insecta","Diptera",NA
"1709","ACACCATGGGAGTTGGTTTTACCCGAAGACGGCGCGCTAACCGCAAGGAGGCAGCCGGCCACGGTAAGGTCAGCGACTGGGGTGAAGTCGTAACAAGGTAGCC","Eukaryota","Opisthokonta","Metazoa","Arthropoda","Hexapoda","Insecta",NA,NA
"7817","GCTACTACCGATTGAATGGTTCAGTGAGTTGTAGGGACCGTGGCTGAGTCACCTTTATTGGAGACACTGCTGTGGGAACTACTGCAAACTTCATCATTTAGAGGAAGGTGAAGTCGTAACAAGGTTTCC","Eukaryota","Opisthokonta","Metazoa","Arthropoda","Hexapoda","Insecta",NA,NA
"10669","GCTCCTACCGATTGAATGATCCGGTGAATGAATTCGACTGCTGTGCCAGACAGTCCGCTGGAAGGTGTGGTGGTAAGCCTTATGAGCCTTATCATTTAGAGGAAGGAGAAGTCGTAACAAGGTTTCC","Eukaryota","Opisthokonta","Metazoa","Arthropoda",NA,NA,NA,NA
"14951","GCTCCTACCGATTGAGTGATCCGGTGAATAATTCGGACTGAGGCAGTTCTCGGTTTCCGAGGACGGCTGCGGGAAGTTTAGTGAACCTTATCACTTAGAGGAAGGAGAAGTCGTAACAAGGTTTCC","Eukaryota","Rhizaria","Cercozoa","Filosa-Imbricatea","Thaumatomonadida","Thaumatomonadidae","Thaumatomastix",NA
"14748","GCTCCTACCGATTGAGTGATCCGGTGAATAATTCGGACCTGTGAGTCTTGCGGTTCGCTGCTTGGCTCGTGGGGAAGTCTAGTGAACCTTATCACTTAGAGGAAGGAGAAGTCGTAACAAGGTTTCC","Eukaryota","Opisthokonta","Fungi","Basidiomycota","Agaricomycotina","Agaricomycetes",NA,NA
"4413","GCACCTACCGATTGAATGGTCCGGTGAACCCTTGGGATTGTGGCATTGTCCCCTTTATTGGAGACGTTGCTGTGAGAACTTGTGTAAACCTTACCATTTAGAGGAAGGTGAAGTCGTAACAAGGTTTCC","Eukaryota","Opisthokonta","Metazoa","Annelida",NA,NA,NA,NA
"19631","GCTCCTACCGATTTCGAGCGATCCGGTGAACCATTCGGACTGGAAAGGCCTCGTGCCGATCTGGGAAGTCTAGTAAACCACATCGCTTAGAGGAAGGAGAAGTCGTAACAAGGTTTCC","Eukaryota","Opisthokonta","Metazoa","Mollusca","Gastropoda",NA,NA,NA
"22623","GTTCCTACCGATTGAATGATCCGGTGGATAGCTTGGACTGTTCTATCACTGAGTTTGCTGGAACTGGTGTGGTAAATCTTATGAGCCGTATCACTTCGAGGACGGAGAAGTCGTACCAAGGTTGCC","Eukaryota","Rhizaria","Cercozoa",NA,NA,NA,NA,NA
"20417","GCTCCTACTGATTGAGTGATCCGTTAAATAATTTGGACTGCAACAATGCTCTGTTCCAGGGCGCTGCTGCGAAAAGGATGGTGAAACTTATCACTTAGAGGAAGGAGAAGTCGTAACAAGGTTTCC","Eukaryota","Opisthokonta","Metazoa","Arthropoda","Crustacea",NA,NA,NA
"12935","GCTCCTACCGATTGAGCAATCCGGTGAATATTTCGGACTGAGAACCGGCGGGGAAACTCGTTCAGTTTTCGGAAAGTCAAGTTAACCTTATTGCTTAGAGGAAGGAGAAGTCGTAACAAGGTTTCC","Eukaryota","Opisthokonta","Metazoa","Mollusca","Bivalvia","Mytiloida",NA,NA
"8702","GCTACTACCGATTGGATGGTTTAGTGAGATTCACGGATCGGACCCGAGGACGGGGGCAACCCCGGCTTCGGTGAGCTGAGAAGTCAATCGAACTGTATCATCTAGAGGAAGTAAAAGTCGTAACAAGGTTTCC","Eukaryota","Opisthokonta","Metazoa","Arthropoda","Crustacea",NA,NA,NA
"14508","GCTCCTACCGATTGAGTGATCCGGTGAATAATTCGGACCGGCGCCTTATTTGGTTCGCCGAATTTGGTGCTGGAAAGTCTAGTGAACCTTATCACTTAGAGGAAGGAGAAGTCGTAACAAGGTTTCC","Eukaryota","Alveolata","Dinoflagellata","Syndiniales","Dino-Group-II","Dino-Group-II-Clade-4","Amoebophrya",NA
"14176","GCTCCTACCGATTGAGTGATCCGGTGAATAATTCGGACCGAATCCTTACTTGGTCCGCCGAGTTTGGAGTTGGAAAGTCTAGTGAACCTTATCACTTAGAGGAAGGAGAAGTCGTAACAAGGTTTCC","Eukaryota","Opisthokonta","Metazoa","Annelida",NA,NA,NA,NA
"14395","GCTCCTACCGATTGAGTGATCCGGTGAATAATTCGGACCGCAGCATCGCTCAGCTCCTGCGCGACGCAGTGGGAAGTTTGGTGAACCTTATCACTTAGAGGAAGGAGAAGTCGTAACAAGGTTTCC","Eukaryota","Opisthokonta","Fungi","Chytridiomycota",NA,NA,NA,NA
"7363","GCTACTACCGATTGAATGGCTTAGTGAGCCTCAGGGACTGTTGCACTGTTGGGGTTTTCCCTGACGGAGCATCGGGAACTGAGTCAAACTTGATCATTTAGAGGAAGTAAAAGTCGTAACAAGGTTTCC","Eukaryota","Opisthokonta","Mesomycetozoa","Ichthyosporea","Ichthyophonida",NA,NA,NA
"5618","GCACCTACCGATTGGATGGTCCGGTGAGAATTTCGGATTGCGTTTTCTTCGCTTTAATTAGCGTTGATTACACAAGAAGTTATTCAAACCTTACCATCTAGAGGAAGGTGAAGTCGTAACAAGGTTTCC","Eukaryota","Hacrobia","Haptophyta","Prymnesiophyceae","Prymnesiales","Chrysochromulinaceae","Chrysochromulina",NA
"11902","GCTCCTACCGATTGAATGTTCCGGTGAATACTTCGGACTGCGAGGTCTGCAGTTTCTGCGCTCCTTGCGGAAAGTTGAATAAACCTTAACATTTAGAGGAAGGAGAAGTCGTAACAAGGTTTCC","Eukaryota","Rhizaria","Cercozoa",NA,NA,NA,NA,NA
"21998","GCTTCTACCGATGTGTTGTTTGGAGAGGTTGTTTGATTTGAGTGGCATAGAGGAAGGAGAAGTCGTAACAAGGTAACC","Eukaryota","Rhizaria","Cercozoa","Filosa-Thecofilosea","Ebriida","Botuliformidae","Botuliforma",NA
"14948","GCTCCTACCGATTGAGTGATCCGGTGAATAATTCGGACTGAGATTCTTCCGGCAACGGTTTGAGTTTTGGAAAGTCTAGTGAACCTTATCACTTAGAGGAAGGAGAAGTCGTAACAAGGTTTCC","Eukaryota","Rhizaria","Cercozoa","Filosa-Imbricatea","Marimonadida","Marimonadida_X","Pseudopirsonia",NA
"21371","GCTGCTACCGATTGAGTGATCCGGTGAATAATTTGGACCGACGTTGTTAACGGTTTCCGTTGGCAATGTTGGAAAATCTCGTAAACCTTATCACTTAGAGGAAGCAGAAGTCGTAACAAGGTTTCC","Eukaryota","Opisthokonta","Metazoa","Arthropoda","Crustacea","Malacostraca",NA,NA
"8581","GCTACTACCGATTGGATGGCTTAGTGAGTACCACGGATCGTCGCGCTTCGTAGGGTTTCCTGCATTGCGTGCTGAAAAGTGGTTCAAACTTGATCATCTAGAGGAAGTAAAAGTCGTAACAAGGTGACC","Eukaryota","Opisthokonta","Metazoa","Arthropoda","Crustacea","Malacostraca",NA,NA
"7934","GCTACTACCGATTGAATGGTTTAGTGAGATCCTCGGATTGGCTTCCTTTGCTCTTCGCGGAGTCGATGCGTAGCCGAAAAGTTGCTCAAACTTGATCATTTAGAGGAAGTAAAAGTCGTAACAAGGTTTCC","Eukaryota","Opisthokonta","Metazoa","Arthropoda","Hexapoda","Insecta",NA,NA
"15035","GCTCCTACCGATTGAGTGATCCGGTGAATAATTCGGACTGCAGCAATGTTCAGCTCCTGAATGTTGCAGTGGAAAGTTTAGTGAACCTTATCACTTAGAGGAAGGAGAAGTCGTAACAAGGTTTCC","Eukaryota","Opisthokonta","Metazoa","Arthropoda",NA,NA,NA,NA
"24155","GTTTCTTCCGACTGATACTCATTGTGAGTTGCCAGGACCCTTCATTAGGAAATGGCTGCGAATGCTTTGTATTGGAGGAAGAAAAAGTCGTAACAAGGTTATC","Eukaryota","Opisthokonta","Metazoa","Arthropoda","Crustacea","Maxillopoda","Paracalanus",NA
"20458","GCTCCTACTGATTGAGTGTGTCGGTGAATAATTTGGACTGCAACAATGCCCTGTTGAACCTCAACACTTAGAGGAAGGAGAAGTCGTAACAAGGTTTCC","Eukaryota","Opisthokonta","Fungi","Ascomycota","Pezizomycotina","Eurotiomycetes",NA,NA
"21034","GCTGCCTCCGATTGAGTGGTCCGGTGAATAATTCGGACCGATAACTCGTTTGGTTCGCCGAACTTGTTGTTGGAAAGTCTAGTAAACCTTATCACTTAGAGGAAGCAAAAGTCGTAACAAGGTTTCC","Eukaryota","Opisthokonta","Fungi","Ascomycota","Pezizomycotina","Eurotiomycetes",NA,NA
"9889","GCTCCTACCGATGAGCAAACCGGTGAATAAGTCGGACCGATAGGTCTGTTGGTTCGCCAGCAGACTTGTTGGAAAGTCTCGTGAACCTTTTTGCTTAGAGGAAGGAGAAGTCGTAACAAGGTTTCC","Eukaryota","Opisthokonta","Fungi","Ascomycota","Pezizomycotina",NA,NA,NA
"7409","GCTACTACCGATTGAATGGCTTAGTGAGCTCCATAGATGGTTCGGTATTGGGGGGTTTCTCCCGTTGCTTTACCAGAAGTGGATCAAACTTGATCATTTAGAGGAAGTAAAAGTCGTAACAAGGTTTCC","Eukaryota","Opisthokonta","Metazoa","Porifera","Porifera_X","Demospongiae",NA,NA
"20686","GCTCTTACCAATCGGTTGTGCTAGTAAGGTGTAAGGTCTAACAAAGACCATGGTATTTTCGTAATACTGAGTAACGTTGAACTTAAATCCCCACTCTAGAGGAAGGAGAAGTCGTAACAAGGTTTCC","Eukaryota","Opisthokonta","Fungi","Basidiomycota",NA,NA,NA,NA
"16212","GCTCCTACCGATTGAGTGATCCGGTGAATTAGTCGGATAGTATAGGAAGCAGTTACTGCTATCTTTTACGAGAAGGCTTGTGAACCTTATCGCTTAGAGGAAGGAGAAGTCGTAACAAGGTTTCC","Eukaryota","Rhizaria","Cercozoa","Filosa-Thecofilosea","Cryomonadida",NA,NA,NA
"16931","GCTCCTACCGATTGAGTGGTCCGGTGAATAATTCGGACTGATGTCTTATTTGGTTTGCCGAATTTGATGTTGGAAAGTTTAGTGAACCTTATCACTTAGAGGAAGGAGAAGTCGTAACAAGGTTTCC","Eukaryota","Opisthokonta","Fungi",NA,NA,NA,NA,NA
"22699","GTTGCCTGTAATGGGTTGTGAGTAGAGCCATTTGGAGATTGCGAGTCTTCTCGCGATCAAAATTGGGCAATACTCGCAACCTAGAAGAGGCAAAAGTCGTAACAAGGTTGCT","Eukaryota","Rhizaria","Cercozoa","Filosa-Thecofilosea","Filosa-Thecofilosea_X","Mataza-lineage","Mataza",NA
"21804","GCTGCTACCGATTTCGAGTGGTCTCGTGAGTCTCATAGACCTAGTCTAGCGATAGGCTGGGGAAGTGAAGCAAACGCTATCACTTAGAGGAAGCAGAAGTCGTAACAAGGTTTCC","Eukaryota","Rhizaria","Cercozoa","Filosa-Thecofilosea","Cryomonadida","Cryothecomonas-lineage","Cryothecomonas",NA
"4703","GCACCTACCGATTGAATGGTCCGGTGAATTCCTCGGACCGTGGCGTCTGCCCCCTTTATTGGGGGCGTCGCTGTGGGAAGTTGATTAAACCTTACCATTTAGAGGAAGGTGAAGTCGTAACAAGGTTTCC","Eukaryota","Rhizaria","Cercozoa","Filosa-Thecofilosea","Cryomonadida","Protaspa-lineage","Protaspa",NA
"9525","GCTCCTACCGATCGAGTAATCCGGTGAATTAGCCGAATGGTGTCCAGTGCAGTTTCTGTGTTGGGCGTCAGAAGGTTTGTGAACCTTATCACTTAGAGGAAGGAGAAGTCGTAACAAGGTTTCC","Eukaryota","Opisthokonta","Fungi","Ascomycota","Saccharomycotina","Saccharomycetales",NA,NA
"13544","GCTCCTACCGATTGAGTAATTCAGGCCTGGATCTCGGGTAGTGATGCGTGAAGTTTAGTGAATCTCATTACTTAGAGGAAGGAGAAGTCGTAACAAGGTTTCC","Eukaryota","Opisthokonta","Metazoa","Porifera","Porifera_X","Demospongiae","Poecilosclerida",NA
"223","AAACCATGGAAGTTGATTTATCCTTAAGTGGGTTTGCTAACCTTCGGGAGGTATCTTACCAAGGATAAGTTGATGACTGGGGTTAAGTCGTAACAAGGTAGCT","Eukaryota","Opisthokonta","Fungi","Ascomycota",NA,NA,NA,NA
"17787","GCTCCTACCGATTGGAAGTGTTGGTGAGTTGTCAGGATTGGAACGCTGGCACCGGTCTCCGGCGCCGCGGGTCGAAAATTTCAACAAACCTGCCCTTCTAGAGGAAGGAGAAGTCGTAACAAGGTTTCC","Eukaryota","Opisthokonta","Fungi","Ascomycota",NA,NA,NA,NA
"16244","GCTCCTACCGATTGAGTGATCCGGTGAATTATTCGGACTGCAGCAGTTTTCGGTTTCCGAGGATTGCAGCGGGAAGTTTCGTGAACCTTATCACTTAGAGGAAGGAGAAGTCGTAACAAGGTTTCC","Eukaryota","Opisthokonta","Metazoa","Urochordata","Urochordata_X","Appendicularia",NA,NA
"20110","GCTCCTACCGATTTTGAGTGATCCGGTAAACATTCTGGACTAATTTGTCTTTGGCGAAGAAGGAAGTTATGTAAACCTTATCACTTAGAGGAAGGAGAAGTCGTAACAAGGTTTCC","Eukaryota","Opisthokonta","Metazoa","Cnidaria","Cnidaria_X","Hydrozoa",NA,NA
"11493","GCTCCTACCGATTGAATGGTCCGGTGAAGTGTTCGGACTGTGGCCGGGCTGACGGTCCGCCGTCGGCTCAGCCGTGGGAAGTTCATTGAACCTTATCATTTAGAGGAAGGAGAAGTCGTAACAAGGTTTCC","Eukaryota","Opisthokonta","Metazoa","Cnidaria","Cnidaria_X","Hydrozoa",NA,NA
"2771","ACTACTACCGATCGTTCCTGTTAATGAACGCTTCGGATTGGTCCCGTAGGCGAGTTTCGGCTTGCTCACGGCGCGCCGAGAAGATTCGTAAATTATCAGGAATAGAGGTCGTAAAAGTCGTAACAAGGTATCC","Eukaryota","Opisthokonta","Metazoa","Cnidaria","Cnidaria_X","Hydrozoa",NA,NA
"21088","GCTGCTACCGATGAGTGATCCGGTAAACCTTCTGGACTGCTAAAGTCTTGAACTTTATGCGGGAAGTTAAGTAAACCATATCACTTAGAGGAAGCAGAAGTCGTAACAAGGTATCT","Eukaryota","Opisthokonta","Metazoa","Platyhelminthes",NA,NA,NA,NA
"18967","GCTCCTACCGATTGGATTTATTGATAATGGTTCATTATCTTTAAAGGAGGTTGTTATATCAGCTACCTTTAATCTATAGGAAGGAGAAGTCGTAACAAGGTTTCC","Eukaryota","Opisthokonta","Metazoa","Cnidaria","Cnidaria_X","Hydrozoa",NA,NA
"10655","GCTCCTACCGATTGAATGATCCGGTGAATATTTCAGACTGTGACTTGTGGCGGTCTCCGTCGCTCGCCGCGGAACGTTTCGTGAACCTTATCATTTAGAGGAAGGAGAAGTCGTAACAAGGTTTCC","Eukaryota","Opisthokonta","Metazoa","Porifera","Porifera_X","Demospongiae",NA,NA
"7966","GCTACTACCGATTGAATGGTTTAGTGAGATCTCCGGATTGGCGCCATCGAAGCTTCACGGCCTTGACGGACTGTCGAAAAGTTGCTCTAACTTGATCATTTAGAGGAAGTAAAAGTCGTAACAAGGTTTCC","Eukaryota","Opisthokonta","Metazoa","Nemertea",NA,NA,NA,NA
"11003","GCTCCTACCGATTGAATGATTCGGTAAGCACTTGGGATTGATTGGTTTTTACCCTCACGGGTTTCGACCGTTGACAACTTGTTCAAACCTAATCATTTAGAGGAAGGAGAAGTCGTAACAAGGTTTCC","Eukaryota","Opisthokonta","Metazoa","Cnidaria","Cnidaria_X","Anthozoa",NA,NA
"23953","GTTGTTTCCGATGATGGTGCAATACAGGTGATCGGACTGGCGAGCCTTGCTTGCCGGAAAGTTCACCGATATTTCTTCAATAGAGGAAGCAAAAGTCGTAACAAGGTAGCT","Eukaryota","Opisthokonta","Metazoa","Echinodermata",NA,NA,NA,NA
"16148","GCTCCTACCGATTGAGTGATCCGGTGAATATTTCAGACCGTGCCTTGAGGCAGTCTCTGTTTCTTGGCGTGGAACGTTTCGTGAACCTTATCACTTAGAGGAAGGAGAAGTCGTAACAAGGTTTCC","Eukaryota","Opisthokonta","Metazoa","Rotifera",NA,NA,NA,NA
"2897","ACTCCTACCGATTGGATGAGTTGGTGAGTGGATTGGAATAATAGCTAATTTCCTGAAAAATGGTTACGCTTGTTGAAATTAAGCAAACTAGATTATCTAGAGGAAGGAGAAGTCGTAACAAGGTTTCC","Eukaryota","Opisthokonta","Metazoa","Echinodermata",NA,NA,NA,NA
"18190","GCTCCTACCGATTGGATGAGTTGGTGAGTGGATTGGAGTAATAGCTATCTTCTTGTTTAGATGGTTGTAATTTTTGAAAATTTGCAAACTAGATTATCTAGAGGAAGGAGAAGTCGTAACAAGGTTTCC","Eukaryota","Opisthokonta","Metazoa","Annelida",NA,NA,NA,NA
"2529","ACATTGTGGGAGTTTATTGGATCTAAAGATATAGTAAAAAATTTCGAGGGTTTGATAAATAACCGTGATGAAGTCGTAACAAGGTAGCT","Eukaryota","Opisthokonta","Metazoa","Nemertea",NA,NA,NA,NA
"6002","GCCACTACCGATTGAATTATTTGGTGAGGCCCACGGACTGTTGCTTGACCTTCCTCGTGTTGGTTCATGCATCTTGGGAAGTGGTACGAACCTGATAATTTAGAGGAAGTAAAAGTCGTAACAAGGTTTCC","Eukaryota","Opisthokonta","Metazoa","Ctenophora",NA,NA,NA,NA
"20903","GCTCTTTCCGATTCATACGTTGGATATAATGTTGACGACATTACTTCATAGTTGATGCCTTTAAATTGTAGTGTGGAGAGGAAGGAAAAGTCGTAACATGGTTTCC","Eukaryota","Opisthokonta","Metazoa","Ctenophora",NA,NA,NA,NA
"23037","GTTGCTACTGATTGACTGTAGTTCAAGTTTACTTGTTCGGTTGGGCGAAACTTATCCATATTCTTCAGCTAGAAGAAGCAAAAGTCGTAACAATGTTGCT","Eukaryota","Opisthokonta","Metazoa","Porifera",NA,NA,NA,NA
"12428","GCTCCTACCGATTGAGCAATCCGGTGAATAGTTCGGACCGAATTTTTAATTGGTTCGCCAGTTTTAAGTTTGGAAAGTCCAGTAAACCTTATTGCTTAGAGGAAGGAGAAGTCGTAACAAGGTTTCC","Eukaryota","Opisthokonta","Metazoa","Cnidaria","Cnidaria_X","Anthozoa",NA,NA
"19869","GCTCCTACCGATTTCGAGTGGTCCGGTGAACCTTTCGGACCGGAGAGGCCCCGTGCCGATCTGGGAAGTCAAGTAAACCACATCACTTAGAGGAAGGAGAAGTCGTAACAAGGTTTCC","Eukaryota","Opisthokonta","Metazoa",NA,NA,NA,NA,NA
"6652","GCTACTACCGATTGAACGGTTTAGTGAGTTATACGGACTTGGCCATCTCGTTGGGTTTCCTTCGAATTGTACCGAGGAAGTAGCGCAAACTTGACCGTTTAGAGGAAGTAAAAGTCGTAACGAGGTTTCC","Eukaryota","Opisthokonta","Metazoa",NA,NA,NA,NA,NA
"21482","GCTGCTACCGATTGAGTGGTCCGGTAAACCTTCTGGATTGCAATTGGCCTTGAGTCTGTTGCGAGAAGTTAAGTAAACCTTATCACTTAGAGGAAGCAGAAGTCGTAACAAGGTATCT","Eukaryota","Rhizaria","Cercozoa","Phaeodarea","Phaeogromida",NA,NA,NA
"8349","GCTACTACCGATTGAATTTTTTAGTGAGGTCCTCGGCCTGTTTGCCTGGCGGATTACTCTGTATCGTTTAGAGGAAGTAAAAGTCATAAAAAGGTTTCC","Eukaryota","Opisthokonta","Metazoa","Porifera","Porifera_X","Demospongiae",NA,NA
"1417","ACACCATGGGAGTTGGCTGCACCAGAAGCCGGTAGTCTAACCGCAAGGGGGACGCCGTCCACGGTGTGGTCAATGACTGGGGTGAAGTCGTAACAAGGTAGCC","Eukaryota","Opisthokonta","Metazoa","Annelida",NA,NA,NA,NA
"15816","GCTCCTACCGATTGAGTGATCCGGTGAATAATTTGGACTGCTGCATTGCTCAGCTTCTGACATTGCGGTGGGAAGTTTAGTGAGTCGTAACAAGATTTCC","Eukaryota","Opisthokonta","Metazoa","Annelida",NA,NA,NA,NA
"22657","GTTCCTACTGATTGAATGTCTCACTGAATCCTTTGATATTCAGTGAACTGATCCGACGGTGGAAAGTTGAATGAACTTCGTCACTTCGAGGAAGGAGAAGTCGCGACAAGGCTTTC","Eukaryota","Rhizaria","Cercozoa",NA,NA,NA,NA,NA
"13677","GCTCCTACCGATTGAGTGATCCGATGAGTATTTCAGACAACAAACAATGTCAGCTTCTGCCACTGATTGCTGAAAGTTCTGCAAGTCTTATCACTTAGAGGAAGGAGAAGTCGTAACAAGGTTTCT","Eukaryota","Apusozoa","Apusomonadidae","Apusomonadidae_Group-1","Apusomonadidae_Group-1_X","Apusomonadidae_Group-1_XX","Amastigomonas",NA
"12086","GCTCCTACCGATTGAGCAATCCGGTGAATAATTCGGACCGAAATGCTTGGGGGTTTCTCCATGCGTTTTGGAAAGTCTAGTGAACCTTATTGCTTAGAGGAAGGAGAAGTCGTAACAAGGTTTCC","Eukaryota","Rhizaria","Radiolaria","Acantharea","Arthracanthida-Symphyacanthida","Arthracanthida-Symphyacanthida_X","Arthracanthida",NA
"7537","GCTACTACCGATTGAATGGCTTAGTGAGCTCTCTGGACTGTTGCATCTTGTTGGAAACTTCAAGGCGCATGCGGGAAGGAGATCAAACTTGATCATTTAGAGGAAGTAAAAGTCGTAACAAGGTTTCC","Eukaryota","Archaeplastida","Rhodophyta","Florideophyceae","Ceramiales","Rhodomelaceae","Vertebrata",NA
"22161","GCTTCTACCGATTGAGTGTCTCGGTGAATACTTTGGACTGTCCCTTCTACGGTTCGCCGTTGTTAGGGACGGAAAATTGAGTGAACCTCGACACTTAGAGGAAGAAGAAGTCGTAACAAGGTTTCC","Eukaryota","Opisthokonta","Metazoa","Annelida",NA,NA,NA,NA
"24279","GTTTTTACAGATTGCGTGACACTGCGCATAATTCGGACTATAGCAATGTTTGCTTCCTGAGCGTCGCAGTTGAAAGTTTGATGGACCTTATCACTTAGACAAAGGAAGGACACGTCGTAACAAGGTTTCC","Eukaryota","Archaeplastida","Rhodophyta","Florideophyceae","Ceramiales","Rhodomelaceae","Vertebrata",NA
"9990","GCTCCTACCGATGGGGTGATCCGGTGAATGATTCGGACTCTGTAGCCTCGCAATGAGTTTTAACGGAGAAAGTCTTGTGAACCTTATCACTTGGAGGAAGGAGAAGTCGTAACAAGGTTTCC","Eukaryota","Alveolata","Ciliophora","Spirotrichea",NA,NA,NA,NA
"16465","GCTCCTACCGATTGAGTGATCTGATAAACGAAGTGAACTTCTATTTTCATGTAGTATGCACTCGGCTAGTGGAAAATTCTGTGAGTCATGTTACTTAGAGGAAGGAGAAGTCGTAACAAGGTTTCC","Eukaryota","Alveolata","Ciliophora","Spirotrichea","Strombidiida","Tontoniidae_B","Pseudotontonia",NA
"17105","GCTCCTACCGATTGAGTGGTCCGGTGAATAATTTGGACTGCAGCATCGTTCAGCACCTGGGCGCTGCGCCAGTAAATTTAATGGATCTTATCACTTAGAGGAAGGAGAAGTCGCAACAAGGTTTCT","Eukaryota","Alveolata","Ciliophora","Spirotrichea","Tintinnida","Tintinnidae",NA,NA
"20604","GCTCCTTCCAATTGGGTTAGCTGTATGTAGACGAATTCTTTCGTTTATTAGTATGCCTAGACCAATTCATTTGTAATTCAATGCCATTAGGCGCCTAGAGGCAGGATAAGTCGTAACATGGTTTCA","Eukaryota","Opisthokonta","Metazoa","Craniata","Craniata_X","Mammalia",NA,NA
"1779","ACACCATGGGAGTTGGTTTTACCTGAAGACGGTGCGCTAACCGCAAGGAGGCAGCCGGCCACGGTAGGGTCAGCGACTGGGGTGAAGTCGTAACAAGGTAGCC","Eukaryota","Opisthokonta","Metazoa","Mollusca","Gastropoda","Heterobranchia",NA,NA
"1102","ACACCATGGGAGTAGGCTGCACCAGAAGTAGGTAGACTAACCGTAAGGAGGTCGCTTACCACGGTGTGGTCTATGACTGGGGTGAAGTCGTAACAAGGTAGCC","Eukaryota","Opisthokonta","Metazoa","Mollusca","Gastropoda","Heterobranchia",NA,NA
"3469","GCACCTACCGATCGAAGGTAATGATGAGCCGTCAGGACCGCTGATTTAGCCTTCACGGGCTTTTTTGGTTGAAATTTCTGCAAATCCTTGCCTTTAGAGGAAGGTGAAGTCGTAACAAGGTTACC","Eukaryota","Alveolata","Ciliophora","Spirotrichea","Choreotrichida",NA,NA,NA
"14782","GCTCCTACCGATTGAGTGATCCGGTGAATAATTCGGACGGAACTTTGCGGTAGTTCTACTGCTTAGTTCTGAAAGTTTAGTGAACCTTATCACTTAGAGGAAGGAGAAGTCGTAACAAGGTTTCC","Eukaryota","Rhizaria","Foraminifera","Monothalamids",NA,NA,NA,NA
"16325","GCTCCTACCGATTGAGTGATCCGGTGAATTGTTCGGACCTGCGTGTTCTCCGGCAACGGAGTTCTTGTGGGAAAGTTCTGTGAACCTTATCACTTAGAGGAAGGAGAAGTCGTAACAAGGTTTCC","Eukaryota","Alveolata","Ciliophora","Oligohymenophorea","Peritrichia_2","Sessilida",NA,NA
"23722","GTTGCTACTGATTGGCTGTAGGGTAGAGTTGGGCGGATTTCGAACAGTTGGGGTGACTCTTCTGTTTGGGAGAAGCCCAGCAATATTCTGCAGCTAGAAGTAGCAAAGGTCGTAACAAGGTTGCT","Eukaryota","Hacrobia","Haptophyta","Prymnesiophyceae","Isochrysidales","Noelaerhabdaceae",NA,NA
"9759","GCTCCTACCGATGAATGTTCCGATGAAATTTTCGGAGAGCGCCTGTGACCCGGGCTCCGCCCGGCGAACGGGAGGCTCAAAGTCACTTAAATCTGGACATTTCGAGGAAGGAGAAGTCGTAACAAGGTTTCC","Eukaryota","Amoebozoa","Lobosa","Discosea-Flabellinia","Dactylopodida","Paramoebidae","Neoparamoeba",NA
"20477","GCTCCTACTGATTGGCGTTTCTTGCAAATTAATGGCCCTTGGCGTCTTCATGATGTCAGGCAGCGCCTTCTGTGAACCAGAGATGCAAGAGGAAGGAGAAGTCGTAACAAGGTCCCC","Eukaryota","Alveolata","Dinoflagellata","Dinophyceae","Gymnodiniales","Gymnodiniaceae",NA,NA
"9981","GCTCCTACCGATGGGAATGCTGGTGAAACCTTCTGATCGCCTGAATTCGTAAGCACAATGCACAGGGATGCTAAGTATGTCGAATCCTCCCACCTAGAGGAAGGAAAAGTCGTAACAAGGTTTCC","Eukaryota","Archaeplastida","Chlorophyta","Mamiellophyceae","Dolichomastigales","Crustomastigaceae","Crustomastix",NA
"23727","GTTGCTACTGATTGGCTGTAGGGTAGATATAAGCGGATCGCGAGCTGTTGGGGCAACTCTTCAGTTTGCGAGAAACTTATCAATATTCTGCAGCTAGAAGAAGCAAAAGTCGTAACAAGGTTGCT","Eukaryota","Alveolata","Dinoflagellata","Dinophyceae","Suessiales","Suessiaceae",NA,NA
"4144","GCACCTACCGATTGAATGGTCCGGTGAAATCCTCGGACTTTGGCTCTGCCTCGCTTTCGGGCGCGGCGTTGCCGAAGGAAGTTGATTAAATCTTACTATTTAGAGGAAGGTGAAGTCGTAACAAGGTTTCC","Eukaryota","Alveolata","Dinoflagellata","Dinophyceae","Gonyaulacales","Goniodomataceae",NA,NA
"18906","GCTCCTACCGATTGGATGTTTCGATGAGCCGTTCGGAGGAAACTGGAGAAGGCGTAAGCTCGGATCCGGTATCCAAAGTTCTGCAAATCTGAATATCTAGAGGAAGGAGAAGTCGTAACAAGGTTTCC","Eukaryota","Alveolata","Dinoflagellata","Dinophyceae","Gonyaulacales","Pyrophacaceae","Fragilidium",NA
"9076","GCTATTACCGATTGAATAATTTAGTGAGGCGTTCCTGGTGGCCTTGATCGCTTCGAGCTGCTGGAAAGATGTCCAAACTTGATCATTTAGAGGAAGTAAAAGTCGTAACAAGGTTTCC","Eukaryota","Alveolata","Dinoflagellata","Dinophyceae","Gonyaulacales",NA,NA,NA
"6671","GCTACTACCGATTGAACGGTTTGATGAGTTCCGAGGATAGATTGCTTCAGGGCTTCGGTCCTGTTGTGATTTAGAGCAGGTGCAAATCTGATCGTTTAGAGGAAGTAAAAGTCGTAACAAGGTTTCC","Eukaryota","Alveolata","Ciliophora","Spirotrichea","Choreotrichida","Leegaardiellidae_B","Leegaardiella",NA
"10228","GCTCCTACCGATTGAACGGTCCGGTGAAGCGTTCGGATGAGTGGGGCGAGGCGGCAACGCTTTACCCCGCTCAGAAGTTCGTTAAACCTTATCATTTAGAGGAAGGAGAAGTCGTAACAAGGTCTTC","Eukaryota","Rhizaria","Radiolaria","Polycystinea","Collodaria","Collosphaeridae",NA,NA
"8685","GCTACTACCGATTGGATGGTTTAGTGAGATCCTCGGATTGGTCCCGGCCCGTTGGGCAACCTTCGGGCCGGTGTGCCGAGAAGACGATCAAACTTGATCCTCTAGAGGAAGTAAAAGTCGTAACAAGGTTTCC","Eukaryota","Alveolata","Ciliophora",NA,NA,NA,NA,NA
"3307","GCACCATGAGAGTTTTGGGGTATTGAAACGAACGTAAGTTTGCCATGTATCCTAAAATGATTGGGGTTAAGTCGTAACAAGGTAATG","Eukaryota","Alveolata","Dinoflagellata","Dinophyceae","Peridiniales","Protoperidiniaceae","Protoperidinium",NA
"10908","GCTCCTACCGATTGAATGATCCGGTGAGGCCTTTGGACCCGATTGATGGTACCGGTTCGCCGGTCCGCCGATCGGGGAAGATGTCCAAACCTTATCATTTAGAGGAAGGAGAAGTCGTAACAAGGTTTCC","Eukaryota","Hacrobia","Haptophyta","Prymnesiophyceae","Prymnesiales","Prymnesiales_X","Chrysocampanula",NA
"15233","GCTCCTACCGATTGAGTGATCCGGTGAATAATTCGGACTGCAGCATTGTTCGGTTCCCGATCGATGCAGCGGAAAGTCTAGTGAACCTTATCACTTAGAGGAAGGAGAAGTCGTAACAAGGTTTCC","Eukaryota","Archaeplastida","Streptophyta",NA,NA,NA,NA,NA
"21630","GCTGCTACCGATTGAGTGTTCCGGTGAATAATTCGGACTGTCGCCTTTTGGGGTTTCCCTTTAGGTAACGGAAAGTTTAGTAAGTCTTAACACTCAGAGGAAGCAGAAGTCGTAACAAGGTTTCC","Eukaryota","Alveolata","Ciliophora","Litostomatea",NA,NA,NA,NA
"6337","GCTACTACCGATCGAGTGGTCAGGTGAACCTTTTGGACAGTATCTCTTCATTGAGAACAGGAATTTAAGTAAATCTTATCACTTAGAGGAAGTAAAAGTCGTAACAAGGTTTCC","Eukaryota","Alveolata","Ciliophora","Litostomatea",NA,NA,NA,NA
"1784","ACACCATGGGAGTTGGTTTTACCTGAAGCCGATTTTTAATCGTCCACGGTAAGGTCAGCGACTGGGGTGAAGTCGTAACAAGGTAGCC","Eukaryota","Alveolata","Ciliophora","Ciliophora_X","Ciliophora_XX","Ciliophora_XXX","Mesodinium",NA
"6230","GCTACTACCGATCGAACGGCCGAGTGAGATCCTTGGACGGGAGTTCAGCGGCGCGCCCCCTCGTGGGTCTCCGCGCCGTTCCTCTCGGAAGACGCTCGAACTCGATCGTTTAGAGGAAGTAAAAGTCGTAACAAGGTTTCC","Eukaryota","Alveolata","Ciliophora",NA,NA,NA,NA,NA
"12909","GCTCCTACCGATTGAGCAATCCGGTGAATATTTCGGACGGATGGCCTTCGGGGCAACTCGTTAGGTCGTCTGAAAGTCAAGTTAACCTTATTGCTTAGAGGAAGGAGAAGTCGTAACAAGGTTTCC","Eukaryota","Amoebozoa",NA,NA,NA,NA,NA,NA
"16642","GCTCCTACCGATTGAGTGCTCAGGTGAGCAGTTCGGGCTTCTAGCATGTCGGTTTCCGATTTTGCTGGGGGAAAGTCTTGCGAACCTTATCACTTAGAGGAAGGAGAAGTCGTAACAAGGGTTCC","Eukaryota","Rhizaria","Radiolaria","Polycystinea","Collodaria",NA,NA,NA
"14314","GCTCCTACCGATTGAGTGATCCGGTGAATAATTCGGACCGATATGGTTAGTGGTCCGCCACTTACCACGTCGGAAAGTCTAGTGAACCTTATCACTTAGAGGAAGGAGAAGTCGTAACAAGGTTTCC","Eukaryota","Rhizaria","Radiolaria","Polycystinea","Nassellaria",NA,NA,NA
"11835","GCTCCTACCGATTGAATGTGCTGGTGAAATGTTCGGATCGGACGCGCATGGCGGTTCGCCGCCGGCGCGTTTGAGAAGTTCATTAAACCCTCCCATTTAGAGGAAGGAGAAGTCGTAACAAGGTTTCC","Eukaryota","Alveolata","Apicomplexa","Gregarinomorphea","Eugregarinorida","Paralecudinids","Paralecudina",NA
"12741","GCTCCTACCGATTGAGCAATCCGGTGAATATTTCGGACCGGAGTTTTTTAGGGCAACTTAAATTACTCTGGAAAGTCAAGTAAACCTTATTGCTTAGAGGAAGGAGAAGTCGTAACAAGGTTTCC","Eukaryota","Alveolata","Dinoflagellata","Syndiniales","Dino-Group-IV","Dino-Group-IV-Hematodinium-Group","Hematodinium",NA
"13671","GCTCCTACCGATTGAGTGATCCGATGAATATCATGGACTGAGAGTTTAAGTAGGTTCGCCTATCTTGGTTCTCGGGAAGTGAAGTAAATCTTATCATTTAGAGGAAGGAGAAGTCGTAACAAGGTTTCC","Eukaryota","Rhizaria","Radiolaria","Polycystinea","Nassellaria",NA,NA,NA
"13987","GCTCCTACCGATTGAGTGATCCGGTGAATAATTCGCACTGCAGCAATATTTAGCTCCTGAACGTTGCAGTGGAAAGTTTAGTGAACCTTATCACTTAGAGGAAGGAGAAGTCGTAACAAGGTTTCC","Eukaryota","Rhizaria","Radiolaria","Polycystinea","Nassellaria","Pterocoryothoidea","Pterocanium",NA
"6705","GCTACTACCGATTGAACGTCTTAGTGAGTTCCGAGGATTTGAACTTTTCGGGTTTTCCCGTCTTGTTTGGAGAGCAGGTGCAAACTTGAACGTTTAGAGGAAGTAAAAGTCGTAACAAGGTTTCC","Eukaryota","Amoebozoa","Lobosa","Discosea-Flabellinia","Dactylopodida",NA,NA,NA
"16178","GCTCCTACCGATTGAGTGATCCGGTGAATATTTCGGACTGCAGCATTGTTCAGTTTCTGAACGTTGCAGCCGAAAGTTGAATGAACCTTATCACTTAGAGGAAGGAGAAGTCGTAAACAGGTTTCC","Eukaryota","Rhizaria","Radiolaria","Polycystinea","Spumellarida","Ethmosphaeridae",NA,NA
"21011","GCTGCCTCCGATTGAGTGATCCGGTGAATACTTCGGACCGATGCCTCGTTTGGTTCGCCGAACTTGGTGCTGGAAAGTTGAGTAAACCTTATCACTTAGAGGAAGCAAAAGTCGTAACAAGGTTTCC","Eukaryota","Rhizaria","Radiolaria","Polycystinea","Spumellarida","Spongodiscidae-Coccodiscidae","Hexacontium",NA
"22956","GTTGCTACCGATTGGGTGACAGATAGAGCTTGTTGGACTGAGGGGGAGTTTTCGGACTCCACCATGGGAAGCCAAGCAATGTTTATCATCTAGAGGAAGCAAAAGTCGTAACAAGGTAGCT","Eukaryota","Rhizaria","Radiolaria","Polycystinea",NA,NA,NA,NA
"9831","GCTCCTACCGATGAATGTTCCGATGAAATTTTCGGAGGGCGCTTGTGAAGCGGAGCGATCCGCGGAACGGGAATCCCGAAGTTGCTTAAATCTGAACATTTCGAGGAAGGAGAAGTCGTAACAAGGTTTCC","Eukaryota","Rhizaria","Foraminifera","Globothalamea",NA,NA,NA,NA
"8782","GCTACTACCGATTGTACGTTTTGGTGAGAAATATGGATCGGACCTCCTTGGGTTGATTCCCACGGTGCTGTGGGAGAAGGTTTTCAAACTTGGGCGTTTTAGAGGAAGTAAAAGTCGTAACAATGTAGTT","Eukaryota","Alveolata","Ciliophora","Spirotrichea","Hypotrichia",NA,NA,NA
"16481","GCTCCTACCGATTGAGTGATGCGGTGAACCATTTGGACTGTTGCGTTGCTTGGGTGCTGAGCCGTGCAGTGGGAAGACC","Eukaryota","Hacrobia","Haptophyta","Prymnesiophyceae","Prymnesiales",NA,NA,NA
"15010","GCTCCTACCGATTGAGTGATCCGGTGAATAATTCGGACTGCAGCAACGCCCAGTTCCTGGATGTTGCAGCAGAAAGTCTAGTGAACCTTATCACTTAGAGGAAGGAGAAGTCGTAACAAGGTTTCC","Eukaryota","Rhizaria","Foraminifera",NA,NA,NA,NA,NA
"1358","ACACCATGGGAGTTGATTTCATTTTAAGCACAGAAGCTAACTATAGTAATATAGAGGCTATGTACCACAGTGGGATTAGTAACTAGGGTGAAGTCGTAACAAGGTAACC","Eukaryota","Alveolata","Dinoflagellata","Noctilucophyceae","Noctilucales","Noctilucaceae","Noctiluca",NA
"12978","GCTCCTACCGATTGAGCAATCCGGTGAATATTTCGGACTGTCGTGCGGGGTGGTTCGCCGCTCCGCGTGTTCAGGAAGTCAAGTGAACCTTATTGCTTAGAGGAAGGAGAAGTCGTAACAAGGTTTCC","Eukaryota","Rhizaria","Radiolaria","Polycystinea","Nassellaria","Plagiacanthoidea","Lithomelissa",NA
"14139","GCTCCTACCGATTGAGTGATCCGGTGAATAATTCGGACCGAAACTTTACTTGGTTCGCCAGGTTTGGTTTTGGAAAGTCTAGTGAACCTTATCACTTAGAGGAAGGAGAAGTCGTAACAAGGTTTCC","Eukaryota","Archaeplastida","Chlorophyta","Ulvophyceae",NA,NA,NA,NA
"12973","GCTCCTACCGATTGAGCAATCCGGTGAATATTTCGGACTGTCGTGCAGGGTGGTTCGCCGCTCTGCGTGTACAGGAAGTCAAGTGAACCTTATTGCTTAGAGGAAGGAGAAGTCGTAACAAGGTTTCC","Eukaryota","Amoebozoa","Lobosa","Discosea-Flabellinia","Dactylopodida","Paramoebidae","Neoparamoeba",NA
"9967","GCTCCTACCGATGGATGAGTTGGTGAGTTAATCGGACTGAGCAGTCGCACCCGCTTGCGGGCGTGTCGGCTCGGGAAACTTTGCAAACTGGATCACCTAGAGGAAGGAGAAGTCGTAACAAGGTTTCC","Eukaryota","Amoebozoa","Lobosa","Discosea-Flabellinia","Dactylopodida","Paramoebidae",NA,NA
"12034","GCTCCTACCGATTGAGCAAACCGGTGAATAATTCGGACCGGTAGGTCTGTTGGTTCGCCAACTAACTTGCTGGAAAGTCTAGTGAACCTTTTTGCTTAGAGGAAGGAGAAGTCGTAACAAGGTTTCC","Eukaryota","Archaeplastida","Chlorophyta","Mamiellophyceae","Dolichomastigales",NA,NA,NA
"9926","GCTCCTACCGATGGAACAAAAAGGTGAATTTGACGGACTTGAGCTTTGGCTTGGGGAAATTAACTGAACCTTTTTGTTTGTAGGAAGGAGAAGTCGTAACAAGGTCTTC","Eukaryota","Archaeplastida","Chlorophyta","Ulvophyceae",NA,NA,NA,NA
"14048","GCTCCTACCGATTGAGTGATCCGGTGAATAATTCGGACCAGAGATACCATGAGTTCGCTCACGGCATCATTGGAAAGTCTAGTGAGCCTTATCACTTAGAGGAAGGAGAAGTCGTAACAAGGTTTCC","Eukaryota","Archaeplastida","Streptophyta",NA,NA,NA,NA,NA
"22813","GTTGCTACCGATTGATCTGCGGGTAGAGATTGGCCGAATGGGCGCCTTAGTGGCAACGCTATTTCGCCTGTGAAACCAATCAATATCCTCAGGTTAGAGGGAGCAAAAGTCGTAACAAGGTTGCT","Eukaryota","Hacrobia","Katablepharidophyta","Katablepharidaceae",NA,NA,NA,NA
"9638","GCTCCTACCGATCGAGTGTTTAGATGAATTTGACGGACTCACGGAAGTTAAATAAATCTGATCACTTAGAGGAAGGAGAAGTCGTAACAAGGTTTCC","Eukaryota","Alveolata","Apicomplexa","Apicomplexa_X","Coccidia",NA,NA,NA
"3078","CCTACTCCTGATTAAACGTTTTAGTGAGGTCCTCGGACTGTTTGCCTGGCGGATTACTCCGCCTGGCTTGCGGGAAGACAACCAAACTGTTGTGTTTAGAGGAAGTAAAAGTCGTAACAAGGTTTCC","Eukaryota","Apusozoa","Apusomonadidae",NA,NA,NA,NA,NA
"19905","GCTCCTACCGATTTCGAGTGGTCCGGTGAAGCTTTCGGACTGCGCGCGGCTCCGTGCCGTGTCGCGGAAAGTCAGCTAAACCATATCACTTAGAGGAAGGAGAAGTCGTAACAAGGTTTCC","Eukaryota","Alveolata","Ciliophora","CONThreeP","CONThreeP_X","CONThreeP_XX","Askenasia",NA
"5270","GCACCTACCGATTGAATGTTTCGGTGAAACTTTCGGACCGTAGTTGGGAGGCCCTCGGGCAGCCCAGTTATGGGAAGTTATTTAAACCTCAACATTTAGAGGAAGGTGAAGTCGTAACAAGGTTTCC","Eukaryota","Rhizaria","Radiolaria","Polycystinea","Nassellaria",NA,NA,NA
"18048","GCTCCTACCGATTGGATGAGATGGTGAGTAAATCTTAATGATTGAAGTTATACTGTAAAGTTGAAGGTCAGTTATATATATTTGCAAACTAAACTATTTAGAGGAAGGAGAAGTCGTAACAAGGTTTCC","Eukaryota","Alveolata","Dinoflagellata","Dinophyceae","Gonyaulacales","Gonyaulacaceae","Gonyaulax",NA
"5630","GCACCTACCGATTGGATGGTCCGGTGAGAATTTCGGATTGTAGCTTCGTCGCTTTCATTAGGGATGTTGCCGTGAGAAGTTATTCAAACCTTACCATCTAGAGGAAGGTGAAGTCGTAACAAGGTTTCC","Eukaryota","Archaeplastida","Streptophyta",NA,NA,NA,NA,NA
"7978","GCTACTACCGATTGAATGGTTTAGTGAGATCTCGAGATTGGCGACGCCATGCCGCGAGGCACGGTGCCGCCGAGAACTTGCTCAAACTTGATCATTTAGAGGAAGTAAAAGTCGTAACAAGGTTTCT","Eukaryota","Hacrobia","Haptophyta","Prymnesiophyceae","Prymnesiales","Chrysochromulinaceae","Chrysochromulina",NA
"18885","GCTCCTACCGATTGGATGTTCCGGTGAATAATTCGGACTGCTGCAATATTCGGATCCCGAACGTTGCTGCGGAAAGTTTAGTGAACCTTAACATCTAGAGGAAGGAGAAGTCGTAACAAGGTTTCC","Eukaryota","Hacrobia","Haptophyta","Prymnesiophyceae","Phaeocystales","Phaeocystaceae","Phaeocystis",NA
"10754","GCTCCTACCGATTGAATGATCCGGTGAGCTTTTTGGACTGTGGCACCGGTTGTGGTTCGCCACTCTGGCGCTGCGGGAAGATGCGCAAACCTTATCATTTAGAGGAAGGAGAAGTCGTAACAAGGTTTCC","Eukaryota","Archaeplastida","Chlorophyta","Mamiellophyceae","Dolichomastigales","Dolichomastigaceae",NA,NA
"20142","GCTCCTACCGATTTTGAGTGATCCGGTAAACTTTCTGGACTGATAGTCATTGGCTGTAAAGGAAGTTAAGTAAGTCTTATCACTTAGAGGAAGGAGAAGTCGTAACAAGGTTTCC","Eukaryota","Archaeplastida","Streptophyta",NA,NA,NA,NA,NA
"2844","ACTACTACTGATTGAATGGTTTAGTGAGAATTTCTGATTGGCACCATCGCGGCCTGAATTCATCATTTAGAGGAAGTAAAAGTCGTAACAAGGTTTCT","Eukaryota","Archaeplastida","Rhodophyta",NA,NA,NA,NA,NA
"17573","GCTCCTACCGATTGAGTGTTCCGGTGAATAATTCGGACTGCGGTTTATTCCAGACTTGGGATTTACCACGGGAAGTCTAGTAAACCTTATCACTTAGAGGAAGGAGAAGTCGTAACAAGGTTTCC","Eukaryota","Archaeplastida","Chlorophyta","Mamiellophyceae","Mamiellales","Mamiellaceae","Micromonas",NA
"8402","GCTACTACCGATTGAGTGCCAGGGTGAGATTTTCGGACTGCGGACGACCAATTGGACTACCAATTGAATGACCGTGGAAAGTTGCTCTAATCCTGCTGCTTAGAGGAAGTAAAGGTCGTAACAAGGTATCT","Eukaryota","Archaeplastida","Chlorophyta","Pyramimonadales","Pyramimonadales_X","Pyramimonadales_XX","Pyramimonas",NA
"20101","GCTCCTACCGATTTGATTCTGTACTGAAATAGCAGACGTAATGAATGAATGACTAAATGAGTTGAAACGTGTTTGATCTGTAGAATTTAGAGGTAGGAAAAGTCGTAACAAGGTTTCT","Eukaryota","Archaeplastida","Streptophyta",NA,NA,NA,NA,NA
"222","AAACCATGGAAGTCGGTTGTACCGGAAGTTAGTGTGCTAACCTGCAAGGGAAGCAGCTACCCAGGGTATGCCCGGTAACCGGGGTGAAGTCGTAACAAGGTAGTC","Eukaryota","Archaeplastida","Chlorophyta","Mamiellophyceae",NA,NA,NA,NA
"23288","GTTGCTACTGATTGGCTGTAGGGTAGAGATCGGCGGAATTCGGTCAGTTGGGGTGACTCTTCTGACTGGGCAAAACCTATCAATATTCTGCAGCTAGAAGAAGCAAAAGTCGTAACAAGGTTGCT","Eukaryota","Archaeplastida","Chlorophyta","Mamiellophyceae","Dolichomastigales","Crustomastigaceae",NA,NA
"17111","GCTCCTACCGATTGAGTGGTCCGGTGAATAATTTGGACTGGTACTCTGTTCGGCTTCCGAACTTGAGTCTGGAAAATTTAGTTAACCTTATCACTTAGAGGAAGGAGAAGTCGTAACAAGGTTTCC","Eukaryota","Archaeplastida","Chlorophyta","Mamiellophyceae","Mamiellales","Mamiellaceae",NA,NA
"22449","GCTTTTTCCGATTGAATGTTTAGTTAAACTTGGTCGAGATGCTGAGTATTTAGAGGAAAAAGAAGTCGTAACAAGGTTTCT","Eukaryota","Archaeplastida","Streptophyta",NA,NA,NA,NA,NA
"21883","GCTTCAGCTAATTGATGGTTTATATTAAATTTTGTATTATTCAATTGTTAGAAATTGGAAAAGTCGTAACAAGGTTTTC","Eukaryota","Archaeplastida","Streptophyta",NA,NA,NA,NA,NA
"16095","GCTCCTACCGATTGAGTGATCCGGTGAATACTTGGGACCGCGTCGATTCCACTTTGTGGATTCGATGTGGAAACTTGAGTGAACCTTATCACTTAGAGGAAGGAGAAGTCGTAACAAGGTTTCC","Eukaryota","Archaeplastida","Streptophyta",NA,NA,NA,NA,NA
"15023","GCTCCTACCGATTGAGTGATCCGGTGAATAATTCGGACTGCAGCAATGCTCAGCTCCTGAACGTTGCAGTGGAAAGTTTAGTGAACCTTATCACTTAGAGGAAGGAGAAGTCGTAACAAGGTTTCC","Eukaryota","Hacrobia","Centroheliozoa","Centroheliozoa_X","Pterocystida",NA,NA,NA
"4885","GCACCTACCGATTGAATGGTCCGGTGAGGACTCTGGATAGGAATTAGAACCCTTTATTGGGATTTGATTATTAGAATTTGTCCAAACCTTATCATTTAGAGGAAGGTGAAGTCGTAACAAGGTTTCC","Eukaryota","Archaeplastida","Rhodophyta","Florideophyceae","Ceramiales",NA,NA,NA
"1119","ACACCATGGGAGTCAGTTGCTCCAGAAGTCGGTGCGCCAACCTCACGGAGGCAGCCGCCCAAGGAGTGACTGGTAACTGGGGTGAAGTCGTAACAAGGTAACC","Eukaryota","Archaeplastida","Chlorophyta","Chloropicophyceae","Chloropicales","Chloropicaceae","Chloropicon",NA
"10003","GCTCCTACCGATGTTTGGTCCGGTGAAATCTTAGGATGCGTAGCATGCACTTGTTTTTGCTCTTTTGTGAAGATGAGTTTGCTGTGGAGAATTTGAGTAAACCTTGCCAAGTAGAGGAAGGAGAAGTCGTAACAAGGTATTC","Eukaryota","Archaeplastida","Chlorophyta","Chlorodendrophyceae","Chlorodendrales","Chlorodendraceae",NA,NA
"20120","GCTCCTACCGATTTTGAGTGATCCGGTAAACTCTCTGGACTGAATTGTCTCGCGATGAAGGAAGTTGAGTAAATCATATCACTTAGAGGAAGGAGAAGTCGTAACAAGGTTTCC","Eukaryota","Rhizaria","Radiolaria","RAD-B","RAD-B_X","RAD-B-Group-IV","Sticholonche",NA
"12249","GCTCCTACCGATTGAGCAATCCGGTGAATAATTTGGATCCGCTGCATCTGGTCAACAGTGTGCGTGCGGAGAAATTTCGTAAACCTTATTGTTTAGAGGAAGGAAAAGTCGTAACAAGGTTTCC","Eukaryota","Alveolata","Dinoflagellata","Dinophyceae","Gymnodiniales","Gymnodiniaceae","Margalefidinium",NA
"11076","GCTCCTACCGATTGAATGATTTGGTAAGCTTTATGGGATTGAGATAGTATCGCCATGTGCAATACAGTGTCAAGAACTTGATCGAAACCAATCATTTAGAGGAAGGAGAAGTCGTAACAAGGTTTCC","Eukaryota","Alveolata","Dinoflagellata","Dinophyceae","Suessiales",NA,NA,NA
"273","AAGCCACCAAAGCGGGGGGCACCCGAAGTCGCCGAAGTGCGCAAGCACAGGCGCCGAAGGTGAAACCCGTGATGGGGACTAAGTCGTAACAAGGTAACC","Eukaryota","Alveolata","Dinoflagellata","Syndiniales","Dino-Group-IV","Dino-Group-IV-Hematodinium-Group","Hematodinium",NA
"6552","GCTACTACCGATTGAACGGCTTAGTGAGTTACAGGGACCGAAATTGTTGTGGGGTTTCCCATTTCAGTCTTGTGGAACTGTATCAAACTTGATCGTTTAGAGGAAGTAAAAGTCGTAACAAGGTTTCC","Eukaryota","Alveolata","Ciliophora",NA,NA,NA,NA,NA
"20056","GCTCCTACCGATTTCGGGTGATTCGGTGAACCATTTGGACCCCCGGAGCCTCGTGTTCTGGAGGAAAATCTAGTAAATCCAATCACCTAGAGGAAGGAGAAGTCGTAACAAGGTTTCC","Eukaryota","Alveolata","Dinoflagellata","Dinophyceae","Gymnodiniales",NA,NA,NA
"18258","GCTCCTACCGATTGGATGAGTTGGTGAGTTAATCGGACTGCGTCTCTGCGCCCGCTTGCGGGTGCGGATATGCGGGAAACTTTGCAAACTGGACTATCTAGAGGAAGGAGAAGTCGTAACAAGGTTTCC","Eukaryota","Alveolata","Dinoflagellata","Dinophyceae","Suessiales","Suessiaceae","Asulcocephalium",NA
"19030","GCTCCTACCGATTGGGGATAATGTTAATTATGGTAGCGCCGTGTCTAGGAATGCAGCTGGATTCTGTAAGGTACATAACTTAGAGGACGGAGAAGTCGTAACAATGTTTCC","Eukaryota","Alveolata","Dinoflagellata","Dinophyceae","Gymnodiniales","Gymnodiniaceae","Akashiwo",NA
"15747","GCTCCTACCGATTGAGTGATCCGGTGAATAATTTGGACTGATGCCGATTTCGGTTGCGGGATTGCGCATTGGGAAATTTAGTGAACCTTATCACTTAGAGGAAGGAGAAGTCGTAACAAGGTTTCC","Eukaryota","Alveolata","Dinoflagellata","Syndiniales",NA,NA,NA,NA
"4736","GCACCTACCGATTGAATGGTCCGGTGAATTCTTCGGATTGTGATTATGAATTGTTTTCGAACAAAACATTTTCGCGAAAAGTTGATTAAACCTTACCATTTAGAGGAAGGTGAAGTCGTAACAAGGTTTCC","Eukaryota","Alveolata","Dinoflagellata","Dinophyceae","Dinophysiales","Dinophysiaceae","Dinophysis",NA
"14477","GCTCCTACCGATTGAGTGATCCGGTGAATAATTCGGACCGGAATCAGCTCTGGGCAACCAGGACTGAGTTTGGAAAGTTTAGTAAACCTTATCACTTAGAGGAAGGAGAAGTCGTAACAAGGTTTCC","Eukaryota","Alveolata","Dinoflagellata","Dinophyceae","Peridiniales","Thoracosphaeraceae","Cryptoperidiniopsis",NA
"16660","GCTCCTACCGATTGAGTGCTCCGGTGAACAATTTGGATTGCTCATATTCAGTGCGAATTTGAAGCGGGAAGTTTAGTGAACCTTATCACTTAGAGGAAGGAGAAGTCGTAACAAGGTTTCT","Eukaryota","Alveolata","Dinoflagellata","Syndiniales","Dino-Group-I","Dino-Group-I-Clade-4","Euduboscquella",NA
"11877","GCTCCTACCGATTGAATGTTCCGGTGAAATATCGGGAGGGCTCTGATTTGGGTTTCACGACTTGAATTAGAACCTGAACTTTTTTAAATCTTAGCATTTAGAGGAAGGAGAAGTCGTAACAAGGTTTCC","Eukaryota","Archaeplastida","Rhodophyta","Florideophyceae","Corallinales",NA,NA,NA
"10368","GCTCCTACCGATTGAATGACCCGGTGAGGCTTTTGGACTGGCCATGCATTCTTGGTGACAAGAGGTGTGGCCGGGAAGATATCCTAACCTTGCCATTTAGAGGAAGGAGAAGCCGTAACAAGGTTTCC","Eukaryota","Alveolata","Perkinsea","Perkinsida",NA,NA,NA,NA
"1220","ACACCATGGGAGTGGGTTGCAAAAGAAGTAGGTAGCTTAACCTTCGGGAGGGCGCTTACCACTTTGTGATTCATGACTTGGGTGAAGTCGTAACAAGGTAACC","Eukaryota","Alveolata","Dinoflagellata","Dinophyceae","Peridiniales","Protoperidiniaceae","Protoperidinium",NA
"11790","GCTCCTACCGATTGAATGGTTTAATGAGCCTCTCGGACTTTGCCGTAAGGCGGAGGAAGTTATGCAAATTTGATCATTTAGAGGAAGCAAAAGTCGTAACAAGGTTTCC","Eukaryota","Archaeplastida","Rhodophyta","Florideophyceae",NA,NA,NA,NA
"3944","GCACCTACCGATTGAATGCTCCCGTGAGGCTCTCGGACTGTGGCGAATGCTCCGTTCATTCGGAACGTCGCCGTAGGAAGTTATCCAAACGTTAGCATTTAGAGGAAGGTGAAGTCGTAACAAGGTTTCC","Eukaryota","Alveolata","Ciliophora","Oligohymenophorea","Scuticociliatia_1","Philasterida",NA,NA
"7906","GCTACTACCGATTGAATGGTTTAGTGAGATCCTCGGACGGGCCGCGGCGGGGCGCCTCTGGCGCCTCGCTCGTGCGCCCGGAAGACGATCGAACTTGATCATTTAGAGGAAGTAAAAGTCGTAACAAGGTTTCC","Eukaryota","Alveolata","Dinoflagellata","Dinophyceae","Peridiniales",NA,NA,NA
"16727","GCTCCTACCGATTGAGTGGTCCGGTAAATAATTCGGATTGTGACAGTGTTCAGTTCTTGAGCACTGCAATGGGAAGTCTAGTGAACCTTATCACTTAGAGGAAGGAGAAGTCGTAACAAGGTTTCT","Eukaryota","Alveolata","Dinoflagellata","Dinophyceae","Dinophysiales","Dinophysiaceae","Dinophysis",NA
"11240","GCTCCTACCGATTGAATGGTCCGGTGAAATCTTCGGATTGTGCGCAGCGAAGGTTCGCTGGAGCTGTGCGTGAGAAGTTGATTAAACCTTATCATTTAGAGGAAGGAGAAGTCGTAACAAGGTTTCC","Eukaryota","Rhizaria","Radiolaria","Polycystinea","Nassellaria","Eurcyrtidioidea","Eucyrtidium",NA
"12790","GCTCCTACCGATTGAGCAATCCGGTGAATATTTCGGACCGGCTGCGTAGTTGGTTCGCCAACTTCACGGCTGGAAAGTCAAGTGAACCTTATTGCTTAGAGGAAGGAGAAGTCGTAACAAGGTTTCC","Eukaryota","Rhizaria","Radiolaria","Polycystinea","Nassellaria","Eurcyrtidioidea","Eucyrtidium",NA
"14119","GCTCCTACCGATTGAGTGATCCGGTGAATAATTCGGACCCGGTTTAAGTACAGTTCGCTGTTCTTTTACTGGGAAAGTCTAGTGAACCTTATCACTTAGAGGAAGGAGAAGTCGTAACAAGGTTTCC","Eukaryota","Archaeplastida","Chlorophyta","Trebouxiophyceae","Chlorellales","Chlorellaceae",NA,NA
"10876","GCTCCTACCGATTGAATGATCCGGTGAGGCCCCCGGACTGTGGCGACGCAGCTGGTTCTCCAGCCGCAATGCCGCGGGAAGCTGTCCAAACCTTATCATTTAGAGGAAGGAGAAGTCGTAACAAGGTTTCC","Eukaryota","Rhizaria","Radiolaria","Polycystinea","Nassellaria","Pterocoryothoidea","Pterocorys",NA
"1046","ACACCATGGGAATTGATTTCATTCGAAGCGGGGATGCTAAAATAGCTACCTTCCACAGTGGAATTAGTAACTAGGGTAAAGTCGTAACAAGGTAACC","Eukaryota","Rhizaria","Radiolaria","Polycystinea","Nassellaria","Pterocoryothoidea","Pterocanium",NA
"2946","AGGTACGAGCGGCCCCGATTGGCCAGCCCTCGTCAAGACGTGCTCGAGCGTCATCGAACTTGTCGTCGCACTGCCATCCATCGACCGTTCCATGCGCGATCCCTGGATAACCACTTCATTCCCGACGCCACCGCG","Eukaryota","Rhizaria","Radiolaria","Polycystinea","Nassellaria","Acanthodesmoidea","Ceratospyris",NA
"3386","GCACCGACCGATTGAATGGTTTGGTGAAACATTGGGATGTTATTGTAGTGGGTTTCATTATCTATTACTCTTACAGAACTGTGTTAAACCACGCCAGTTAGAGATCGGTGAAGTCGTAACAAGGTTTCC","Eukaryota","Rhizaria","Radiolaria","Polycystinea","Nassellaria","Acanthodesmoidea","Ceratospyris",NA
"1728","ACACCATGGGAGTTGGTTTTACCCGAAGCAGGTGCGCTAACCTTTTAGGAGGCAGCCTACCACGGTAAGGTCAGTAACTAGGGTGAAGTCGTAACAAGGTAGCC","Eukaryota","Rhizaria","Radiolaria","Polycystinea","Nassellaria","Plagiacanthoidea","Lithomelissa",NA
"9583","GCTCCTACCGATCGAGTGATCCGGTGAATAATTCGGACCTAGATTTTAGGCGGTTCGCCGTTTATGATTTGGGAAAGTCTAGTAAACCTTATCACTTAGAGGAAGGAGAAGTCGTAACAAGGTTTCC","Eukaryota","Rhizaria","Radiolaria","Acantharea","Chaunacanthida",NA,NA,NA
"7593","GCTACTACCGATTGAATGGCTTAGTGAGCTGTGGGGACCGAGGCCCCGGTTGGGTTTCCTTCCGGGCGCCTTGCGGAACCACATCAAACTTGATCATTTAGAGGAAGTAAAAGTCGTAACAAGGTTTCT","Eukaryota","Archaeplastida","Streptophyta",NA,NA,NA,NA,NA
"13034","GCTCCTACCGATTGAGCAATCCGGTGAATATTTTGGACCGAGACTTCCGGGGCAACTCGCGGAGTTTTGGAAAATCAAGTTAACCTTATTGCTTAGAGGAAGGAGAAGTCGTAACAAGGTTTCC","Eukaryota","Archaeplastida","Chlorophyta","Prasino-Clade-V","Pseudoscourfieldiales","Pycnococcaceae",NA,NA
"12795","GCTCCTACCGATTGAGCAATCCGGTGAATATTTCGGACCGGCTTTCGTCGGGGCAACTCGATCGTTAGTTGGAAAGTCAAGTGAACCTTATTGCTTAGAGGAAGGAGAAGTCGTAACAAGGTTTCC","Eukaryota","Amoebozoa","Lobosa","Discosea-Flabellinia","Vannellida","Vannellidae","Vannella",NA
"12982","GCTCCTACCGATTGAGCAATCCGGTGAATATTTCGGATAGGGATTCGCCCGGTTTTCCGGGTGTTTCTCCTAGAAGTCAAGTGAACCTTATTGCTTAGAGGAAGGAGAAGTCGTAACAAGGTTTCC","Eukaryota","Archaeplastida","Chlorophyta","Chlorophyceae","Chlamydomonadales",NA,NA,NA
"1786","ACACCATGGGAGTTGGTTTTACCTGAAGCTAGTTTGCTAACCGTAAGGAGGCAGCTAACCACGGTAAGATTAGCGACTGGGGTGAAGTCGTAACAAGGTAACC","Eukaryota","Alveolata","Ciliophora","Spirotrichea","Choreotrichida","Strombidinopsidae",NA,NA
"10541","GCTCCTACCGATTGAATGATCCGGTGAATAATTCGAACAGAATATGGATGCCTTGCATACCATTTCAGGAAGTTTGGTAAACCTTATCACTTAGAGGAAGGAGAAGTCGTAACAAGGTTTCC","Eukaryota","Alveolata","Ciliophora","Oligohymenophorea",NA,NA,NA,NA
"16681","GCTCCTACCGATTGAGTGCTTCGGTGAATACTTCGGACCGCAGCATTGTTCAGTTCCTGAGCGTTGCAGTGGGAAGTTGAGTGAACCTCAGCACTTAGAGGAAGGAGAAGTCGTAACAAGGTTTCC","Eukaryota","Alveolata","Ciliophora","Spirotrichea","Choreotrichida","Strobilidiidae",NA,NA
"18799","GCTCCTACCGATTGGATGGTCCGGTGAGATTTCTGGATTGTTTCTGTTGGACCGGTCTCCGGCTCACGTTTACGAGAAGTTGACCAAACCTTATCATCTAGAGGAAGGAGAAGTCGTAACAAGGTATCT","Eukaryota","Alveolata","Ciliophora","Spirotrichea",NA,NA,NA,NA
"16616","GCTCCTACCGATTGAGTGCTCAGGTGAATAATTCGGACCCCAGCAATATTCAGTTCCTGGACGTTGCAGGGGAAAGTCTAGTAAACCTTATCACTTAGAGGAAGGAGAAGTCGTAACAAGGTTTCT","Eukaryota","Alveolata","Ciliophora","Spirotrichea","Choreotrichida","Strombidinopsidae","Strombidinopsis",NA
"2525","ACATTGTGGGAGTTTATTAGATTTAAAGATTTCTTTATAGATTTTAAGAGTTTGATAAATAACCGTGATGAAGTCGTAACAAGGTAGCT","Eukaryota","Alveolata","Ciliophora","Spirotrichea","Tintinnida","Eutintinnidae","Eutintinnus",NA
"21338","GCTGCTACCGATTGAGTGATCCGGTGAATAATTCGGACCGTGGCAACCTTGGGTTTCCATTGTTGCTATGGAAAGTTTAGTAAGTCTTATCACTTAGAGGAAGCAGAAGTCGTAACAAGGTTTCC","Eukaryota","Alveolata","Ciliophora","Phyllopharyngea",NA,NA,NA,NA
"4194","GCACCTACCGATTGAATGGTCCGGTGAAATCTTCGGACCGAGCGTTTGTCAGCAATGATCGATGCTTGGAAAGTCGCTTAAACCTTGCCATTTAGAGGAAGGTGAAGTCGTAACAAGGTTTCC","Eukaryota","Alveolata","Ciliophora","Phyllopharyngea",NA,NA,NA,NA
"10419","GCTCCTACCGATTGAATGATCCGATGAATATCATGGACTGAGAGTATAAGTAGGTTCGCCTATCTTTGCTTCTCGGGAAGTGAAGTAAATCTTATCATTTAGAGGAAGGAGAAGTCGTAACAAGGTTTCC","Eukaryota","Alveolata","Ciliophora","Phyllopharyngea","Cyrtophoria_1","Pithitidae","Pithites",NA
"24334","TCTTCCTGAAGCTTGCCGATGATGGCCTCGTGAGTTTTCAATCCAATTTCTTCCGCGCACTCTTCGAGGGAGACCTCCATCTTGTCCTGATATCGCCGGAACAGCGGGTCCATCTTGCTGATGTCGGCGTTGTCGCGGAACCAGTCGATCTCGTC","Eukaryota","Alveolata","Ciliophora","Colpodea",NA,NA,NA,NA
"15606","GCTCCTACCGATTGAGTGATCCGGTGAATAATTCGGACTTGAATTGATTACAGTTCGCTGTTACCTTTTCAGGAAAGTCTAGTGAACCTTATCACTTAGAGGAAGGAGAAGTCGTAACAAGGTTTCC","Eukaryota","Alveolata","Dinoflagellata","Dinophyceae","Gymnodiniales","Gymnodiniaceae","Margalefidinium",NA
"6987","GCTACTACCGATTGAATGATTTAGTGAATTGCAGGGACTTTGCTGGTCCGTTGGTTTCCTTCGGCCGGCATCGGAACTGCCGTAAACTTGACCATTTAGAGGAAGTAAAAGTCGTAACAAGGTTTCC","Eukaryota","Alveolata","Dinoflagellata","Dinophyceae","Peridiniales","Protoperidiniaceae","Protoperidinium",NA
"13727","GCTCCTACCGATTGAGTGATCCGGTAAATTATTCGGACCGTGAGCATCCCTTAGTGGATTGTTCGTGGAAAGTTTTGTAAACCTTATCACTTAGAGGAAGGAGAAGTCGTAACAAGGTTTCC","Eukaryota","Rhizaria","Foraminifera","Tubothalamea","Miliolida",NA,NA,NA
"15016","GCTCCTACCGATTGAGTGATCCGGTGAATAATTCGGACTGCAGCAAGGCTCAGCTTCTGGGTGTTGCAGCGGAAAGTTTGGTGAACCTTATCACTTAGAGGAAGGAGAAGTCGTAACAAGGTTTCC","Eukaryota","Rhizaria","Foraminifera","Monothalamids","Monothalamids_X","Monothalamids_XX","Astrorhizida",NA
"10198","GCTCCTACCGATTGAACGATTCAGTGAATTCTCGGGACCGTTGATGCCATTGGGGTTTCCCTTTGGCGTTTTATGGGAACTTGCGTAAACTTCATCGTTTAGAGGAAGGAGAAGTCGTAACAAGGTTTCC","Eukaryota","Alveolata","Ciliophora","Spirotrichea","Hypotrichia",NA,NA,NA
"14608","GCTCCTACCGATTGAGTGATCCGGTGAATAATTCGGACCTAGATTATAGGCGGTTCTCCGCTTATAGTTCGGGAAAGTTTAGTGAACCTTATCACTTAGAGGAAGGAGAAGTCGTAACAAGGTTTCC","Eukaryota","Amoebozoa","Lobosa","Discosea-Flabellinia","Vannellida","Vannellidae",NA,NA
"10344","GCTCCTACCGATTGAATGAAGCGGTGAGGCATTTGGACCGGACCAACGCATCAGGTTCGCCTGAAGCGATGGACTGGGAAGTCTTCCAAACCTTTTCATTTAGAGGAAGGAGAAGTCGTAACAAGGTTTCT","Eukaryota","Alveolata","Ciliophora","Oligohymenophorea",NA,NA,NA,NA
"18824","GCTCCTACCGATTGGATGTATCAGTGAGCTGTCGGGACTTCTTTTTGATGTGCCTTCGGGCATGGATGATCGGGGGAACTTCTGCAAACTTATTCATCTAGAGGAAGGAGAAGTCGTAACAAGGTTTCC","Eukaryota","Alveolata","Ciliophora","Oligohymenophorea","Apostomatia","Pseudocolliniidae",NA,NA
"17253","GCTCCTACCGATTGAGTGGTCCGGTGAGCAATTCGGACTTCTGGCATGTCAGTTCCTGGCTATGTTGGGGGGAAGTCTTGCGAACCTTATCACTTAGAGGAAGGAGAAGTCGTAACAAGGTTTCC","Eukaryota","Alveolata","Ciliophora","Oligohymenophorea","Apostomatia","Opalinopsidae","Chromidina",NA
"19399","GCTCCTACCGATTGGGTGTGCTGGTGAAGCTTTTAGATTGGTTCAATTTTAATAGTACAGAGTACTATAAACTGAGCTGAAAATCTTGTTGAACCCTCACATCTAGGGGAAGGAAAAGTCATAACAAGGTTTCC","Eukaryota","Amoebozoa",NA,NA,NA,NA,NA,NA
"1960","ACACCTACCGGTTGAATGATCCGGTGAAATCTTCGGATCGCCCGCCCGCGGCTTGACCCTTTATTAATACGTAAGTTGACAAAAAAAATTATTAATTAATTAAACCTTGTCATTTTTATACATTATACAGGTAGGAAAATGAAATTAAAATTCATAACAAGATTTCT","Eukaryota","Amoebozoa",NA,NA,NA,NA,NA,NA
"9674","GCTCCTACCGATCGGGTGTACCGGTGAAGTGTCTATATTATCGTAAAGTATAAAGAAGCGATTTAATTGTTCCACGTAGAGGAAGGAGAAGTCGTAACAAGGTTTCT","Eukaryota","Hacrobia","Cryptophyta",NA,NA,NA,NA,NA
"8344","GCTACTACCGATTGAATTGTCCTCAAAGGGGGTTGGAGCGGAGATTTTGGCTCAAAAGGCAGGAATTTCTGTAAAGACCGACGATGGGGGCCATTTAGAGGAAGTAAAAGTCGTAACAAGGTTTCC","Eukaryota","Alveolata","Apicomplexa","Gregarinomorphea","Eugregarinorida","Cephaloidophoridae","Cephaloidophora",NA
"9156","GCTCCATCTGATTGGGTGTGCAGGTGAAATTAGTCTTAAATGAAAATCGAAACACTTAAAGAGTAATTGAACAGGTTCACTAAGAAGAAGGAGAAGGCGTAACAAGGTTTCC","Eukaryota","Alveolata","Apicomplexa","Gregarinomorphea","Eugregarinorida","Porosporidae",NA,NA
"1541","ACACCATGGGAGTTGGGTTTACCCGAAGGTGGTGCGCCAACCTGTTCGCAGGAGGCAGCCAACCACGGTAAGCTCAGCGACTGGGGTGAAGTCGTAACAAGGTAGCC","Eukaryota","Alveolata","Apicomplexa","Gregarinomorphea","Eugregarinorida","Cephaloidophoridae",NA,NA
