"","X1","X2","X3","X4","X5","X6","X7","X8","X9","X10","X11","X12","X13","X14","X15","X16","X17","X18","X19","X20","X21","X22","X23","X24","X25","X26","X27","X28","tax2map2_X","tax2map2_kingdom","tax2map2_supergroup","tax2map2_division","tax2map2_class","tax2map2_order","tax2map2_family","tax2map2_genus","tax2map2_species"
"14827","Eukaryota","Stramenopiles","Dictyochophyceae",NA,NA,NA,NA,NA,NA,NA,NA,NA,NA,NA,NA,NA,NA,NA,NA,NA,NA,NA,NA,NA,NA,NA,NA,NA,1051,"Eukaryota","Stramenopiles","Ochrophyta","Dictyochophyceae",NA,NA,NA,NA
"14744","Eukaryota",NA,NA,NA,NA,NA,NA,NA,NA,NA,NA,NA,NA,NA,NA,NA,NA,NA,NA,NA,NA,NA,NA,NA,NA,NA,NA,NA,1,"Eukaryota",NA,NA,NA,NA,NA,NA,NA
"12582","Eukaryota","Stramenopiles",NA,NA,NA,NA,NA,NA,NA,NA,NA,NA,NA,NA,NA,NA,NA,NA,NA,NA,NA,NA,NA,NA,NA,NA,NA,NA,14,"Eukaryota","Stramenopiles",NA,NA,NA,NA,NA,NA
"14401","Eukaryota","Stramenopiles","Pirsoniales","Pirsonia",NA,NA,NA,NA,NA,NA,NA,NA,NA,NA,NA,NA,NA,NA,NA,NA,NA,NA,NA,NA,NA,NA,NA,NA,3486,"Eukaryota","Stramenopiles","Pseudofungi","Pirsonia_Clade","Pirsonia_Clade_X","Pirsonia_Clade_XX","Pirsonia",NA
"7879","Eukaryota","Alveolata","Dinophyceae","Syndiniales",NA,NA,NA,NA,NA,NA,NA,NA,NA,NA,NA,NA,NA,NA,NA,NA,NA,NA,NA,NA,NA,NA,NA,NA,34,"Eukaryota","Alveolata","Dinoflagellata","Syndiniales",NA,NA,NA,NA
"6060","Eukaryota","Opisthokonta","Metazoa","Eumetazoa","Bilateria","Protostomia","Ecdysozoa","Panarthropoda","Arthropoda","Mandibulata","Pancrustacea","Crustacea","Multicrustacea","Hexanauplia","Copepoda","Neocopepoda","Gymnoplea","Calanoida","Calanidae",NA,NA,NA,NA,NA,NA,NA,NA,NA,13,"Eukaryota","Opisthokonta","Metazoa","Arthropoda","Crustacea",NA,NA,NA
"8418","Eukaryota","Stramenopiles","Chrysophyceae",NA,NA,NA,NA,NA,NA,NA,NA,NA,NA,NA,NA,NA,NA,NA,NA,NA,NA,NA,NA,NA,NA,NA,NA,NA,121,"Eukaryota","Stramenopiles","Ochrophyta","Chrysophyceae",NA,NA,NA,NA
"7394","Eukaryota","Stramenopiles","Bacillariophyta","Coscinodiscophyceae","Thalassiosirophycidae","Thalassiosirales",NA,NA,NA,NA,NA,NA,NA,NA,NA,NA,NA,NA,NA,NA,NA,NA,NA,NA,NA,NA,NA,NA,14,"Eukaryota","Stramenopiles","Ochrophyta","Bacillariophyta","Bacillariophyta_X",NA,NA,NA
"20935","Eukaryota","Stramenopiles","unclassified stramenopiles","Olisthodiscus","Olisthodiscus luteus",NA,NA,NA,NA,NA,NA,NA,NA,NA,NA,NA,NA,NA,NA,NA,NA,NA,NA,NA,NA,NA,NA,NA,3487,"Eukaryota","Stramenopiles","Ochrophyta","Ochrophyta_X","Ochrophyta_XX","Ochrophyta_XXX","Olisthodiscus",NA
"18294","Eukaryota","Stramenopiles","Bacillariophyta","Coscinodiscophyceae","Chaetocerotophycidae","Chaetocerotales","Chaetocerotaceae","Chaetoceros",NA,NA,NA,NA,NA,NA,NA,NA,NA,NA,NA,NA,NA,NA,NA,NA,NA,NA,NA,NA,14,"Eukaryota","Stramenopiles","Ochrophyta","Bacillariophyta","Bacillariophyta_X","Polar-centric-Mediophyceae","Chaetoceros",NA
"10051","Eukaryota","Alveolata",NA,NA,NA,NA,NA,NA,NA,NA,NA,NA,NA,NA,NA,NA,NA,NA,NA,NA,NA,NA,NA,NA,NA,NA,NA,NA,1,"Eukaryota","Alveolata",NA,NA,NA,NA,NA,NA
"12130","Eukaryota","Amoebozoa","Evosea","Variosea",NA,NA,NA,NA,NA,NA,NA,NA,NA,NA,NA,NA,NA,NA,NA,NA,NA,NA,NA,NA,NA,NA,NA,NA,382,"Eukaryota","Amoebozoa","Conosa","Variosea",NA,NA,NA,NA
"15801","Eukaryota","Viridiplantae","Chlorophyta","Trebouxiophyceae","Chlorellales",NA,NA,NA,NA,NA,NA,NA,NA,NA,NA,NA,NA,NA,NA,NA,NA,NA,NA,NA,NA,NA,NA,NA,13864,"Eukaryota","Archaeplastida","Chlorophyta","Trebouxiophyceae","Chlorellales",NA,NA,NA
"22554","Eukaryota","Stramenopiles","Raphidophyceae","Chattonellales","Chattonellaceae","Heterosigma","Heterosigma akashiwo",NA,NA,NA,NA,NA,NA,NA,NA,NA,NA,NA,NA,NA,NA,NA,NA,NA,NA,NA,NA,NA,738,"Eukaryota","Stramenopiles","Ochrophyta","Raphidophyceae","Raphidophyceae_X","Raphidophyceae_XX","Heterosigma",NA
"12941","Eukaryota","Rhizaria","Cercozoa","Thecofilosea","Cryomonadida","Protaspidae","Cryothecomonas",NA,NA,NA,NA,NA,NA,NA,NA,NA,NA,NA,NA,NA,NA,NA,NA,NA,NA,NA,NA,NA,25,"Eukaryota","Rhizaria","Cercozoa","Filosa-Thecofilosea","Cryomonadida","Cryothecomonas-lineage","Cryothecomonas",NA
"23992","Eukaryota","Opisthokonta","Metazoa","Eumetazoa","Bilateria","Protostomia","Ecdysozoa","Panarthropoda","Arthropoda","Mandibulata","Pancrustacea","Crustacea","Multicrustacea","Hexanauplia","Copepoda","Neocopepoda","Gymnoplea","Calanoida","Temoridae","Temora",NA,NA,NA,NA,NA,NA,NA,NA,4762,"Eukaryota","Opisthokonta","Metazoa","Arthropoda","Crustacea","Maxillopoda","Temora",NA
"9090","Eukaryota","Opisthokonta","Fungi","Fungi incertae sedis","Chytridiomycota","Chytridiomycetes",NA,NA,NA,NA,NA,NA,NA,NA,NA,NA,NA,NA,NA,NA,NA,NA,NA,NA,NA,NA,NA,NA,117,"Eukaryota","Opisthokonta","Fungi","Chytridiomycota","Chytridiomycotina","Chytridiomycetes",NA,NA
"9883","Eukaryota","Opisthokonta","Metazoa","Eumetazoa","Bilateria","Protostomia","Lophotrochozoa","Mollusca","Bivalvia","Heterodonta","Euheterodonta","Veneroida",NA,NA,NA,NA,NA,NA,NA,NA,NA,NA,NA,NA,NA,NA,NA,NA,509,"Eukaryota","Opisthokonta","Metazoa","Mollusca","Bivalvia","Heteroconchia",NA,NA
"2299","Eukaryota","Opisthokonta","Metazoa","Eumetazoa","Bilateria","Protostomia","Ecdysozoa","Panarthropoda","Arthropoda","Mandibulata","Pancrustacea","Crustacea","Multicrustacea","Hexanauplia","Copepoda","Neocopepoda","Gymnoplea","Calanoida",NA,NA,NA,NA,NA,NA,NA,NA,NA,NA,13,"Eukaryota","Opisthokonta","Metazoa","Arthropoda","Crustacea",NA,NA,NA
"14192","Eukaryota","Alveolata","Dinophyceae",NA,NA,NA,NA,NA,NA,NA,NA,NA,NA,NA,NA,NA,NA,NA,NA,NA,NA,NA,NA,NA,NA,NA,NA,NA,1,"Eukaryota","Alveolata","Dinoflagellata","Dinophyceae",NA,NA,NA,NA
"4565","Eukaryota","unclassified eukaryotes","Picozoa",NA,NA,NA,NA,NA,NA,NA,NA,NA,NA,NA,NA,NA,NA,NA,NA,NA,NA,NA,NA,NA,NA,NA,NA,NA,111,"Eukaryota","Hacrobia","Picozoa",NA,NA,NA,NA,NA
"21048","Eukaryota","Opisthokonta","Metazoa","Eumetazoa","Bilateria","Protostomia","Ecdysozoa","Panarthropoda","Arthropoda","Mandibulata","Pancrustacea","Crustacea",NA,NA,NA,NA,NA,NA,NA,NA,NA,NA,NA,NA,NA,NA,NA,NA,13,"Eukaryota","Opisthokonta","Metazoa","Arthropoda","Crustacea",NA,NA,NA
"14460","Eukaryota","Rhizaria","Cercozoa","Thecofilosea","Ventricleftida","Ventrifissuridae","Ventrifissura",NA,NA,NA,NA,NA,NA,NA,NA,NA,NA,NA,NA,NA,NA,NA,NA,NA,NA,NA,NA,NA,15052,"Eukaryota","Rhizaria","Cercozoa","Filosa-Thecofilosea","Ventricleftida","Ventrifissuridae","Ventrifissura",NA
"13195","Eukaryota","Opisthokonta","Choanoflagellata","Acanthoecida",NA,NA,NA,NA,NA,NA,NA,NA,NA,NA,NA,NA,NA,NA,NA,NA,NA,NA,NA,NA,NA,NA,NA,NA,72,"Eukaryota","Opisthokonta","Choanoflagellida","Choanoflagellatea","Acanthoecida",NA,NA,NA
"13275","Eukaryota","Rhizaria","Cercozoa","Thecofilosea","Ventricleftida","Ventrifissuridae",NA,NA,NA,NA,NA,NA,NA,NA,NA,NA,NA,NA,NA,NA,NA,NA,NA,NA,NA,NA,NA,NA,10053,"Eukaryota","Rhizaria","Cercozoa","Filosa-Thecofilosea","Ventricleftida","Ventrifissuridae",NA,NA
"13365","Eukaryota","Cryptophyta","Cryptomonadales",NA,NA,NA,NA,NA,NA,NA,NA,NA,NA,NA,NA,NA,NA,NA,NA,NA,NA,NA,NA,NA,NA,NA,NA,NA,199,"Eukaryota","Hacrobia","Cryptophyta","Cryptophyceae","Cryptomonadales",NA,NA,NA
"12331","Eukaryota","Rhizaria","Cercozoa",NA,NA,NA,NA,NA,NA,NA,NA,NA,NA,NA,NA,NA,NA,NA,NA,NA,NA,NA,NA,NA,NA,NA,NA,NA,12,"Eukaryota","Rhizaria","Cercozoa",NA,NA,NA,NA,NA
"18157","Eukaryota","Opisthokonta","Metazoa","Eumetazoa","Bilateria","Deuterostomia","Chordata","Tunicata","Ascidiacea",NA,NA,NA,NA,NA,NA,NA,NA,NA,NA,NA,NA,NA,NA,NA,NA,NA,NA,NA,343,"Eukaryota","Opisthokonta","Metazoa","Urochordata","Urochordata_X","Ascidiacea",NA,NA
"15418","Eukaryota","Rhizaria","Cercozoa","Thecofilosea","Ventricleftida",NA,NA,NA,NA,NA,NA,NA,NA,NA,NA,NA,NA,NA,NA,NA,NA,NA,NA,NA,NA,NA,NA,NA,3715,"Eukaryota","Rhizaria","Cercozoa","Filosa-Thecofilosea","Ventricleftida",NA,NA,NA
"12886","Eukaryota","Opisthokonta","Metazoa","Eumetazoa","Bilateria","Protostomia","Ecdysozoa","Panarthropoda","Arthropoda","Mandibulata","Pancrustacea","Crustacea","Multicrustacea","Hexanauplia","Copepoda","Neocopepoda",NA,NA,NA,NA,NA,NA,NA,NA,NA,NA,NA,NA,13,"Eukaryota","Opisthokonta","Metazoa","Arthropoda","Crustacea",NA,NA,NA
"12721","Eukaryota","Rhizaria","Cercozoa","Imbricatea","Marimonadida",NA,NA,NA,NA,NA,NA,NA,NA,NA,NA,NA,NA,NA,NA,NA,NA,NA,NA,NA,NA,NA,NA,NA,455,"Eukaryota","Rhizaria","Cercozoa","Filosa-Imbricatea","Marimonadida",NA,NA,NA
"277","Eukaryota","Opisthokonta","Fungi","Dikarya","Ascomycota","saccharomyceta","Pezizomycotina","leotiomyceta",NA,NA,NA,NA,NA,NA,NA,NA,NA,NA,NA,NA,NA,NA,NA,NA,NA,NA,NA,NA,2,"Eukaryota","Opisthokonta","Fungi","Ascomycota","Pezizomycotina",NA,NA,NA
"683","Eukaryota","Opisthokonta","Fungi","Dikarya","Basidiomycota","Agaricomycotina",NA,NA,NA,NA,NA,NA,NA,NA,NA,NA,NA,NA,NA,NA,NA,NA,NA,NA,NA,NA,NA,NA,48,"Eukaryota","Opisthokonta","Fungi","Basidiomycota","Agaricomycotina",NA,NA,NA
"13687","Eukaryota","Rhizaria","Cercozoa","Thecofilosea","Cryomonadida","Protaspidae","Protaspa","unclassified Protaspa","Protaspa sp.",NA,NA,NA,NA,NA,NA,NA,NA,NA,NA,NA,NA,NA,NA,NA,NA,NA,NA,NA,3109,"Eukaryota","Rhizaria","Cercozoa","Filosa-Thecofilosea","Cryomonadida","Protaspa-lineage","Protaspa",NA
"8810","Eukaryota","Rhizaria","Cercozoa","Thecofilosea",NA,NA,NA,NA,NA,NA,NA,NA,NA,NA,NA,NA,NA,NA,NA,NA,NA,NA,NA,NA,NA,NA,NA,NA,12,"Eukaryota","Rhizaria","Cercozoa",NA,NA,NA,NA,NA
"1994","Eukaryota","Opisthokonta","Fungi","Dikarya","Basidiomycota","Pucciniomycotina",NA,NA,NA,NA,NA,NA,NA,NA,NA,NA,NA,NA,NA,NA,NA,NA,NA,NA,NA,NA,NA,NA,26,"Eukaryota","Opisthokonta","Fungi","Basidiomycota","Pucciniomycotina",NA,NA,NA
"7445","Eukaryota","Opisthokonta","Opisthokonta incertae sedis","Ichthyosporea",NA,NA,NA,NA,NA,NA,NA,NA,NA,NA,NA,NA,NA,NA,NA,NA,NA,NA,NA,NA,NA,NA,NA,NA,159,"Eukaryota","Opisthokonta","Mesomycetozoa","Ichthyosporea",NA,NA,NA,NA
"8510","Eukaryota","Opisthokonta","Metazoa","Eumetazoa","Bilateria","Protostomia","Lophotrochozoa","Annelida","Polychaeta","Palpata","Aciculata","Phyllodocida",NA,NA,NA,NA,NA,NA,NA,NA,NA,NA,NA,NA,NA,NA,NA,NA,22,"Eukaryota","Opisthokonta","Metazoa","Annelida",NA,NA,NA,NA
"9360","Eukaryota","Opisthokonta",NA,NA,NA,NA,NA,NA,NA,NA,NA,NA,NA,NA,NA,NA,NA,NA,NA,NA,NA,NA,NA,NA,NA,NA,NA,NA,2,"Eukaryota","Opisthokonta",NA,NA,NA,NA,NA,NA
"11351","Eukaryota","Opisthokonta","Choanoflagellata",NA,NA,NA,NA,NA,NA,NA,NA,NA,NA,NA,NA,NA,NA,NA,NA,NA,NA,NA,NA,NA,NA,NA,NA,NA,2,"Eukaryota","Opisthokonta",NA,NA,NA,NA,NA,NA
"10119","Eukaryota","Opisthokonta","Fungi",NA,NA,NA,NA,NA,NA,NA,NA,NA,NA,NA,NA,NA,NA,NA,NA,NA,NA,NA,NA,NA,NA,NA,NA,NA,2,"Eukaryota","Opisthokonta","Fungi",NA,NA,NA,NA,NA
"12940","Eukaryota","Rhizaria","Cercozoa","Chlorarachniophyceae",NA,NA,NA,NA,NA,NA,NA,NA,NA,NA,NA,NA,NA,NA,NA,NA,NA,NA,NA,NA,NA,NA,NA,NA,31,"Eukaryota","Rhizaria","Cercozoa","Chlorarachniophyceae",NA,NA,NA,NA
"3452","Eukaryota","unclassified eukaryotes","Telonemia",NA,NA,NA,NA,NA,NA,NA,NA,NA,NA,NA,NA,NA,NA,NA,NA,NA,NA,NA,NA,NA,NA,NA,NA,NA,857,"Eukaryota","Hacrobia","Telonemia",NA,NA,NA,NA,NA
"8472","Eukaryota","Opisthokonta","Metazoa","Eumetazoa","Bilateria","Protostomia","Lophotrochozoa","Annelida","Polychaeta","Scolecida","Spionida",NA,NA,NA,NA,NA,NA,NA,NA,NA,NA,NA,NA,NA,NA,NA,NA,NA,22,"Eukaryota","Opisthokonta","Metazoa","Annelida",NA,NA,NA,NA
"12397","Eukaryota","Opisthokonta","Metazoa","Eumetazoa","Bilateria","Protostomia","Lophotrochozoa","Annelida","Polychaeta","Scolecida",NA,NA,NA,NA,NA,NA,NA,NA,NA,NA,NA,NA,NA,NA,NA,NA,NA,NA,22,"Eukaryota","Opisthokonta","Metazoa","Annelida",NA,NA,NA,NA
"98","Eukaryota","Alveolata","Ciliophora","Intramacronucleata","Spirotrichea",NA,NA,NA,NA,NA,NA,NA,NA,NA,NA,NA,NA,NA,NA,NA,NA,NA,NA,NA,NA,NA,NA,NA,73,"Eukaryota","Alveolata","Ciliophora","Spirotrichea",NA,NA,NA,NA
"13465","Eukaryota","Opisthokonta","Metazoa","Eumetazoa","Cnidaria","Hydrozoa","Trachylinae","Trachymedusae","Geryoniidae","Liriope","Liriope tetraphylla",NA,NA,NA,NA,NA,NA,NA,NA,NA,NA,NA,NA,NA,NA,NA,NA,NA,7312,"Eukaryota","Opisthokonta","Metazoa","Cnidaria","Cnidaria_X","Hydrozoa","Liriope",NA
"6536","Eukaryota","Opisthokonta","Metazoa","Eumetazoa","Cnidaria","Hydrozoa","Trachylinae","Trachymedusae","Geryoniidae",NA,NA,NA,NA,NA,NA,NA,NA,NA,NA,NA,NA,NA,NA,NA,NA,NA,NA,NA,169,"Eukaryota","Opisthokonta","Metazoa","Cnidaria","Cnidaria_X","Hydrozoa",NA,NA
"12067","Eukaryota","Opisthokonta","Metazoa","Eumetazoa",NA,NA,NA,NA,NA,NA,NA,NA,NA,NA,NA,NA,NA,NA,NA,NA,NA,NA,NA,NA,NA,NA,NA,NA,7,"Eukaryota","Opisthokonta","Metazoa",NA,NA,NA,NA,NA
"13998","Eukaryota","Opisthokonta","Metazoa","Eumetazoa","Bilateria",NA,NA,NA,NA,NA,NA,NA,NA,NA,NA,NA,NA,NA,NA,NA,NA,NA,NA,NA,NA,NA,NA,NA,7,"Eukaryota","Opisthokonta","Metazoa",NA,NA,NA,NA,NA
"5732","Eukaryota","Opisthokonta","Metazoa","Eumetazoa","Bilateria","Protostomia","Ecdysozoa","Panarthropoda","Arthropoda","Mandibulata","Pancrustacea","Crustacea","Multicrustacea","Hexanauplia","Copepoda","Neocopepoda","Gymnoplea","Calanoida","Paracalanidae",NA,NA,NA,NA,NA,NA,NA,NA,NA,13,"Eukaryota","Opisthokonta","Metazoa","Arthropoda","Crustacea",NA,NA,NA
"7275","Eukaryota","Opisthokonta","Metazoa","Eumetazoa","Bilateria","Protostomia","Ecdysozoa","Panarthropoda","Arthropoda","Mandibulata","Pancrustacea","Crustacea","Multicrustacea","Malacostraca","Eumalacostraca","Eucarida","Euphausiacea",NA,NA,NA,NA,NA,NA,NA,NA,NA,NA,NA,13,"Eukaryota","Opisthokonta","Metazoa","Arthropoda","Crustacea","Malacostraca",NA,NA
"11862","Eukaryota","Opisthokonta","Metazoa","Eumetazoa","Bilateria","Protostomia","Ecdysozoa","Panarthropoda","Arthropoda","Mandibulata","Pancrustacea","Hexapoda","Insecta","Dicondylia","Pterygota","Neoptera","Holometabola",NA,NA,NA,NA,NA,NA,NA,NA,NA,NA,NA,19,"Eukaryota","Opisthokonta","Metazoa","Arthropoda","Hexapoda","Insecta",NA,NA
"11894","Eukaryota","Discoba",NA,NA,NA,NA,NA,NA,NA,NA,NA,NA,NA,NA,NA,NA,NA,NA,NA,NA,NA,NA,NA,NA,NA,NA,NA,NA,11,"Eukaryota","Excavata","Discoba",NA,NA,NA,NA,NA
"5620","Eukaryota","Opisthokonta","Fungi","Fungi incertae sedis",NA,NA,NA,NA,NA,NA,NA,NA,NA,NA,NA,NA,NA,NA,NA,NA,NA,NA,NA,NA,NA,NA,NA,NA,2,"Eukaryota","Opisthokonta","Fungi",NA,NA,NA,NA,NA
"15266","Eukaryota","Viridiplantae","Chlorophyta",NA,NA,NA,NA,NA,NA,NA,NA,NA,NA,NA,NA,NA,NA,NA,NA,NA,NA,NA,NA,NA,NA,NA,NA,NA,11155,"Eukaryota","Archaeplastida","Chlorophyta",NA,NA,NA,NA,NA
"17217","Eukaryota","Viridiplantae","Streptophyta","Streptophytina","Embryophyta","Tracheophyta","Euphyllophyta","Spermatophyta","Acrogymnospermae","Pinidae","Pinales","Pinaceae","Pinus",NA,NA,NA,NA,NA,NA,NA,NA,NA,NA,NA,NA,NA,NA,NA,2218,"Eukaryota","Archaeplastida","Streptophyta","Embryophyceae","Embryophyceae_X","Embryophyceae_XX","Pinus",NA
"9251","Eukaryota","Rhizaria","Polycystinea",NA,NA,NA,NA,NA,NA,NA,NA,NA,NA,NA,NA,NA,NA,NA,NA,NA,NA,NA,NA,NA,NA,NA,NA,NA,18,"Eukaryota","Rhizaria","Radiolaria","Polycystinea",NA,NA,NA,NA
"14870","Eukaryota","Rhizaria","Polycystinea","Spumellaria",NA,NA,NA,NA,NA,NA,NA,NA,NA,NA,NA,NA,NA,NA,NA,NA,NA,NA,NA,NA,NA,NA,NA,NA,18,"Eukaryota","Rhizaria","Radiolaria","Polycystinea",NA,NA,NA,NA
"8844","Eukaryota","Viridiplantae","Streptophyta","Streptophytina","Embryophyta","Tracheophyta","Euphyllophyta","Spermatophyta",NA,NA,NA,NA,NA,NA,NA,NA,NA,NA,NA,NA,NA,NA,NA,NA,NA,NA,NA,NA,8,"Eukaryota","Archaeplastida","Streptophyta",NA,NA,NA,NA,NA
"6146","Eukaryota","Rhizaria","Cercozoa","Thecofilosea","Cryomonadida",NA,NA,NA,NA,NA,NA,NA,NA,NA,NA,NA,NA,NA,NA,NA,NA,NA,NA,NA,NA,NA,NA,NA,25,"Eukaryota","Rhizaria","Cercozoa","Filosa-Thecofilosea","Cryomonadida",NA,NA,NA
"8811","Eukaryota","Viridiplantae","Streptophyta","Streptophytina","Embryophyta","Tracheophyta","Euphyllophyta","Spermatophyta","Magnoliopsida","Mesangiospermae",NA,NA,NA,NA,NA,NA,NA,NA,NA,NA,NA,NA,NA,NA,NA,NA,NA,NA,8,"Eukaryota","Archaeplastida","Streptophyta",NA,NA,NA,NA,NA
"10464","Eukaryota","Viridiplantae","Chlorophyta","Nephroselmidophyceae","Nephroselmis",NA,NA,NA,NA,NA,NA,NA,NA,NA,NA,NA,NA,NA,NA,NA,NA,NA,NA,NA,NA,NA,NA,NA,43634,"Eukaryota","Archaeplastida","Chlorophyta","Nephroselmidophyceae","Nephroselmidales","Nephroselmidales_X","Nephroselmis",NA
"7860","Eukaryota","Viridiplantae","Chlorophyta","Chlorodendrophyceae","Chlorodendrales","Chlorodendraceae","Tetraselmis",NA,NA,NA,NA,NA,NA,NA,NA,NA,NA,NA,NA,NA,NA,NA,NA,NA,NA,NA,NA,NA,43623,"Eukaryota","Archaeplastida","Chlorophyta","Chlorodendrophyceae","Chlorodendrales","Chlorodendraceae","Tetraselmis",NA
"13963","Eukaryota","Rhizaria","Polycystinea","Collodaria","Sphaerozoidae",NA,NA,NA,NA,NA,NA,NA,NA,NA,NA,NA,NA,NA,NA,NA,NA,NA,NA,NA,NA,NA,NA,NA,43519,"Eukaryota","Rhizaria","Radiolaria","Polycystinea","Collodaria","Sphaerozoidae",NA,NA
"10215","Eukaryota","Rhizaria","Acantharea",NA,NA,NA,NA,NA,NA,NA,NA,NA,NA,NA,NA,NA,NA,NA,NA,NA,NA,NA,NA,NA,NA,NA,NA,NA,1004,"Eukaryota","Rhizaria","Radiolaria","Acantharea",NA,NA,NA,NA
"15619","Eukaryota","Alveolata","Dinophyceae","Peridiniales",NA,NA,NA,NA,NA,NA,NA,NA,NA,NA,NA,NA,NA,NA,NA,NA,NA,NA,NA,NA,NA,NA,NA,NA,1,"Eukaryota","Alveolata","Dinoflagellata","Dinophyceae","Peridiniales",NA,NA,NA
"13170","Eukaryota","Alveolata","Ciliophora","Intramacronucleata","Oligohymenophorea",NA,NA,NA,NA,NA,NA,NA,NA,NA,NA,NA,NA,NA,NA,NA,NA,NA,NA,NA,NA,NA,NA,NA,32,"Eukaryota","Alveolata","Ciliophora","Oligohymenophorea",NA,NA,NA,NA
"15488","Eukaryota","Alveolata","Ciliophora","Intramacronucleata","Phyllopharyngea","Suctoria",NA,NA,NA,NA,NA,NA,NA,NA,NA,NA,NA,NA,NA,NA,NA,NA,NA,NA,NA,NA,NA,NA,2263,"Eukaryota","Alveolata","Ciliophora","Phyllopharyngea","Suctoria",NA,NA,NA
"14908","Eukaryota","Alveolata","Dinophyceae","Dinophysiales","Dinophysiaceae",NA,NA,NA,NA,NA,NA,NA,NA,NA,NA,NA,NA,NA,NA,NA,NA,NA,NA,NA,NA,NA,NA,NA,511,"Eukaryota","Alveolata","Dinoflagellata","Dinophyceae","Dinophysiales","Dinophysiaceae",NA,NA
"4343","Eukaryota","Opisthokonta","Metazoa","Eumetazoa","Bilateria","Protostomia","Ecdysozoa","Panarthropoda","Arthropoda","Mandibulata","Pancrustacea","Crustacea","Multicrustacea","Hexanauplia","Copepoda","Neocopepoda","Gymnoplea","Calanoida","Paracalanidae","Paracalanus","Paracalanus parvus",NA,NA,NA,NA,NA,NA,NA,4244,"Eukaryota","Opisthokonta","Metazoa","Arthropoda","Crustacea","Maxillopoda","Paracalanus",NA
"14290","Eukaryota","Alveolata","Apicomplexa",NA,NA,NA,NA,NA,NA,NA,NA,NA,NA,NA,NA,NA,NA,NA,NA,NA,NA,NA,NA,NA,NA,NA,NA,NA,53,"Eukaryota","Alveolata","Apicomplexa",NA,NA,NA,NA,NA
"10385","Eukaryota","Alveolata","Dinophyceae","Gonyaulacales","Gonyaulacaceae","Gonyaulax","Gonyaulax polygramma",NA,NA,NA,NA,NA,NA,NA,NA,NA,NA,NA,NA,NA,NA,NA,NA,NA,NA,NA,NA,NA,3606,"Eukaryota","Alveolata","Dinoflagellata","Dinophyceae","Gonyaulacales","Gonyaulacaceae","Gonyaulax",NA
"22408","Eukaryota","Opisthokonta","Metazoa","Eumetazoa","Bilateria","Deuterostomia","Chordata","Craniata","Vertebrata","Gnathostomata","Teleostomi","Euteleostomi","Sarcopterygii","Dipnotetrapodomorpha","Tetrapoda","Amniota","Mammalia","Theria","Eutheria",NA,NA,NA,NA,NA,NA,NA,NA,NA,300,"Eukaryota","Opisthokonta","Metazoa","Craniata","Craniata_X","Mammalia",NA,NA
"13228","Eukaryota","Stramenopiles","Bacillariophyta",NA,NA,NA,NA,NA,NA,NA,NA,NA,NA,NA,NA,NA,NA,NA,NA,NA,NA,NA,NA,NA,NA,NA,NA,NA,14,"Eukaryota","Stramenopiles","Ochrophyta","Bacillariophyta",NA,NA,NA,NA
"15219","Eukaryota","Stramenopiles","Oomycetes","Peronosporales","Peronosporaceae",NA,NA,NA,NA,NA,NA,NA,NA,NA,NA,NA,NA,NA,NA,NA,NA,NA,NA,NA,NA,NA,NA,NA,319,"Eukaryota","Stramenopiles","Pseudofungi","Oomycota","Oomycota_X","Peronosporales",NA,NA
"15730","Eukaryota","Stramenopiles","Labyrinthulomycetes","Labyrinthulaceae",NA,NA,NA,NA,NA,NA,NA,NA,NA,NA,NA,NA,NA,NA,NA,NA,NA,NA,NA,NA,NA,NA,NA,NA,67,"Eukaryota","Stramenopiles","Sagenista","Labyrinthulomycetes","Labyrinthulales","Labyrinthulaceae",NA,NA
"11484","Eukaryota","Stramenopiles","Labyrinthulomycetes","Thraustochytriaceae","Thraustochytrium","unclassified Thraustochytrium","Thraustochytrium sp.",NA,NA,NA,NA,NA,NA,NA,NA,NA,NA,NA,NA,NA,NA,NA,NA,NA,NA,NA,NA,NA,276,"Eukaryota","Stramenopiles","Sagenista","Labyrinthulomycetes","Thraustochytriales","Thraustochytriaceae","Thraustochytrium",NA
"13582","Eukaryota","Stramenopiles","Bacillariophyta","Mediophyceae","Biddulphiophycidae",NA,NA,NA,NA,NA,NA,NA,NA,NA,NA,NA,NA,NA,NA,NA,NA,NA,NA,NA,NA,NA,NA,NA,14,"Eukaryota","Stramenopiles","Ochrophyta","Bacillariophyta","Bacillariophyta_X","Polar-centric-Mediophyceae",NA,NA
"1051","Eukaryota","Stramenopiles","Bicosoecida",NA,NA,NA,NA,NA,NA,NA,NA,NA,NA,NA,NA,NA,NA,NA,NA,NA,NA,NA,NA,NA,NA,NA,NA,NA,18402,"Eukaryota","Stramenopiles","Opalozoa","Bicoecea","Borokales","Borokaceae","Bicosoecida",NA
"14193","Eukaryota","Stramenopiles","Labyrinthulomycetes","Thraustochytriaceae",NA,NA,NA,NA,NA,NA,NA,NA,NA,NA,NA,NA,NA,NA,NA,NA,NA,NA,NA,NA,NA,NA,NA,NA,242,"Eukaryota","Stramenopiles","Sagenista","Labyrinthulomycetes","Thraustochytriales","Thraustochytriaceae",NA,NA
"24257","Eukaryota","Stramenopiles","Bacillariophyta","Bacillariophyceae","Bacillariophycidae","Bacillariales","Bacillariaceae","Pseudo-nitzschia",NA,NA,NA,NA,NA,NA,NA,NA,NA,NA,NA,NA,NA,NA,NA,NA,NA,NA,NA,NA,2595,"Eukaryota","Stramenopiles","Ochrophyta","Bacillariophyta","Bacillariophyta_X","Raphid-pennate","Pseudo-nitzschia",NA
"18301","Eukaryota","Stramenopiles","Dictyochophyceae","Pedinellales",NA,NA,NA,NA,NA,NA,NA,NA,NA,NA,NA,NA,NA,NA,NA,NA,NA,NA,NA,NA,NA,NA,NA,NA,1051,"Eukaryota","Stramenopiles","Ochrophyta","Dictyochophyceae","Dictyochophyceae_X","Pedinellales",NA,NA
"9906","Eukaryota","Stramenopiles","Bicosoecida","Bicosoecidae","Bicosoeca","Bicosoeca vacillans",NA,NA,NA,NA,NA,NA,NA,NA,NA,NA,NA,NA,NA,NA,NA,NA,NA,NA,NA,NA,NA,NA,23289,"Eukaryota","Stramenopiles","Opalozoa","Bicoecea","Bicoecales","Bicoecaceae","Bicosoeca",NA
"21066","Eukaryota","Stramenopiles","Bicosoecida","Caecitellus",NA,NA,NA,NA,NA,NA,NA,NA,NA,NA,NA,NA,NA,NA,NA,NA,NA,NA,NA,NA,NA,NA,NA,NA,451,"Eukaryota","Stramenopiles","Opalozoa","Bicoecea","Anoecales","Caecitellaceae","Caecitellus",NA
"1021","Eukaryota","Stramenopiles","Bacillariophyta","Bacillariophyceae","Bacillariophycidae",NA,NA,NA,NA,NA,NA,NA,NA,NA,NA,NA,NA,NA,NA,NA,NA,NA,NA,NA,NA,NA,NA,NA,35,"Eukaryota","Stramenopiles","Ochrophyta","Bacillariophyta","Bacillariophyta_X","Raphid-pennate",NA,NA
"11498","Eukaryota","Stramenopiles","PX clade",NA,NA,NA,NA,NA,NA,NA,NA,NA,NA,NA,NA,NA,NA,NA,NA,NA,NA,NA,NA,NA,NA,NA,NA,NA,14,"Eukaryota","Stramenopiles",NA,NA,NA,NA,NA,NA
"1628","Eukaryota","Stramenopiles","Dictyochophyceae","Dictyochales",NA,NA,NA,NA,NA,NA,NA,NA,NA,NA,NA,NA,NA,NA,NA,NA,NA,NA,NA,NA,NA,NA,NA,NA,1322,"Eukaryota","Stramenopiles","Ochrophyta","Dictyochophyceae","Dictyochophyceae_X","Dictyochales",NA,NA
"18776","Eukaryota","Stramenopiles","Bolidophyceae","Parmales",NA,NA,NA,NA,NA,NA,NA,NA,NA,NA,NA,NA,NA,NA,NA,NA,NA,NA,NA,NA,NA,NA,NA,NA,480,"Eukaryota","Stramenopiles","Ochrophyta","Bolidophyceae","Parmales",NA,NA,NA
"15485","Eukaryota","Viridiplantae","Chlorophyta","Mamiellophyceae","Mamiellales",NA,NA,NA,NA,NA,NA,NA,NA,NA,NA,NA,NA,NA,NA,NA,NA,NA,NA,NA,NA,NA,NA,NA,43596,"Eukaryota","Archaeplastida","Chlorophyta","Mamiellophyceae","Mamiellales",NA,NA,NA
"387","Eukaryota","Stramenopiles","Labyrinthulomycetes","Thraustochytriaceae","Thraustochytrium",NA,NA,NA,NA,NA,NA,NA,NA,NA,NA,NA,NA,NA,NA,NA,NA,NA,NA,NA,NA,NA,NA,NA,276,"Eukaryota","Stramenopiles","Sagenista","Labyrinthulomycetes","Thraustochytriales","Thraustochytriaceae","Thraustochytrium",NA
"11760","Eukaryota","Apusozoa","Apusomonadidae","Amastigomonas",NA,NA,NA,NA,NA,NA,NA,NA,NA,NA,NA,NA,NA,NA,NA,NA,NA,NA,NA,NA,NA,NA,NA,NA,341,"Eukaryota","Apusozoa","Apusomonadidae","Apusomonadidae_Group-1","Apusomonadidae_Group-1_X","Apusomonadidae_Group-1_XX","Amastigomonas",NA
"11830","Eukaryota","Stramenopiles","Oomycetes","Peronosporales",NA,NA,NA,NA,NA,NA,NA,NA,NA,NA,NA,NA,NA,NA,NA,NA,NA,NA,NA,NA,NA,NA,NA,NA,319,"Eukaryota","Stramenopiles","Pseudofungi","Oomycota","Oomycota_X","Peronosporales",NA,NA
"13985","Eukaryota","Stramenopiles","Oomycetes",NA,NA,NA,NA,NA,NA,NA,NA,NA,NA,NA,NA,NA,NA,NA,NA,NA,NA,NA,NA,NA,NA,NA,NA,NA,283,"Eukaryota","Stramenopiles","Pseudofungi","Oomycota",NA,NA,NA,NA
"9884","Eukaryota","Opisthokonta","Metazoa",NA,NA,NA,NA,NA,NA,NA,NA,NA,NA,NA,NA,NA,NA,NA,NA,NA,NA,NA,NA,NA,NA,NA,NA,NA,7,"Eukaryota","Opisthokonta","Metazoa",NA,NA,NA,NA,NA
"15698","Eukaryota","Stramenopiles","Chrysophyceae","Chromulinales","Chromulinaceae","Ochromonas",NA,NA,NA,NA,NA,NA,NA,NA,NA,NA,NA,NA,NA,NA,NA,NA,NA,NA,NA,NA,NA,NA,121,"Eukaryota","Stramenopiles","Ochrophyta","Chrysophyceae","Chrysophyceae_X","Chrysophyceae_Clade_C","Ochromonas",NA
"3434","Eukaryota","Haptista","Haptophyta","Prymnesiophyceae",NA,NA,NA,NA,NA,NA,NA,NA,NA,NA,NA,NA,NA,NA,NA,NA,NA,NA,NA,NA,NA,NA,NA,NA,44886,"Eukaryota","Hacrobia","Haptophyta","Prymnesiophyceae",NA,NA,NA,NA
"16415","Eukaryota","Stramenopiles","Bacillariophyta","Coscinodiscophyceae","Rhizosoleniophycidae","Rhizosoleniales","Rhizosoleniaceae",NA,NA,NA,NA,NA,NA,NA,NA,NA,NA,NA,NA,NA,NA,NA,NA,NA,NA,NA,NA,NA,14,"Eukaryota","Stramenopiles","Ochrophyta","Bacillariophyta","Bacillariophyta_X",NA,NA,NA
"13705","Eukaryota","Stramenopiles","Labyrinthulomycetes",NA,NA,NA,NA,NA,NA,NA,NA,NA,NA,NA,NA,NA,NA,NA,NA,NA,NA,NA,NA,NA,NA,NA,NA,NA,67,"Eukaryota","Stramenopiles","Sagenista","Labyrinthulomycetes",NA,NA,NA,NA
"5010","Eukaryota","Stramenopiles","Chrysophyceae","Chromulinales",NA,NA,NA,NA,NA,NA,NA,NA,NA,NA,NA,NA,NA,NA,NA,NA,NA,NA,NA,NA,NA,NA,NA,NA,121,"Eukaryota","Stramenopiles","Ochrophyta","Chrysophyceae",NA,NA,NA,NA
"20406","Eukaryota","Stramenopiles","Raphidophyceae",NA,NA,NA,NA,NA,NA,NA,NA,NA,NA,NA,NA,NA,NA,NA,NA,NA,NA,NA,NA,NA,NA,NA,NA,NA,738,"Eukaryota","Stramenopiles","Ochrophyta","Raphidophyceae",NA,NA,NA,NA
"16344","Eukaryota","Stramenopiles","Chrysophyceae","Chromulinales","Chromulinaceae",NA,NA,NA,NA,NA,NA,NA,NA,NA,NA,NA,NA,NA,NA,NA,NA,NA,NA,NA,NA,NA,NA,NA,121,"Eukaryota","Stramenopiles","Ochrophyta","Chrysophyceae",NA,NA,NA,NA
"18725","Eukaryota","Stramenopiles","Raphidophyceae","Chattonellales","Chattonellaceae",NA,NA,NA,NA,NA,NA,NA,NA,NA,NA,NA,NA,NA,NA,NA,NA,NA,NA,NA,NA,NA,NA,NA,738,"Eukaryota","Stramenopiles","Ochrophyta","Raphidophyceae",NA,NA,NA,NA
"9099","Eukaryota","Rhizaria","Cercozoa","Imbricatea","Marimonadida","Pseudopirsonia","Pseudopirsonia mucosa",NA,NA,NA,NA,NA,NA,NA,NA,NA,NA,NA,NA,NA,NA,NA,NA,NA,NA,NA,NA,NA,21026,"Eukaryota","Rhizaria","Cercozoa","Filosa-Imbricatea","Marimonadida","Marimonadida_X","Pseudopirsonia",NA
"20887","Eukaryota","Haptista","Haptophyta",NA,NA,NA,NA,NA,NA,NA,NA,NA,NA,NA,NA,NA,NA,NA,NA,NA,NA,NA,NA,NA,NA,NA,NA,NA,44869,"Eukaryota","Hacrobia","Haptophyta",NA,NA,NA,NA,NA
"23616","Eukaryota","Viridiplantae","Chlorophyta","Chlorophyceae","Sphaeropleales",NA,NA,NA,NA,NA,NA,NA,NA,NA,NA,NA,NA,NA,NA,NA,NA,NA,NA,NA,NA,NA,NA,NA,43600,"Eukaryota","Archaeplastida","Chlorophyta","Chlorophyceae","Sphaeropleales",NA,NA,NA
"5229","Eukaryota","Viridiplantae","Chlorophyta","Chlorophyceae",NA,NA,NA,NA,NA,NA,NA,NA,NA,NA,NA,NA,NA,NA,NA,NA,NA,NA,NA,NA,NA,NA,NA,NA,11155,"Eukaryota","Archaeplastida","Chlorophyta","Chlorophyceae",NA,NA,NA,NA
"15429","Eukaryota","Rhizaria","Cercozoa","Imbricatea","Silicofilosea","Thaumatomonadida","Thaumatomastigidae",NA,NA,NA,NA,NA,NA,NA,NA,NA,NA,NA,NA,NA,NA,NA,NA,NA,NA,NA,NA,NA,41774,"Eukaryota","Rhizaria","Cercozoa","Filosa-Imbricatea","Thaumatomonadida","Thaumatomonadidae","Thaumatomastigidae",NA
"17833","Eukaryota","Stramenopiles","Bacillariophyta","Coscinodiscophyceae","Coscinodiscophycidae","Coscinodiscales",NA,NA,NA,NA,NA,NA,NA,NA,NA,NA,NA,NA,NA,NA,NA,NA,NA,NA,NA,NA,NA,NA,14,"Eukaryota","Stramenopiles","Ochrophyta","Bacillariophyta","Bacillariophyta_X",NA,NA,NA
"7063","Eukaryota","Amoebozoa",NA,NA,NA,NA,NA,NA,NA,NA,NA,NA,NA,NA,NA,NA,NA,NA,NA,NA,NA,NA,NA,NA,NA,NA,NA,NA,176,"Eukaryota","Amoebozoa",NA,NA,NA,NA,NA,NA
"15134","Eukaryota","Stramenopiles","Bacillariophyta","Coscinodiscophyceae",NA,NA,NA,NA,NA,NA,NA,NA,NA,NA,NA,NA,NA,NA,NA,NA,NA,NA,NA,NA,NA,NA,NA,NA,14,"Eukaryota","Stramenopiles","Ochrophyta","Bacillariophyta","Bacillariophyta_X",NA,NA,NA
"5992","Eukaryota","Stramenopiles","Bacillariophyta","Coscinodiscophyceae","Coscinodiscophycidae","Coscinodiscales","Hemidiscaceae","Actinocyclus","Actinocyclus curvatulus",NA,NA,NA,NA,NA,NA,NA,NA,NA,NA,NA,NA,NA,NA,NA,NA,NA,NA,NA,16231,"Eukaryota","Stramenopiles","Ochrophyta","Bacillariophyta","Bacillariophyta_X","Radial-centric-basal-Coscinodiscophyceae","Actinocyclus",NA
"9987","Eukaryota","Viridiplantae",NA,NA,NA,NA,NA,NA,NA,NA,NA,NA,NA,NA,NA,NA,NA,NA,NA,NA,NA,NA,NA,NA,NA,NA,NA,NA,1,"Eukaryota",NA,NA,NA,NA,NA,NA,NA
"16485","Eukaryota","Stramenopiles","Bacillariophyta","Coscinodiscophyceae","Chaetocerotophycidae","Chaetocerotales","Chaetocerotaceae","Chaetoceros","unclassified Chaetoceros","Chaetoceros sp.",NA,NA,NA,NA,NA,NA,NA,NA,NA,NA,NA,NA,NA,NA,NA,NA,NA,NA,14,"Eukaryota","Stramenopiles","Ochrophyta","Bacillariophyta","Bacillariophyta_X","Polar-centric-Mediophyceae","Chaetoceros",NA
"6821","Eukaryota","Stramenopiles","Bacillariophyta","Coscinodiscophyceae","Coscinodiscophycidae","Coscinodiscales","Coscinodiscaceae",NA,NA,NA,NA,NA,NA,NA,NA,NA,NA,NA,NA,NA,NA,NA,NA,NA,NA,NA,NA,NA,14,"Eukaryota","Stramenopiles","Ochrophyta","Bacillariophyta","Bacillariophyta_X",NA,NA,NA
"17508","Eukaryota","Stramenopiles","Bacillariophyta","Coscinodiscophyceae","Chaetocerotophycidae","Chaetocerotales",NA,NA,NA,NA,NA,NA,NA,NA,NA,NA,NA,NA,NA,NA,NA,NA,NA,NA,NA,NA,NA,NA,14,"Eukaryota","Stramenopiles","Ochrophyta","Bacillariophyta","Bacillariophyta_X",NA,NA,NA
"6905","Eukaryota","Viridiplantae","Chlorophyta","Pyramimonadales",NA,NA,NA,NA,NA,NA,NA,NA,NA,NA,NA,NA,NA,NA,NA,NA,NA,NA,NA,NA,NA,NA,NA,NA,43633,"Eukaryota","Archaeplastida","Chlorophyta","Pyramimonadales",NA,NA,NA,NA
"2338","Eukaryota","Rhizaria",NA,NA,NA,NA,NA,NA,NA,NA,NA,NA,NA,NA,NA,NA,NA,NA,NA,NA,NA,NA,NA,NA,NA,NA,NA,NA,12,"Eukaryota","Rhizaria",NA,NA,NA,NA,NA,NA
"12718","Eukaryota","Alveolata","Ciliophora","Intramacronucleata","Spirotrichea","Oligotrichia",NA,NA,NA,NA,NA,NA,NA,NA,NA,NA,NA,NA,NA,NA,NA,NA,NA,NA,NA,NA,NA,NA,73,"Eukaryota","Alveolata","Ciliophora","Spirotrichea",NA,NA,NA,NA
"5114","Eukaryota","Stramenopiles","Bacillariophyta","Coscinodiscophyceae","Coscinodiscophycidae",NA,NA,NA,NA,NA,NA,NA,NA,NA,NA,NA,NA,NA,NA,NA,NA,NA,NA,NA,NA,NA,NA,NA,14,"Eukaryota","Stramenopiles","Ochrophyta","Bacillariophyta","Bacillariophyta_X",NA,NA,NA
"17780","Eukaryota","Stramenopiles","Bacillariophyta","Mediophyceae",NA,NA,NA,NA,NA,NA,NA,NA,NA,NA,NA,NA,NA,NA,NA,NA,NA,NA,NA,NA,NA,NA,NA,NA,14,"Eukaryota","Stramenopiles","Ochrophyta","Bacillariophyta","Bacillariophyta_X","Polar-centric-Mediophyceae",NA,NA
"9886","Eukaryota","Haptista","Centroplasthelida","Pterocystida",NA,NA,NA,NA,NA,NA,NA,NA,NA,NA,NA,NA,NA,NA,NA,NA,NA,NA,NA,NA,NA,NA,NA,NA,672,"Eukaryota","Hacrobia","Centroheliozoa","Centroheliozoa_X","Pterocystida",NA,NA,NA
"4249","Eukaryota","Opisthokonta","Metazoa","Eumetazoa","Bilateria","Deuterostomia","Chordata","Tunicata","Appendicularia","Copelata","Oikopleuridae",NA,NA,NA,NA,NA,NA,NA,NA,NA,NA,NA,NA,NA,NA,NA,NA,NA,174,"Eukaryota","Opisthokonta","Metazoa","Urochordata","Urochordata_X","Appendicularia",NA,NA
"13536","Eukaryota","Opisthokonta","Metazoa","Eumetazoa","Bilateria","Deuterostomia","Chordata","Tunicata","Appendicularia","Copelata","Oikopleuridae","Oikopleura",NA,NA,NA,NA,NA,NA,NA,NA,NA,NA,NA,NA,NA,NA,NA,NA,174,"Eukaryota","Opisthokonta","Metazoa","Urochordata","Urochordata_X","Appendicularia","Oikopleura",NA
"18421","Eukaryota","Stramenopiles","Chrysophyceae","Chromulinales","Paraphysomonadaceae","Paraphysomonas",NA,NA,NA,NA,NA,NA,NA,NA,NA,NA,NA,NA,NA,NA,NA,NA,NA,NA,NA,NA,NA,NA,384,"Eukaryota","Stramenopiles","Ochrophyta","Chrysophyceae","Chrysophyceae_X","Chrysophyceae_Clade-F","Paraphysomonas",NA
"7386","Eukaryota","Opisthokonta","Metazoa","Eumetazoa","Bilateria","Protostomia","Lophotrochozoa","Rotifera",NA,NA,NA,NA,NA,NA,NA,NA,NA,NA,NA,NA,NA,NA,NA,NA,NA,NA,NA,NA,109,"Eukaryota","Opisthokonta","Metazoa","Rotifera",NA,NA,NA,NA
"21882","Eukaryota","Opisthokonta","Metazoa","Eumetazoa","Bilateria","Deuterostomia","Echinodermata","Eleutherozoa","Asterozoa","Ophiuroidea","Ophiuridea",NA,NA,NA,NA,NA,NA,NA,NA,NA,NA,NA,NA,NA,NA,NA,NA,NA,304,"Eukaryota","Opisthokonta","Metazoa","Echinodermata",NA,NA,NA,NA
"8888","Eukaryota","Viridiplantae","Chlorophyta","Trebouxiophyceae",NA,NA,NA,NA,NA,NA,NA,NA,NA,NA,NA,NA,NA,NA,NA,NA,NA,NA,NA,NA,NA,NA,NA,NA,13864,"Eukaryota","Archaeplastida","Chlorophyta","Trebouxiophyceae",NA,NA,NA,NA
"14207","Eukaryota","Stramenopiles","Hyphochytriomycetes","Hyphochytriaceae","Hyphochytrium","Hyphochytrium catenoides",NA,NA,NA,NA,NA,NA,NA,NA,NA,NA,NA,NA,NA,NA,NA,NA,NA,NA,NA,NA,NA,NA,25075,"Eukaryota","Stramenopiles","Pseudofungi","Hyphochytriomyceta","Hyphochytrydiales","Hyphochrytriaceae","Hyphochytrium",NA
"9186","Eukaryota","Stramenopiles","Bacillariophyta","Coscinodiscophyceae","Thalassiosirophycidae","Thalassiosirales","Lauderiaceae","Lauderia",NA,NA,NA,NA,NA,NA,NA,NA,NA,NA,NA,NA,NA,NA,NA,NA,NA,NA,NA,NA,22396,"Eukaryota","Stramenopiles","Ochrophyta","Bacillariophyta","Bacillariophyta_X","Polar-centric-Mediophyceae","Lauderia",NA
"16904","Eukaryota","Stramenopiles","Bacillariophyta","Coscinodiscophyceae","Chaetocerotophycidae","Leptocylindrales","Leptocylindraceae","Leptocylindrus",NA,NA,NA,NA,NA,NA,NA,NA,NA,NA,NA,NA,NA,NA,NA,NA,NA,NA,NA,NA,2051,"Eukaryota","Stramenopiles","Ochrophyta","Bacillariophyta","Bacillariophyta_X","Radial-centric-basal-Coscinodiscophyceae","Leptocylindrus",NA
"14685","Eukaryota","Alveolata","Dinophyceae","Gonyaulacales","Gonyaulacaceae",NA,NA,NA,NA,NA,NA,NA,NA,NA,NA,NA,NA,NA,NA,NA,NA,NA,NA,NA,NA,NA,NA,NA,3606,"Eukaryota","Alveolata","Dinoflagellata","Dinophyceae","Gonyaulacales","Gonyaulacaceae",NA,NA
"14852","Eukaryota","Alveolata","Dinophyceae","Noctilucales",NA,NA,NA,NA,NA,NA,NA,NA,NA,NA,NA,NA,NA,NA,NA,NA,NA,NA,NA,NA,NA,NA,NA,NA,1693,"Eukaryota","Alveolata","Dinoflagellata","Noctilucophyceae","Noctilucales",NA,NA,NA
"4645","Eukaryota","Stramenopiles","Bacillariophyta","Coscinodiscophyceae","Chaetocerotophycidae",NA,NA,NA,NA,NA,NA,NA,NA,NA,NA,NA,NA,NA,NA,NA,NA,NA,NA,NA,NA,NA,NA,NA,14,"Eukaryota","Stramenopiles","Ochrophyta","Bacillariophyta","Bacillariophyta_X",NA,NA,NA
"2043","Eukaryota","Alveolata","Dinophyceae","Gymnodiniales","Gymnodiniaceae","Paragymnodinium","Paragymnodinium shiwhaense",NA,NA,NA,NA,NA,NA,NA,NA,NA,NA,NA,NA,NA,NA,NA,NA,NA,NA,NA,NA,NA,31013,"Eukaryota","Alveolata","Dinoflagellata","Dinophyceae","Gymnodiniales","Gymnodiniaceae","Paragymnodinium",NA
"10199","Eukaryota","Viridiplantae","Chlorophyta","Chloropicophyceae","Chloropicales","Chloropicaceae","Chloroparvula",NA,NA,NA,NA,NA,NA,NA,NA,NA,NA,NA,NA,NA,NA,NA,NA,NA,NA,NA,NA,NA,43778,"Eukaryota","Archaeplastida","Chlorophyta","Chloropicophyceae","Chloropicales","Chloropicaceae","Chloroparvula",NA
"24258","Eukaryota","Opisthokonta","Metazoa","Eumetazoa","Bilateria","Protostomia","Lophotrochozoa","Mollusca","Bivalvia","Pteriomorphia",NA,NA,NA,NA,NA,NA,NA,NA,NA,NA,NA,NA,NA,NA,NA,NA,NA,NA,15,"Eukaryota","Opisthokonta","Metazoa","Mollusca","Bivalvia",NA,NA,NA
"10888","Eukaryota","Opisthokonta","Metazoa","Eumetazoa","Cnidaria","Hydrozoa","Hydroidolina","Leptothecata",NA,NA,NA,NA,NA,NA,NA,NA,NA,NA,NA,NA,NA,NA,NA,NA,NA,NA,NA,NA,169,"Eukaryota","Opisthokonta","Metazoa","Cnidaria","Cnidaria_X","Hydrozoa",NA,NA
"16761","Eukaryota","Stramenopiles","Bacillariophyta","Coscinodiscophyceae","Chaetocerotophycidae","Chaetocerotales","Chaetocerotaceae","Bacteriastrum",NA,NA,NA,NA,NA,NA,NA,NA,NA,NA,NA,NA,NA,NA,NA,NA,NA,NA,NA,NA,45911,"Eukaryota","Stramenopiles","Ochrophyta","Bacillariophyta","Bacillariophyta_X","Polar-centric-Mediophyceae","Bacteriastrum",NA
"12497","Eukaryota","Stramenopiles","Bacillariophyta","Coscinodiscophyceae","Chaetocerotophycidae","Chaetocerotales","Chaetocerotaceae",NA,NA,NA,NA,NA,NA,NA,NA,NA,NA,NA,NA,NA,NA,NA,NA,NA,NA,NA,NA,NA,14,"Eukaryota","Stramenopiles","Ochrophyta","Bacillariophyta","Bacillariophyta_X",NA,NA,NA
"14665","Eukaryota","Alveolata","Ciliophora","Postciliodesmatophora","Heterotrichea","Heterotrichida","Peritromidae","Peritromus",NA,NA,NA,NA,NA,NA,NA,NA,NA,NA,NA,NA,NA,NA,NA,NA,NA,NA,NA,NA,2832,"Eukaryota","Alveolata","Ciliophora","Heterotrichea","Heterotrichea_X","Peritromidae","Peritromus",NA
"22144","Eukaryota","Viridiplantae","Chlorophyta","Chlorophyceae","Chlamydomonadales",NA,NA,NA,NA,NA,NA,NA,NA,NA,NA,NA,NA,NA,NA,NA,NA,NA,NA,NA,NA,NA,NA,NA,24585,"Eukaryota","Archaeplastida","Chlorophyta","Chlorophyceae","Chlamydomonadales",NA,NA,NA
"7682","Eukaryota","Alveolata","Ciliophora","Intramacronucleata","Spirotrichea","Choreotrichia","Choreotrichida","Strobilidiidae","Pelagostrobilidium",NA,NA,NA,NA,NA,NA,NA,NA,NA,NA,NA,NA,NA,NA,NA,NA,NA,NA,NA,93,"Eukaryota","Alveolata","Ciliophora","Spirotrichea","Choreotrichida","Strobilidiidae_I","Pelagostrobilidium",NA
"13824","Eukaryota","Apusozoa",NA,NA,NA,NA,NA,NA,NA,NA,NA,NA,NA,NA,NA,NA,NA,NA,NA,NA,NA,NA,NA,NA,NA,NA,NA,NA,341,"Eukaryota","Apusozoa",NA,NA,NA,NA,NA,NA
"13865","Eukaryota","Alveolata","Apicomplexa","Conoidasida","Gregarinasina","Eugregarinorida",NA,NA,NA,NA,NA,NA,NA,NA,NA,NA,NA,NA,NA,NA,NA,NA,NA,NA,NA,NA,NA,NA,229,"Eukaryota","Alveolata","Apicomplexa","Gregarinomorphea","Eugregarinorida",NA,NA,NA
"14062","Eukaryota","Stramenopiles","Bacillariophyta","Coscinodiscophyceae","Coscinodiscophycidae","Coscinodiscales","Hemidiscaceae","Actinocyclus",NA,NA,NA,NA,NA,NA,NA,NA,NA,NA,NA,NA,NA,NA,NA,NA,NA,NA,NA,NA,16231,"Eukaryota","Stramenopiles","Ochrophyta","Bacillariophyta","Bacillariophyta_X","Radial-centric-basal-Coscinodiscophyceae","Actinocyclus",NA
"15456","Eukaryota","Alveolata","Apicomplexa","Conoidasida","Gregarinasina","Eugregarinorida","Lecudinidae",NA,NA,NA,NA,NA,NA,NA,NA,NA,NA,NA,NA,NA,NA,NA,NA,NA,NA,NA,NA,NA,229,"Eukaryota","Alveolata","Apicomplexa","Gregarinomorphea","Eugregarinorida","Lecudinidae",NA,NA
"10689","Eukaryota","Stramenopiles","Bacillariophyta","Coscinodiscophyceae","Chaetocerotophycidae","Chaetocerotales","Chaetocerotaceae","Chaetoceros","Chaetoceros costatus",NA,NA,NA,NA,NA,NA,NA,NA,NA,NA,NA,NA,NA,NA,NA,NA,NA,NA,NA,14,"Eukaryota","Stramenopiles","Ochrophyta","Bacillariophyta","Bacillariophyta_X","Polar-centric-Mediophyceae","Chaetoceros",NA
"6609","Eukaryota","Opisthokonta","Metazoa","Eumetazoa","Bilateria","Protostomia","Ecdysozoa","Panarthropoda","Arthropoda","Mandibulata","Pancrustacea","Crustacea","Branchiopoda","Phyllopoda","Diplostraca","Cladocera",NA,NA,NA,NA,NA,NA,NA,NA,NA,NA,NA,NA,825,"Eukaryota","Opisthokonta","Metazoa","Arthropoda","Crustacea","Branchiopoda",NA,NA
"11704","Eukaryota","Opisthokonta","Metazoa","Eumetazoa","Bilateria","Protostomia","Ecdysozoa","Panarthropoda","Arthropoda",NA,NA,NA,NA,NA,NA,NA,NA,NA,NA,NA,NA,NA,NA,NA,NA,NA,NA,NA,13,"Eukaryota","Opisthokonta","Metazoa","Arthropoda",NA,NA,NA,NA
"1924","Eukaryota","Alveolata","Dinophyceae","Peridiniales","Protoperidiniaceae","Protoperidinium",NA,NA,NA,NA,NA,NA,NA,NA,NA,NA,NA,NA,NA,NA,NA,NA,NA,NA,NA,NA,NA,NA,3,"Eukaryota","Alveolata","Dinoflagellata","Dinophyceae","Peridiniales","Protoperidiniaceae","Protoperidinium",NA
"17114","Eukaryota","Viridiplantae","Chlorophyta","Mamiellophyceae","Mamiellales","Bathycoccaceae","Bathycoccus","Bathycoccus prasinos",NA,NA,NA,NA,NA,NA,NA,NA,NA,NA,NA,NA,NA,NA,NA,NA,NA,NA,NA,NA,43596,"Eukaryota","Archaeplastida","Chlorophyta","Mamiellophyceae","Mamiellales","Bathycoccaceae","Bathycoccus",NA
"13782","Eukaryota","Alveolata","Dinophyceae","Gymnodiniales","Gymnodiniaceae","Gyrodinium",NA,NA,NA,NA,NA,NA,NA,NA,NA,NA,NA,NA,NA,NA,NA,NA,NA,NA,NA,NA,NA,NA,713,"Eukaryota","Alveolata","Dinoflagellata","Dinophyceae","Gymnodiniales","Gymnodiniaceae","Gyrodinium",NA
"15457","Eukaryota","Alveolata","Dinophyceae","Syndiniales","Eudubosquellidae","Euduboscquella","Euduboscquella crenulata",NA,NA,NA,NA,NA,NA,NA,NA,NA,NA,NA,NA,NA,NA,NA,NA,NA,NA,NA,NA,NA,1842,"Eukaryota","Alveolata","Dinoflagellata","Syndiniales","Dino-Group-I","Dino-Group-I-Clade-4","Euduboscquella",NA
"6978","Eukaryota","Viridiplantae","Chlorophyta","Chloropicophyceae","Chloropicales","Chloropicaceae","Chloroparvula","Chloroparvula pacifica",NA,NA,NA,NA,NA,NA,NA,NA,NA,NA,NA,NA,NA,NA,NA,NA,NA,NA,NA,NA,43778,"Eukaryota","Archaeplastida","Chlorophyta","Chloropicophyceae","Chloropicales","Chloropicaceae","Chloroparvula",NA
"9390","Eukaryota","Rhizaria","Acantharea","Arthracanthida","Sphaenacanthida",NA,NA,NA,NA,NA,NA,NA,NA,NA,NA,NA,NA,NA,NA,NA,NA,NA,NA,NA,NA,NA,NA,NA,6865,"Eukaryota","Rhizaria","Radiolaria","Acantharea","Arthracanthida-Symphyacanthida","Arthracanthida-Symphyacanthida_X","Arthracanthida",NA
"9231","Eukaryota","Viridiplantae","Chlorophyta","Chlorophyceae","Chlamydomonadales","Chlamydomonadaceae","Chlamydomonas",NA,NA,NA,NA,NA,NA,NA,NA,NA,NA,NA,NA,NA,NA,NA,NA,NA,NA,NA,NA,NA,35298,"Eukaryota","Archaeplastida","Chlorophyta","Chlorophyceae","Chlamydomonadales","Chlamydomonadales_X","Chlamydomonas",NA
"14963","Eukaryota","Alveolata","Ciliophora","Intramacronucleata","Spirotrichea","Choreotrichia","Tintinnida",NA,NA,NA,NA,NA,NA,NA,NA,NA,NA,NA,NA,NA,NA,NA,NA,NA,NA,NA,NA,NA,497,"Eukaryota","Alveolata","Ciliophora","Spirotrichea","Tintinnida",NA,NA,NA
"332","Eukaryota","Alveolata","Apicomplexa","Conoidasida","Gregarinasina",NA,NA,NA,NA,NA,NA,NA,NA,NA,NA,NA,NA,NA,NA,NA,NA,NA,NA,NA,NA,NA,NA,NA,53,"Eukaryota","Alveolata","Apicomplexa",NA,NA,NA,NA,NA
"5301","Eukaryota","Alveolata","Dinophyceae","Prorocentrales","Prorocentraceae","Prorocentrum",NA,NA,NA,NA,NA,NA,NA,NA,NA,NA,NA,NA,NA,NA,NA,NA,NA,NA,NA,NA,NA,NA,581,"Eukaryota","Alveolata","Dinoflagellata","Dinophyceae","Prorocentrales","Prorocentraceae","Prorocentrum",NA
"7395","Eukaryota","Rhizaria","Cercozoa","Imbricatea","Silicofilosea","Thaumatomonadida",NA,NA,NA,NA,NA,NA,NA,NA,NA,NA,NA,NA,NA,NA,NA,NA,NA,NA,NA,NA,NA,NA,2613,"Eukaryota","Rhizaria","Cercozoa","Filosa-Imbricatea","Thaumatomonadida",NA,NA,NA
"12506","Eukaryota","Opisthokonta","Metazoa","Eumetazoa","Bilateria","Deuterostomia","Chordata","Craniata","Vertebrata","Gnathostomata",NA,NA,NA,NA,NA,NA,NA,NA,NA,NA,NA,NA,NA,NA,NA,NA,NA,NA,34478,"Eukaryota","Archaeplastida","Rhodophyta","Florideophyceae","Ceramiales","Rhodomelaceae","Vertebrata",NA
"16046","Eukaryota","Opisthokonta","Metazoa","Eumetazoa","Bilateria","Protostomia","Lophotrochozoa","Mollusca","Gastropoda","Heterobranchia","Euthyneura <gastropods>",NA,NA,NA,NA,NA,NA,NA,NA,NA,NA,NA,NA,NA,NA,NA,NA,NA,194,"Eukaryota","Opisthokonta","Metazoa","Mollusca","Gastropoda","Heterobranchia",NA,NA
"6124","Eukaryota","Opisthokonta","Metazoa","Eumetazoa","Bilateria","Protostomia","Lophotrochozoa","Mollusca","Bivalvia",NA,NA,NA,NA,NA,NA,NA,NA,NA,NA,NA,NA,NA,NA,NA,NA,NA,NA,NA,15,"Eukaryota","Opisthokonta","Metazoa","Mollusca","Bivalvia",NA,NA,NA
"12132","Eukaryota","Rhizaria","Cercozoa","Cercomonadida","Cercomonadidae",NA,NA,NA,NA,NA,NA,NA,NA,NA,NA,NA,NA,NA,NA,NA,NA,NA,NA,NA,NA,NA,NA,NA,1390,"Eukaryota","Rhizaria","Cercozoa","Filosa-Sarcomonadea","Cercomonadida","Cercomonadidae",NA,NA
"4398","Eukaryota","Opisthokonta","Metazoa","Eumetazoa","Bilateria","Protostomia","Lophotrochozoa","Annelida",NA,NA,NA,NA,NA,NA,NA,NA,NA,NA,NA,NA,NA,NA,NA,NA,NA,NA,NA,NA,22,"Eukaryota","Opisthokonta","Metazoa","Annelida",NA,NA,NA,NA
"11301","Eukaryota","Alveolata","Ciliophora","Intramacronucleata","Nassophorea","Microthoracida","Discotrichidae",NA,NA,NA,NA,NA,NA,NA,NA,NA,NA,NA,NA,NA,NA,NA,NA,NA,NA,NA,NA,NA,981,"Eukaryota","Alveolata","Ciliophora","Nassophorea","Nassophorea_X","Discotrichidae",NA,NA
"6241","Eukaryota","Opisthokonta","Metazoa","Eumetazoa","Bilateria","Protostomia","Lophotrochozoa","Nemertea",NA,NA,NA,NA,NA,NA,NA,NA,NA,NA,NA,NA,NA,NA,NA,NA,NA,NA,NA,NA,604,"Eukaryota","Opisthokonta","Metazoa","Nemertea",NA,NA,NA,NA
"6957","Eukaryota","Opisthokonta","Metazoa","Eumetazoa","Cnidaria",NA,NA,NA,NA,NA,NA,NA,NA,NA,NA,NA,NA,NA,NA,NA,NA,NA,NA,NA,NA,NA,NA,NA,88,"Eukaryota","Opisthokonta","Metazoa","Cnidaria",NA,NA,NA,NA
"19954","Eukaryota","Opisthokonta","Metazoa","Eumetazoa","Bilateria","Protostomia","Ecdysozoa",NA,NA,NA,NA,NA,NA,NA,NA,NA,NA,NA,NA,NA,NA,NA,NA,NA,NA,NA,NA,NA,7,"Eukaryota","Opisthokonta","Metazoa",NA,NA,NA,NA,NA
"9215","Eukaryota","Opisthokonta","Metazoa","Eumetazoa","Bilateria","Protostomia","Lophotrochozoa","Nemertea","Pilidiophora","Heteronemertea","Lineidae",NA,NA,NA,NA,NA,NA,NA,NA,NA,NA,NA,NA,NA,NA,NA,NA,NA,4410,"Eukaryota","Opisthokonta","Metazoa","Nemertea","Nemertea_X","Nemertea_XX","Lineidae",NA
"5095","Eukaryota","Opisthokonta","Metazoa","Eumetazoa","Bilateria","Deuterostomia","Chaetognatha","Sagittoidea","Aphragmophora",NA,NA,NA,NA,NA,NA,NA,NA,NA,NA,NA,NA,NA,NA,NA,NA,NA,NA,NA,8551,"Eukaryota","Opisthokonta","Metazoa","Chaetognatha","Aphragmophora",NA,NA,NA
"11144","Eukaryota","Opisthokonta","Metazoa","Eumetazoa","Bilateria","Deuterostomia",NA,NA,NA,NA,NA,NA,NA,NA,NA,NA,NA,NA,NA,NA,NA,NA,NA,NA,NA,NA,NA,NA,7,"Eukaryota","Opisthokonta","Metazoa",NA,NA,NA,NA,NA
"14806","Eukaryota","Opisthokonta","Metazoa","Eumetazoa","Bilateria","Protostomia","Lophotrochozoa","Mollusca",NA,NA,NA,NA,NA,NA,NA,NA,NA,NA,NA,NA,NA,NA,NA,NA,NA,NA,NA,NA,15,"Eukaryota","Opisthokonta","Metazoa","Mollusca",NA,NA,NA,NA
"8039","Eukaryota","Opisthokonta","Metazoa","Eumetazoa","Bilateria","Protostomia","Lophotrochozoa",NA,NA,NA,NA,NA,NA,NA,NA,NA,NA,NA,NA,NA,NA,NA,NA,NA,NA,NA,NA,NA,7,"Eukaryota","Opisthokonta","Metazoa",NA,NA,NA,NA,NA
"23823","Eukaryota","Opisthokonta","Metazoa","Eumetazoa","Bilateria","Deuterostomia","Echinodermata","Eleutherozoa","Echinozoa",NA,NA,NA,NA,NA,NA,NA,NA,NA,NA,NA,NA,NA,NA,NA,NA,NA,NA,NA,304,"Eukaryota","Opisthokonta","Metazoa","Echinodermata",NA,NA,NA,NA
"4569","Eukaryota","Opisthokonta","Choanoflagellata","Craspedida",NA,NA,NA,NA,NA,NA,NA,NA,NA,NA,NA,NA,NA,NA,NA,NA,NA,NA,NA,NA,NA,NA,NA,NA,1180,"Eukaryota","Opisthokonta","Choanoflagellida","Choanoflagellatea","Craspedida",NA,NA,NA
"317","Eukaryota","Rhizaria","Cercozoa","Thecofilosea","Phaeodarea",NA,NA,NA,NA,NA,NA,NA,NA,NA,NA,NA,NA,NA,NA,NA,NA,NA,NA,NA,NA,NA,NA,NA,41502,"Eukaryota","Rhizaria","Cercozoa","Phaeodarea",NA,NA,NA,NA
"21277","Eukaryota","Opisthokonta","Metazoa","Eumetazoa","Bilateria","Protostomia","Lophotrochozoa","Mollusca","Bivalvia","Heterodonta","Euheterodonta",NA,NA,NA,NA,NA,NA,NA,NA,NA,NA,NA,NA,NA,NA,NA,NA,NA,509,"Eukaryota","Opisthokonta","Metazoa","Mollusca","Bivalvia","Heteroconchia",NA,NA
"21182","Eukaryota","Opisthokonta","Metazoa","Eumetazoa","Bilateria","Protostomia","Lophotrochozoa","Annelida","Polychaeta","Palpata","Aciculata","Eunicida",NA,NA,NA,NA,NA,NA,NA,NA,NA,NA,NA,NA,NA,NA,NA,NA,22,"Eukaryota","Opisthokonta","Metazoa","Annelida",NA,NA,NA,NA
"13643","Eukaryota","Rhizaria","Cercozoa","Imbricatea","Silicofilosea","Euglyphida",NA,NA,NA,NA,NA,NA,NA,NA,NA,NA,NA,NA,NA,NA,NA,NA,NA,NA,NA,NA,NA,NA,2579,"Eukaryota","Rhizaria","Cercozoa","Filosa-Imbricatea","Euglyphida",NA,NA,NA
"1620","Eukaryota","Opisthokonta","Metazoa","Eumetazoa","Bilateria","Protostomia","Lophotrochozoa","Annelida","Polychaeta","Scolecida","Terebellida",NA,NA,NA,NA,NA,NA,NA,NA,NA,NA,NA,NA,NA,NA,NA,NA,NA,22738,"Eukaryota","Opisthokonta","Metazoa","Annelida","Annelida_X","Annelida_XX","Terebellidae",NA
"7080","Eukaryota","Opisthokonta","Metazoa","Eumetazoa","Bilateria","Platyhelminthes","Turbellaria",NA,NA,NA,NA,NA,NA,NA,NA,NA,NA,NA,NA,NA,NA,NA,NA,NA,NA,NA,NA,NA,97,"Eukaryota","Opisthokonta","Metazoa","Platyhelminthes","Turbellaria",NA,NA,NA
"6898","Eukaryota","Opisthokonta","Metazoa","Eumetazoa","Bilateria","Protostomia","Ecdysozoa","Panarthropoda","Arthropoda","Mandibulata","Pancrustacea","Hexapoda","Insecta","Dicondylia","Pterygota","Neoptera","Holometabola","Diptera",NA,NA,NA,NA,NA,NA,NA,NA,NA,NA,36709,"Eukaryota","Opisthokonta","Metazoa","Arthropoda","Hexapoda","Insecta","Diptera",NA
"1709","Eukaryota","Opisthokonta","Metazoa","Eumetazoa","Bilateria","Protostomia","Ecdysozoa","Panarthropoda","Arthropoda","Mandibulata","Pancrustacea","Hexapoda","Insecta","Dicondylia","Pterygota","Neoptera",NA,NA,NA,NA,NA,NA,NA,NA,NA,NA,NA,NA,19,"Eukaryota","Opisthokonta","Metazoa","Arthropoda","Hexapoda","Insecta",NA,NA
"7817","Eukaryota","Opisthokonta","Metazoa","Eumetazoa","Bilateria","Protostomia","Ecdysozoa","Panarthropoda","Arthropoda","Mandibulata","Pancrustacea","Hexapoda","Insecta","Dicondylia","Pterygota",NA,NA,NA,NA,NA,NA,NA,NA,NA,NA,NA,NA,NA,19,"Eukaryota","Opisthokonta","Metazoa","Arthropoda","Hexapoda","Insecta",NA,NA
"10669","Eukaryota","Opisthokonta","Metazoa","Eumetazoa","Bilateria","Protostomia","Ecdysozoa","Panarthropoda","Arthropoda","Mandibulata","Pancrustacea",NA,NA,NA,NA,NA,NA,NA,NA,NA,NA,NA,NA,NA,NA,NA,NA,NA,13,"Eukaryota","Opisthokonta","Metazoa","Arthropoda",NA,NA,NA,NA
"14951","Eukaryota","Rhizaria","Cercozoa","Imbricatea","Silicofilosea","Thaumatomonadida","Thaumatomastigidae","Thaumatomastix","unclassified Thaumatomastix","Thaumatomastix sp.",NA,NA,NA,NA,NA,NA,NA,NA,NA,NA,NA,NA,NA,NA,NA,NA,NA,NA,5216,"Eukaryota","Rhizaria","Cercozoa","Filosa-Imbricatea","Thaumatomonadida","Thaumatomonadidae","Thaumatomastix",NA
"14748","Eukaryota","Opisthokonta","Fungi","Dikarya","Basidiomycota","Agaricomycotina","Agaricomycetes",NA,NA,NA,NA,NA,NA,NA,NA,NA,NA,NA,NA,NA,NA,NA,NA,NA,NA,NA,NA,NA,62,"Eukaryota","Opisthokonta","Fungi","Basidiomycota","Agaricomycotina","Agaricomycetes",NA,NA
"4413","Eukaryota","Opisthokonta","Metazoa","Eumetazoa","Bilateria","Protostomia","Lophotrochozoa","Annelida","Polychaeta","Palpata","Canalipalpata","Sabellida",NA,NA,NA,NA,NA,NA,NA,NA,NA,NA,NA,NA,NA,NA,NA,NA,22,"Eukaryota","Opisthokonta","Metazoa","Annelida",NA,NA,NA,NA
"19631","Eukaryota","Opisthokonta","Metazoa","Eumetazoa","Bilateria","Protostomia","Lophotrochozoa","Mollusca","Gastropoda",NA,NA,NA,NA,NA,NA,NA,NA,NA,NA,NA,NA,NA,NA,NA,NA,NA,NA,NA,63,"Eukaryota","Opisthokonta","Metazoa","Mollusca","Gastropoda",NA,NA,NA
"22623","Eukaryota","Rhizaria","Cercozoa","Imbricatea",NA,NA,NA,NA,NA,NA,NA,NA,NA,NA,NA,NA,NA,NA,NA,NA,NA,NA,NA,NA,NA,NA,NA,NA,12,"Eukaryota","Rhizaria","Cercozoa",NA,NA,NA,NA,NA
"20417","Eukaryota","Opisthokonta","Metazoa","Eumetazoa","Bilateria","Protostomia","Ecdysozoa","Panarthropoda","Arthropoda","Mandibulata","Pancrustacea","Crustacea","Multicrustacea","Hexanauplia","Copepoda","Neocopepoda","Podoplea",NA,NA,NA,NA,NA,NA,NA,NA,NA,NA,NA,13,"Eukaryota","Opisthokonta","Metazoa","Arthropoda","Crustacea",NA,NA,NA
"12935","Eukaryota","Opisthokonta","Metazoa","Eumetazoa","Bilateria","Protostomia","Lophotrochozoa","Mollusca","Bivalvia","Pteriomorphia","Mytiloida","Mytiloidea","Mytilidae",NA,NA,NA,NA,NA,NA,NA,NA,NA,NA,NA,NA,NA,NA,NA,15,"Eukaryota","Opisthokonta","Metazoa","Mollusca","Bivalvia","Mytiloida",NA,NA
"8702","Eukaryota","Opisthokonta","Metazoa","Eumetazoa","Bilateria","Protostomia","Ecdysozoa","Panarthropoda","Arthropoda","Mandibulata","Pancrustacea","Crustacea","Multicrustacea","Hexanauplia","Copepoda","Neocopepoda","Gymnoplea","Calanoida","Metridinidae",NA,NA,NA,NA,NA,NA,NA,NA,NA,13,"Eukaryota","Opisthokonta","Metazoa","Arthropoda","Crustacea",NA,NA,NA
"14508","Eukaryota","Alveolata","Dinophyceae","Syndiniales","Amoebophryaceae","Amoebophrya",NA,NA,NA,NA,NA,NA,NA,NA,NA,NA,NA,NA,NA,NA,NA,NA,NA,NA,NA,NA,NA,NA,1580,"Eukaryota","Alveolata","Dinoflagellata","Syndiniales","Dino-Group-II","Dino-Group-II-Clade-4","Amoebophrya",NA
"14176","Eukaryota","Opisthokonta","Metazoa","Eumetazoa","Bilateria","Protostomia","Lophotrochozoa","Annelida","Polychaeta",NA,NA,NA,NA,NA,NA,NA,NA,NA,NA,NA,NA,NA,NA,NA,NA,NA,NA,NA,22,"Eukaryota","Opisthokonta","Metazoa","Annelida",NA,NA,NA,NA
"14395","Eukaryota","Opisthokonta","Fungi","Fungi incertae sedis","Chytridiomycota",NA,NA,NA,NA,NA,NA,NA,NA,NA,NA,NA,NA,NA,NA,NA,NA,NA,NA,NA,NA,NA,NA,NA,117,"Eukaryota","Opisthokonta","Fungi","Chytridiomycota",NA,NA,NA,NA
"7363","Eukaryota","Opisthokonta","Opisthokonta incertae sedis","Ichthyosporea","Ichthyophonida",NA,NA,NA,NA,NA,NA,NA,NA,NA,NA,NA,NA,NA,NA,NA,NA,NA,NA,NA,NA,NA,NA,NA,8647,"Eukaryota","Opisthokonta","Mesomycetozoa","Ichthyosporea","Ichthyophonida",NA,NA,NA
"5618","Eukaryota","Haptista","Haptophyta","Prymnesiophyceae","Prymnesiales","Chrysochromulinaceae","Chrysochromulina",NA,NA,NA,NA,NA,NA,NA,NA,NA,NA,NA,NA,NA,NA,NA,NA,NA,NA,NA,NA,NA,44939,"Eukaryota","Hacrobia","Haptophyta","Prymnesiophyceae","Prymnesiales","Chrysochromulinaceae","Chrysochromulina",NA
"11902","Eukaryota","Rhizaria","Cercozoa","Thecofilosea","Ebriacea",NA,NA,NA,NA,NA,NA,NA,NA,NA,NA,NA,NA,NA,NA,NA,NA,NA,NA,NA,NA,NA,NA,NA,12,"Eukaryota","Rhizaria","Cercozoa",NA,NA,NA,NA,NA
"21998","Eukaryota","Rhizaria","Cercozoa","Thecofilosea","Ebriacea","Botuliforma","Botuliforma benthica",NA,NA,NA,NA,NA,NA,NA,NA,NA,NA,NA,NA,NA,NA,NA,NA,NA,NA,NA,NA,NA,37571,"Eukaryota","Rhizaria","Cercozoa","Filosa-Thecofilosea","Ebriida","Botuliformidae","Botuliforma",NA
"14948","Eukaryota","Rhizaria","Cercozoa","Imbricatea","Marimonadida","Pseudopirsonia",NA,NA,NA,NA,NA,NA,NA,NA,NA,NA,NA,NA,NA,NA,NA,NA,NA,NA,NA,NA,NA,NA,21026,"Eukaryota","Rhizaria","Cercozoa","Filosa-Imbricatea","Marimonadida","Marimonadida_X","Pseudopirsonia",NA
"21371","Eukaryota","Opisthokonta","Metazoa","Eumetazoa","Bilateria","Protostomia","Ecdysozoa","Panarthropoda","Arthropoda","Mandibulata","Pancrustacea","Crustacea","Multicrustacea","Malacostraca","Eumalacostraca","Eucarida",NA,NA,NA,NA,NA,NA,NA,NA,NA,NA,NA,NA,13,"Eukaryota","Opisthokonta","Metazoa","Arthropoda","Crustacea","Malacostraca",NA,NA
"8581","Eukaryota","Opisthokonta","Metazoa","Eumetazoa","Bilateria","Protostomia","Ecdysozoa","Panarthropoda","Arthropoda","Mandibulata","Pancrustacea","Crustacea","Multicrustacea","Malacostraca","Eumalacostraca",NA,NA,NA,NA,NA,NA,NA,NA,NA,NA,NA,NA,NA,13,"Eukaryota","Opisthokonta","Metazoa","Arthropoda","Crustacea","Malacostraca",NA,NA
"7934","Eukaryota","Opisthokonta","Metazoa","Eumetazoa","Bilateria","Protostomia","Ecdysozoa","Panarthropoda","Arthropoda","Mandibulata","Pancrustacea","Hexapoda","Insecta","Dicondylia",NA,NA,NA,NA,NA,NA,NA,NA,NA,NA,NA,NA,NA,NA,19,"Eukaryota","Opisthokonta","Metazoa","Arthropoda","Hexapoda","Insecta",NA,NA
"15035","Eukaryota","Opisthokonta","Metazoa","Eumetazoa","Bilateria","Protostomia","Ecdysozoa","Panarthropoda","Arthropoda","Mandibulata",NA,NA,NA,NA,NA,NA,NA,NA,NA,NA,NA,NA,NA,NA,NA,NA,NA,NA,13,"Eukaryota","Opisthokonta","Metazoa","Arthropoda",NA,NA,NA,NA
"24155","Eukaryota","Opisthokonta","Metazoa","Eumetazoa","Bilateria","Protostomia","Ecdysozoa","Panarthropoda","Arthropoda","Mandibulata","Pancrustacea","Crustacea","Multicrustacea","Hexanauplia","Copepoda","Neocopepoda","Gymnoplea","Calanoida","Paracalanidae","Paracalanus",NA,NA,NA,NA,NA,NA,NA,NA,4244,"Eukaryota","Opisthokonta","Metazoa","Arthropoda","Crustacea","Maxillopoda","Paracalanus",NA
"20458","Eukaryota","Opisthokonta","Fungi","Dikarya","Ascomycota","saccharomyceta","Pezizomycotina","leotiomyceta","Eurotiomycetes",NA,NA,NA,NA,NA,NA,NA,NA,NA,NA,NA,NA,NA,NA,NA,NA,NA,NA,NA,5,"Eukaryota","Opisthokonta","Fungi","Ascomycota","Pezizomycotina","Eurotiomycetes",NA,NA
"21034","Eukaryota","Opisthokonta","Fungi","Dikarya","Ascomycota","saccharomyceta","Pezizomycotina","leotiomyceta","Eurotiomycetes","Eurotiomycetidae","Eurotiales",NA,NA,NA,NA,NA,NA,NA,NA,NA,NA,NA,NA,NA,NA,NA,NA,NA,5,"Eukaryota","Opisthokonta","Fungi","Ascomycota","Pezizomycotina","Eurotiomycetes",NA,NA
"9889","Eukaryota","Opisthokonta","Fungi","Dikarya","Ascomycota","saccharomyceta","Pezizomycotina",NA,NA,NA,NA,NA,NA,NA,NA,NA,NA,NA,NA,NA,NA,NA,NA,NA,NA,NA,NA,NA,2,"Eukaryota","Opisthokonta","Fungi","Ascomycota","Pezizomycotina",NA,NA,NA
"7409","Eukaryota","Opisthokonta","Metazoa","Porifera","Demospongiae","Heteroscleromorpha",NA,NA,NA,NA,NA,NA,NA,NA,NA,NA,NA,NA,NA,NA,NA,NA,NA,NA,NA,NA,NA,NA,49,"Eukaryota","Opisthokonta","Metazoa","Porifera","Porifera_X","Demospongiae",NA,NA
"20686","Eukaryota","Opisthokonta","Fungi","Dikarya","Basidiomycota",NA,NA,NA,NA,NA,NA,NA,NA,NA,NA,NA,NA,NA,NA,NA,NA,NA,NA,NA,NA,NA,NA,NA,21,"Eukaryota","Opisthokonta","Fungi","Basidiomycota",NA,NA,NA,NA
"16212","Eukaryota","Rhizaria","Cercozoa","Thecofilosea","Cryomonadida","Protaspidae",NA,NA,NA,NA,NA,NA,NA,NA,NA,NA,NA,NA,NA,NA,NA,NA,NA,NA,NA,NA,NA,NA,25,"Eukaryota","Rhizaria","Cercozoa","Filosa-Thecofilosea","Cryomonadida",NA,NA,NA
"16931","Eukaryota","Opisthokonta","Fungi","Dikarya",NA,NA,NA,NA,NA,NA,NA,NA,NA,NA,NA,NA,NA,NA,NA,NA,NA,NA,NA,NA,NA,NA,NA,NA,2,"Eukaryota","Opisthokonta","Fungi",NA,NA,NA,NA,NA
"22699","Eukaryota","Rhizaria","Cercozoa","Thecofilosea","unclassified Thecofilosea","Mataza","Mataza hastifera",NA,NA,NA,NA,NA,NA,NA,NA,NA,NA,NA,NA,NA,NA,NA,NA,NA,NA,NA,NA,NA,10440,"Eukaryota","Rhizaria","Cercozoa","Filosa-Thecofilosea","Filosa-Thecofilosea_X","Mataza-lineage","Mataza",NA
"21804","Eukaryota","Rhizaria","Cercozoa","Thecofilosea","Cryomonadida","Protaspidae","Cryothecomonas","unclassified Cryothecomonas","Cryothecomonas sp.",NA,NA,NA,NA,NA,NA,NA,NA,NA,NA,NA,NA,NA,NA,NA,NA,NA,NA,NA,25,"Eukaryota","Rhizaria","Cercozoa","Filosa-Thecofilosea","Cryomonadida","Cryothecomonas-lineage","Cryothecomonas",NA
"4703","Eukaryota","Rhizaria","Cercozoa","Thecofilosea","Cryomonadida","Protaspidae","Protaspa",NA,NA,NA,NA,NA,NA,NA,NA,NA,NA,NA,NA,NA,NA,NA,NA,NA,NA,NA,NA,NA,3109,"Eukaryota","Rhizaria","Cercozoa","Filosa-Thecofilosea","Cryomonadida","Protaspa-lineage","Protaspa",NA
"9525","Eukaryota","Opisthokonta","Fungi","Dikarya","Ascomycota","saccharomyceta","Saccharomycotina","Saccharomycetes","Saccharomycetales",NA,NA,NA,NA,NA,NA,NA,NA,NA,NA,NA,NA,NA,NA,NA,NA,NA,NA,NA,24,"Eukaryota","Opisthokonta","Fungi","Ascomycota","Saccharomycotina","Saccharomycetales",NA,NA
"13544","Eukaryota","Opisthokonta","Metazoa","Porifera","Demospongiae","Heteroscleromorpha","Poecilosclerida",NA,NA,NA,NA,NA,NA,NA,NA,NA,NA,NA,NA,NA,NA,NA,NA,NA,NA,NA,NA,NA,16236,"Eukaryota","Opisthokonta","Metazoa","Porifera","Porifera_X","Demospongiae","Poecilosclerida",NA
"223","Eukaryota","Opisthokonta","Fungi","Dikarya","Ascomycota",NA,NA,NA,NA,NA,NA,NA,NA,NA,NA,NA,NA,NA,NA,NA,NA,NA,NA,NA,NA,NA,NA,NA,2,"Eukaryota","Opisthokonta","Fungi","Ascomycota",NA,NA,NA,NA
"17787","Eukaryota","Opisthokonta","Fungi","Dikarya","Ascomycota","saccharomyceta",NA,NA,NA,NA,NA,NA,NA,NA,NA,NA,NA,NA,NA,NA,NA,NA,NA,NA,NA,NA,NA,NA,2,"Eukaryota","Opisthokonta","Fungi","Ascomycota",NA,NA,NA,NA
"16244","Eukaryota","Opisthokonta","Metazoa","Eumetazoa","Bilateria","Deuterostomia","Chordata","Tunicata","Appendicularia",NA,NA,NA,NA,NA,NA,NA,NA,NA,NA,NA,NA,NA,NA,NA,NA,NA,NA,NA,174,"Eukaryota","Opisthokonta","Metazoa","Urochordata","Urochordata_X","Appendicularia",NA,NA
"20110","Eukaryota","Opisthokonta","Metazoa","Eumetazoa","Cnidaria","Hydrozoa","Hydroidolina",NA,NA,NA,NA,NA,NA,NA,NA,NA,NA,NA,NA,NA,NA,NA,NA,NA,NA,NA,NA,NA,169,"Eukaryota","Opisthokonta","Metazoa","Cnidaria","Cnidaria_X","Hydrozoa",NA,NA
"11493","Eukaryota","Opisthokonta","Metazoa","Eumetazoa","Cnidaria","Hydrozoa","Trachylinae",NA,NA,NA,NA,NA,NA,NA,NA,NA,NA,NA,NA,NA,NA,NA,NA,NA,NA,NA,NA,NA,169,"Eukaryota","Opisthokonta","Metazoa","Cnidaria","Cnidaria_X","Hydrozoa",NA,NA
"2771","Eukaryota","Opisthokonta","Metazoa","Eumetazoa","Cnidaria","Hydrozoa","Trachylinae","Trachymedusae",NA,NA,NA,NA,NA,NA,NA,NA,NA,NA,NA,NA,NA,NA,NA,NA,NA,NA,NA,NA,169,"Eukaryota","Opisthokonta","Metazoa","Cnidaria","Cnidaria_X","Hydrozoa",NA,NA
"21088","Eukaryota","Opisthokonta","Metazoa","Eumetazoa","Bilateria","Platyhelminthes",NA,NA,NA,NA,NA,NA,NA,NA,NA,NA,NA,NA,NA,NA,NA,NA,NA,NA,NA,NA,NA,NA,97,"Eukaryota","Opisthokonta","Metazoa","Platyhelminthes",NA,NA,NA,NA
"18967","Eukaryota","Opisthokonta","Metazoa","Eumetazoa","Cnidaria","Hydrozoa",NA,NA,NA,NA,NA,NA,NA,NA,NA,NA,NA,NA,NA,NA,NA,NA,NA,NA,NA,NA,NA,NA,169,"Eukaryota","Opisthokonta","Metazoa","Cnidaria","Cnidaria_X","Hydrozoa",NA,NA
"10655","Eukaryota","Opisthokonta","Metazoa","Porifera","Demospongiae",NA,NA,NA,NA,NA,NA,NA,NA,NA,NA,NA,NA,NA,NA,NA,NA,NA,NA,NA,NA,NA,NA,NA,49,"Eukaryota","Opisthokonta","Metazoa","Porifera","Porifera_X","Demospongiae",NA,NA
"7966","Eukaryota","Opisthokonta","Metazoa","Eumetazoa","Bilateria","Protostomia","Lophotrochozoa","Nemertea","Pilidiophora",NA,NA,NA,NA,NA,NA,NA,NA,NA,NA,NA,NA,NA,NA,NA,NA,NA,NA,NA,604,"Eukaryota","Opisthokonta","Metazoa","Nemertea",NA,NA,NA,NA
"11003","Eukaryota","Opisthokonta","Metazoa","Eumetazoa","Cnidaria","Anthozoa","Octocorallia",NA,NA,NA,NA,NA,NA,NA,NA,NA,NA,NA,NA,NA,NA,NA,NA,NA,NA,NA,NA,NA,88,"Eukaryota","Opisthokonta","Metazoa","Cnidaria","Cnidaria_X","Anthozoa",NA,NA
"23953","Eukaryota","Opisthokonta","Metazoa","Eumetazoa","Bilateria","Deuterostomia","Echinodermata","Eleutherozoa","Asterozoa",NA,NA,NA,NA,NA,NA,NA,NA,NA,NA,NA,NA,NA,NA,NA,NA,NA,NA,NA,304,"Eukaryota","Opisthokonta","Metazoa","Echinodermata",NA,NA,NA,NA
"16148","Eukaryota","Opisthokonta","Metazoa","Eumetazoa","Bilateria","Protostomia","Lophotrochozoa","Rotifera","Monogononta",NA,NA,NA,NA,NA,NA,NA,NA,NA,NA,NA,NA,NA,NA,NA,NA,NA,NA,NA,109,"Eukaryota","Opisthokonta","Metazoa","Rotifera",NA,NA,NA,NA
"2897","Eukaryota","Opisthokonta","Metazoa","Eumetazoa","Bilateria","Deuterostomia","Echinodermata","Eleutherozoa",NA,NA,NA,NA,NA,NA,NA,NA,NA,NA,NA,NA,NA,NA,NA,NA,NA,NA,NA,NA,304,"Eukaryota","Opisthokonta","Metazoa","Echinodermata",NA,NA,NA,NA
"18190","Eukaryota","Opisthokonta","Metazoa","Eumetazoa","Bilateria","Protostomia","Lophotrochozoa","Annelida","Polychaeta","Palpata","Aciculata",NA,NA,NA,NA,NA,NA,NA,NA,NA,NA,NA,NA,NA,NA,NA,NA,NA,22,"Eukaryota","Opisthokonta","Metazoa","Annelida",NA,NA,NA,NA
"2529","Eukaryota","Opisthokonta","Metazoa","Eumetazoa","Bilateria","Protostomia","Lophotrochozoa","Nemertea","Pilidiophora","Heteronemertea",NA,NA,NA,NA,NA,NA,NA,NA,NA,NA,NA,NA,NA,NA,NA,NA,NA,NA,604,"Eukaryota","Opisthokonta","Metazoa","Nemertea",NA,NA,NA,NA
"6002","Eukaryota","Opisthokonta","Metazoa","Eumetazoa","Ctenophora","Tentaculata",NA,NA,NA,NA,NA,NA,NA,NA,NA,NA,NA,NA,NA,NA,NA,NA,NA,NA,NA,NA,NA,NA,4468,"Eukaryota","Opisthokonta","Metazoa","Ctenophora",NA,NA,NA,NA
"20903","Eukaryota","Opisthokonta","Metazoa","Eumetazoa","Ctenophora",NA,NA,NA,NA,NA,NA,NA,NA,NA,NA,NA,NA,NA,NA,NA,NA,NA,NA,NA,NA,NA,NA,NA,4468,"Eukaryota","Opisthokonta","Metazoa","Ctenophora",NA,NA,NA,NA
"23037","Eukaryota","Opisthokonta","Metazoa","Porifera",NA,NA,NA,NA,NA,NA,NA,NA,NA,NA,NA,NA,NA,NA,NA,NA,NA,NA,NA,NA,NA,NA,NA,NA,49,"Eukaryota","Opisthokonta","Metazoa","Porifera",NA,NA,NA,NA
"12428","Eukaryota","Opisthokonta","Metazoa","Eumetazoa","Cnidaria","Anthozoa",NA,NA,NA,NA,NA,NA,NA,NA,NA,NA,NA,NA,NA,NA,NA,NA,NA,NA,NA,NA,NA,NA,88,"Eukaryota","Opisthokonta","Metazoa","Cnidaria","Cnidaria_X","Anthozoa",NA,NA
"19869","Eukaryota","Opisthokonta","Metazoa","Eumetazoa","Bilateria","Protostomia",NA,NA,NA,NA,NA,NA,NA,NA,NA,NA,NA,NA,NA,NA,NA,NA,NA,NA,NA,NA,NA,NA,7,"Eukaryota","Opisthokonta","Metazoa",NA,NA,NA,NA,NA
"6652","Eukaryota","Opisthokonta","Metazoa","Eumetazoa","Bilateria","Deuterostomia","Chordata",NA,NA,NA,NA,NA,NA,NA,NA,NA,NA,NA,NA,NA,NA,NA,NA,NA,NA,NA,NA,NA,7,"Eukaryota","Opisthokonta","Metazoa",NA,NA,NA,NA,NA
"21482","Eukaryota","Rhizaria","Cercozoa","Thecofilosea","Phaeodarea","Phaeogromida",NA,NA,NA,NA,NA,NA,NA,NA,NA,NA,NA,NA,NA,NA,NA,NA,NA,NA,NA,NA,NA,NA,43564,"Eukaryota","Rhizaria","Cercozoa","Phaeodarea","Phaeogromida",NA,NA,NA
"8349","Eukaryota","Opisthokonta","Metazoa","Porifera","Demospongiae","Heteroscleromorpha","Haplosclerida",NA,NA,NA,NA,NA,NA,NA,NA,NA,NA,NA,NA,NA,NA,NA,NA,NA,NA,NA,NA,NA,49,"Eukaryota","Opisthokonta","Metazoa","Porifera","Porifera_X","Demospongiae",NA,NA
"1417","Eukaryota","Opisthokonta","Metazoa","Eumetazoa","Bilateria","Protostomia","Lophotrochozoa","Annelida","Polychaeta","Scolecida","Capitellida",NA,NA,NA,NA,NA,NA,NA,NA,NA,NA,NA,NA,NA,NA,NA,NA,NA,22,"Eukaryota","Opisthokonta","Metazoa","Annelida",NA,NA,NA,NA
"15816","Eukaryota","Opisthokonta","Metazoa","Eumetazoa","Bilateria","Protostomia","Lophotrochozoa","Annelida","Polychaeta","Palpata","Canalipalpata",NA,NA,NA,NA,NA,NA,NA,NA,NA,NA,NA,NA,NA,NA,NA,NA,NA,22,"Eukaryota","Opisthokonta","Metazoa","Annelida",NA,NA,NA,NA
"22657","Eukaryota","Rhizaria","Cercozoa","Imbricatea","Silicofilosea",NA,NA,NA,NA,NA,NA,NA,NA,NA,NA,NA,NA,NA,NA,NA,NA,NA,NA,NA,NA,NA,NA,NA,12,"Eukaryota","Rhizaria","Cercozoa",NA,NA,NA,NA,NA
"13677","Eukaryota","Apusozoa","Apusomonadidae","Amastigomonas","unclassified Amastigomonas","Amastigomonas sp.",NA,NA,NA,NA,NA,NA,NA,NA,NA,NA,NA,NA,NA,NA,NA,NA,NA,NA,NA,NA,NA,NA,341,"Eukaryota","Apusozoa","Apusomonadidae","Apusomonadidae_Group-1","Apusomonadidae_Group-1_X","Apusomonadidae_Group-1_XX","Amastigomonas",NA
"12086","Eukaryota","Rhizaria","Acantharea","Arthracanthida",NA,NA,NA,NA,NA,NA,NA,NA,NA,NA,NA,NA,NA,NA,NA,NA,NA,NA,NA,NA,NA,NA,NA,NA,6865,"Eukaryota","Rhizaria","Radiolaria","Acantharea","Arthracanthida-Symphyacanthida","Arthracanthida-Symphyacanthida_X","Arthracanthida",NA
"7537","Eukaryota","Opisthokonta","Metazoa","Eumetazoa","Bilateria","Deuterostomia","Chordata","Craniata","Vertebrata","Gnathostomata","Teleostomi","Euteleostomi",NA,NA,NA,NA,NA,NA,NA,NA,NA,NA,NA,NA,NA,NA,NA,NA,34478,"Eukaryota","Archaeplastida","Rhodophyta","Florideophyceae","Ceramiales","Rhodomelaceae","Vertebrata",NA
"22161","Eukaryota","Opisthokonta","Metazoa","Eumetazoa","Bilateria","Protostomia","Lophotrochozoa","Annelida","Polychaeta","Scolecida","Capitellida","Capitellidae",NA,NA,NA,NA,NA,NA,NA,NA,NA,NA,NA,NA,NA,NA,NA,NA,22,"Eukaryota","Opisthokonta","Metazoa","Annelida",NA,NA,NA,NA
"24279","Eukaryota","Opisthokonta","Metazoa","Eumetazoa","Bilateria","Deuterostomia","Chordata","Craniata","Vertebrata","Gnathostomata","Teleostomi","Euteleostomi","Sarcopterygii","Dipnotetrapodomorpha","Tetrapoda","Amniota",NA,NA,NA,NA,NA,NA,NA,NA,NA,NA,NA,NA,34478,"Eukaryota","Archaeplastida","Rhodophyta","Florideophyceae","Ceramiales","Rhodomelaceae","Vertebrata",NA
"9990","Eukaryota","Alveolata","Ciliophora","Intramacronucleata","Spirotrichea","Oligotrichia","Tontoniidae",NA,NA,NA,NA,NA,NA,NA,NA,NA,NA,NA,NA,NA,NA,NA,NA,NA,NA,NA,NA,NA,73,"Eukaryota","Alveolata","Ciliophora","Spirotrichea",NA,NA,NA,NA
"16465","Eukaryota","Alveolata","Ciliophora","Intramacronucleata","Spirotrichea","Oligotrichia","Tontoniidae","Pseudotontonia",NA,NA,NA,NA,NA,NA,NA,NA,NA,NA,NA,NA,NA,NA,NA,NA,NA,NA,NA,NA,1042,"Eukaryota","Alveolata","Ciliophora","Spirotrichea","Strombidiida","Tontoniidae_B","Pseudotontonia",NA
"17105","Eukaryota","Alveolata","Ciliophora","Intramacronucleata","Spirotrichea","Choreotrichia","Tintinnida","Tintinnidae",NA,NA,NA,NA,NA,NA,NA,NA,NA,NA,NA,NA,NA,NA,NA,NA,NA,NA,NA,NA,3510,"Eukaryota","Alveolata","Ciliophora","Spirotrichea","Tintinnida","Tintinnidae",NA,NA
"20604","Eukaryota","Opisthokonta","Metazoa","Eumetazoa","Bilateria","Deuterostomia","Chordata","Craniata","Vertebrata","Gnathostomata","Teleostomi","Euteleostomi","Sarcopterygii","Dipnotetrapodomorpha","Tetrapoda","Amniota","Mammalia","Theria","Eutheria","Boreoeutheria","Euarchontoglires","Primates","Haplorrhini","Simiiformes","Catarrhini","Hominoidea","Hominidae","Homininae",300,"Eukaryota","Opisthokonta","Metazoa","Craniata","Craniata_X","Mammalia",NA,NA
"1779","Eukaryota","Opisthokonta","Metazoa","Eumetazoa","Bilateria","Protostomia","Lophotrochozoa","Mollusca","Gastropoda","Heterobranchia",NA,NA,NA,NA,NA,NA,NA,NA,NA,NA,NA,NA,NA,NA,NA,NA,NA,NA,194,"Eukaryota","Opisthokonta","Metazoa","Mollusca","Gastropoda","Heterobranchia",NA,NA
"1102","Eukaryota","Opisthokonta","Metazoa","Eumetazoa","Bilateria","Protostomia","Lophotrochozoa","Mollusca","Gastropoda","Heterobranchia","Euthyneura <gastropods>","Euopisthobranchia",NA,NA,NA,NA,NA,NA,NA,NA,NA,NA,NA,NA,NA,NA,NA,NA,194,"Eukaryota","Opisthokonta","Metazoa","Mollusca","Gastropoda","Heterobranchia",NA,NA
"3469","Eukaryota","Alveolata","Ciliophora","Intramacronucleata","Spirotrichea","Choreotrichia","Choreotrichida",NA,NA,NA,NA,NA,NA,NA,NA,NA,NA,NA,NA,NA,NA,NA,NA,NA,NA,NA,NA,NA,93,"Eukaryota","Alveolata","Ciliophora","Spirotrichea","Choreotrichida",NA,NA,NA
"14782","Eukaryota","Rhizaria","Foraminifera","Monothalamids",NA,NA,NA,NA,NA,NA,NA,NA,NA,NA,NA,NA,NA,NA,NA,NA,NA,NA,NA,NA,NA,NA,NA,NA,236,"Eukaryota","Rhizaria","Foraminifera","Monothalamids",NA,NA,NA,NA
"16325","Eukaryota","Alveolata","Ciliophora","Intramacronucleata","Oligohymenophorea","Peritrichia","Sessilida",NA,NA,NA,NA,NA,NA,NA,NA,NA,NA,NA,NA,NA,NA,NA,NA,NA,NA,NA,NA,NA,574,"Eukaryota","Alveolata","Ciliophora","Oligohymenophorea","Peritrichia_2","Sessilida",NA,NA
"23722","Eukaryota","Haptista","Haptophyta","Prymnesiophyceae","Isochrysidales","Noelaerhabdaceae",NA,NA,NA,NA,NA,NA,NA,NA,NA,NA,NA,NA,NA,NA,NA,NA,NA,NA,NA,NA,NA,NA,44928,"Eukaryota","Hacrobia","Haptophyta","Prymnesiophyceae","Isochrysidales","Noelaerhabdaceae",NA,NA
"9759","Eukaryota","Amoebozoa","Discosea","Flabellinia","Dactylopodida","Paramoebidae","Neoparamoeba","unclassified Neoparamoeba","Neoparamoeba sp.",NA,NA,NA,NA,NA,NA,NA,NA,NA,NA,NA,NA,NA,NA,NA,NA,NA,NA,NA,853,"Eukaryota","Amoebozoa","Lobosa","Discosea-Flabellinia","Dactylopodida","Paramoebidae","Neoparamoeba",NA
"20477","Eukaryota","Alveolata","Dinophyceae","Gymnodiniales","Gymnodiniaceae",NA,NA,NA,NA,NA,NA,NA,NA,NA,NA,NA,NA,NA,NA,NA,NA,NA,NA,NA,NA,NA,NA,NA,474,"Eukaryota","Alveolata","Dinoflagellata","Dinophyceae","Gymnodiniales","Gymnodiniaceae",NA,NA
"9981","Eukaryota","Viridiplantae","Chlorophyta","Mamiellophyceae","Dolichomastigales","Crustomastigaceae","Crustomastix",NA,NA,NA,NA,NA,NA,NA,NA,NA,NA,NA,NA,NA,NA,NA,NA,NA,NA,NA,NA,NA,44190,"Eukaryota","Archaeplastida","Chlorophyta","Mamiellophyceae","Dolichomastigales","Crustomastigaceae","Crustomastix",NA
"23727","Eukaryota","Alveolata","Dinophyceae","Suessiales","Suessiaceae",NA,NA,NA,NA,NA,NA,NA,NA,NA,NA,NA,NA,NA,NA,NA,NA,NA,NA,NA,NA,NA,NA,NA,492,"Eukaryota","Alveolata","Dinoflagellata","Dinophyceae","Suessiales","Suessiaceae",NA,NA
"4144","Eukaryota","Alveolata","Dinophyceae","Gonyaulacales","Goniodomataceae",NA,NA,NA,NA,NA,NA,NA,NA,NA,NA,NA,NA,NA,NA,NA,NA,NA,NA,NA,NA,NA,NA,NA,45,"Eukaryota","Alveolata","Dinoflagellata","Dinophyceae","Gonyaulacales","Goniodomataceae",NA,NA
"18906","Eukaryota","Alveolata","Dinophyceae","Gonyaulacales","Pyrophacaceae","Fragilidium",NA,NA,NA,NA,NA,NA,NA,NA,NA,NA,NA,NA,NA,NA,NA,NA,NA,NA,NA,NA,NA,NA,301,"Eukaryota","Alveolata","Dinoflagellata","Dinophyceae","Gonyaulacales","Pyrophacaceae","Fragilidium",NA
"9076","Eukaryota","Alveolata","Dinophyceae","Gonyaulacales",NA,NA,NA,NA,NA,NA,NA,NA,NA,NA,NA,NA,NA,NA,NA,NA,NA,NA,NA,NA,NA,NA,NA,NA,45,"Eukaryota","Alveolata","Dinoflagellata","Dinophyceae","Gonyaulacales",NA,NA,NA
"6671","Eukaryota","Alveolata","Ciliophora","Intramacronucleata","Spirotrichea","Choreotrichia","Choreotrichida","Leegaardiellidae","Leegaardiella","unclassified Leegaardiella","Leegaardiella sp.",NA,NA,NA,NA,NA,NA,NA,NA,NA,NA,NA,NA,NA,NA,NA,NA,NA,768,"Eukaryota","Alveolata","Ciliophora","Spirotrichea","Choreotrichida","Leegaardiellidae_B","Leegaardiella",NA
"10228","Eukaryota","Rhizaria","Polycystinea","Collodaria","Collosphaeridae",NA,NA,NA,NA,NA,NA,NA,NA,NA,NA,NA,NA,NA,NA,NA,NA,NA,NA,NA,NA,NA,NA,NA,43524,"Eukaryota","Rhizaria","Radiolaria","Polycystinea","Collodaria","Collosphaeridae",NA,NA
"8685","Eukaryota","Alveolata","Ciliophora","Intramacronucleata",NA,NA,NA,NA,NA,NA,NA,NA,NA,NA,NA,NA,NA,NA,NA,NA,NA,NA,NA,NA,NA,NA,NA,NA,9,"Eukaryota","Alveolata","Ciliophora",NA,NA,NA,NA,NA
"3307","Eukaryota","Alveolata","Dinophyceae","Peridiniales","Protoperidiniaceae","Protoperidinium","Protoperidinium depressum",NA,NA,NA,NA,NA,NA,NA,NA,NA,NA,NA,NA,NA,NA,NA,NA,NA,NA,NA,NA,NA,3,"Eukaryota","Alveolata","Dinoflagellata","Dinophyceae","Peridiniales","Protoperidiniaceae","Protoperidinium",NA
"10908","Eukaryota","Haptista","Haptophyta","Prymnesiophyceae","Prymnesiales","Chrysocampanula","Chrysocampanula spinifera",NA,NA,NA,NA,NA,NA,NA,NA,NA,NA,NA,NA,NA,NA,NA,NA,NA,NA,NA,NA,NA,44980,"Eukaryota","Hacrobia","Haptophyta","Prymnesiophyceae","Prymnesiales","Prymnesiales_X","Chrysocampanula",NA
"15233","Eukaryota","Viridiplantae","Streptophyta","Streptophytina","Embryophyta","Tracheophyta",NA,NA,NA,NA,NA,NA,NA,NA,NA,NA,NA,NA,NA,NA,NA,NA,NA,NA,NA,NA,NA,NA,8,"Eukaryota","Archaeplastida","Streptophyta",NA,NA,NA,NA,NA
"21630","Eukaryota","Alveolata","Ciliophora","Intramacronucleata","Litostomatea",NA,NA,NA,NA,NA,NA,NA,NA,NA,NA,NA,NA,NA,NA,NA,NA,NA,NA,NA,NA,NA,NA,NA,9,"Eukaryota","Alveolata","Ciliophora","Litostomatea",NA,NA,NA,NA
"6337","Eukaryota","Alveolata","Ciliophora","Intramacronucleata","Litostomatea","Haptoria",NA,NA,NA,NA,NA,NA,NA,NA,NA,NA,NA,NA,NA,NA,NA,NA,NA,NA,NA,NA,NA,NA,9,"Eukaryota","Alveolata","Ciliophora","Litostomatea",NA,NA,NA,NA
"1784","Eukaryota","Alveolata","Ciliophora","Intramacronucleata","Litostomatea","Haptoria","Cyclotrichida","Mesodiniidae","Mesodinium",NA,NA,NA,NA,NA,NA,NA,NA,NA,NA,NA,NA,NA,NA,NA,NA,NA,NA,NA,531,"Eukaryota","Alveolata","Ciliophora","Ciliophora_X","Ciliophora_XX","Ciliophora_XXX","Mesodinium",NA
"6230","Eukaryota","Alveolata","Ciliophora",NA,NA,NA,NA,NA,NA,NA,NA,NA,NA,NA,NA,NA,NA,NA,NA,NA,NA,NA,NA,NA,NA,NA,NA,NA,9,"Eukaryota","Alveolata","Ciliophora",NA,NA,NA,NA,NA
"12909","Eukaryota","Amoebozoa","Evosea",NA,NA,NA,NA,NA,NA,NA,NA,NA,NA,NA,NA,NA,NA,NA,NA,NA,NA,NA,NA,NA,NA,NA,NA,NA,176,"Eukaryota","Amoebozoa",NA,NA,NA,NA,NA,NA
"16642","Eukaryota","Rhizaria","Polycystinea","Collodaria",NA,NA,NA,NA,NA,NA,NA,NA,NA,NA,NA,NA,NA,NA,NA,NA,NA,NA,NA,NA,NA,NA,NA,NA,43518,"Eukaryota","Rhizaria","Radiolaria","Polycystinea","Collodaria",NA,NA,NA
"14314","Eukaryota","Rhizaria","Polycystinea","Nassellaria","Plagiacanthidae",NA,NA,NA,NA,NA,NA,NA,NA,NA,NA,NA,NA,NA,NA,NA,NA,NA,NA,NA,NA,NA,NA,NA,9251,"Eukaryota","Rhizaria","Radiolaria","Polycystinea","Nassellaria",NA,NA,NA
"11835","Eukaryota","Alveolata","Apicomplexa","Conoidasida","Gregarinasina","Eugregarinorida","Lecudinidae","Paralecudina",NA,NA,NA,NA,NA,NA,NA,NA,NA,NA,NA,NA,NA,NA,NA,NA,NA,NA,NA,NA,1103,"Eukaryota","Alveolata","Apicomplexa","Gregarinomorphea","Eugregarinorida","Paralecudinids","Paralecudina",NA
"12741","Eukaryota","Alveolata","Dinophyceae","Syndiniales","Syndiniaceae","Hematodinium","unclassified Hematodinium","Hematodinium sp.",NA,NA,NA,NA,NA,NA,NA,NA,NA,NA,NA,NA,NA,NA,NA,NA,NA,NA,NA,NA,1791,"Eukaryota","Alveolata","Dinoflagellata","Syndiniales","Dino-Group-IV","Dino-Group-IV-Hematodinium-Group","Hematodinium",NA
"13671","Eukaryota","Rhizaria","Polycystinea","Nassellaria",NA,NA,NA,NA,NA,NA,NA,NA,NA,NA,NA,NA,NA,NA,NA,NA,NA,NA,NA,NA,NA,NA,NA,NA,9251,"Eukaryota","Rhizaria","Radiolaria","Polycystinea","Nassellaria",NA,NA,NA
"13987","Eukaryota","Rhizaria","Polycystinea","Nassellaria","Theoperidae","Pterocanium","Pterocanium trilobum",NA,NA,NA,NA,NA,NA,NA,NA,NA,NA,NA,NA,NA,NA,NA,NA,NA,NA,NA,NA,NA,43559,"Eukaryota","Rhizaria","Radiolaria","Polycystinea","Nassellaria","Pterocoryothoidea","Pterocanium",NA
"6705","Eukaryota","Amoebozoa","Discosea","Flabellinia","Dactylopodida",NA,NA,NA,NA,NA,NA,NA,NA,NA,NA,NA,NA,NA,NA,NA,NA,NA,NA,NA,NA,NA,NA,NA,280,"Eukaryota","Amoebozoa","Lobosa","Discosea-Flabellinia","Dactylopodida",NA,NA,NA
"16178","Eukaryota","Rhizaria","Polycystinea","Spumellaria","Ethmosphaeridae",NA,NA,NA,NA,NA,NA,NA,NA,NA,NA,NA,NA,NA,NA,NA,NA,NA,NA,NA,NA,NA,NA,NA,18123,"Eukaryota","Rhizaria","Radiolaria","Polycystinea","Spumellarida","Ethmosphaeridae",NA,NA
"21011","Eukaryota","Rhizaria","Polycystinea","Spumellaria","Actinommidae","Hexacontium",NA,NA,NA,NA,NA,NA,NA,NA,NA,NA,NA,NA,NA,NA,NA,NA,NA,NA,NA,NA,NA,NA,2814,"Eukaryota","Rhizaria","Radiolaria","Polycystinea","Spumellarida","Spongodiscidae-Coccodiscidae","Hexacontium",NA
"22956","Eukaryota","Rhizaria","Polycystinea","Spumellaria","Actinommidae",NA,NA,NA,NA,NA,NA,NA,NA,NA,NA,NA,NA,NA,NA,NA,NA,NA,NA,NA,NA,NA,NA,NA,18,"Eukaryota","Rhizaria","Radiolaria","Polycystinea",NA,NA,NA,NA
"9831","Eukaryota","Rhizaria","Foraminifera","Globothalamea",NA,NA,NA,NA,NA,NA,NA,NA,NA,NA,NA,NA,NA,NA,NA,NA,NA,NA,NA,NA,NA,NA,NA,NA,324,"Eukaryota","Rhizaria","Foraminifera","Globothalamea",NA,NA,NA,NA
"8782","Eukaryota","Alveolata","Ciliophora","Intramacronucleata","Spirotrichea","Hypotrichia",NA,NA,NA,NA,NA,NA,NA,NA,NA,NA,NA,NA,NA,NA,NA,NA,NA,NA,NA,NA,NA,NA,73,"Eukaryota","Alveolata","Ciliophora","Spirotrichea","Hypotrichia",NA,NA,NA
"16481","Eukaryota","Haptista","Haptophyta","Prymnesiophyceae","Prymnesiales",NA,NA,NA,NA,NA,NA,NA,NA,NA,NA,NA,NA,NA,NA,NA,NA,NA,NA,NA,NA,NA,NA,NA,44939,"Eukaryota","Hacrobia","Haptophyta","Prymnesiophyceae","Prymnesiales",NA,NA,NA
"15010","Eukaryota","Rhizaria","Foraminifera",NA,NA,NA,NA,NA,NA,NA,NA,NA,NA,NA,NA,NA,NA,NA,NA,NA,NA,NA,NA,NA,NA,NA,NA,NA,236,"Eukaryota","Rhizaria","Foraminifera",NA,NA,NA,NA,NA
"1358","Eukaryota","Alveolata","Dinophyceae","Noctilucales","Noctilucaceae","Noctiluca","Noctiluca scintillans",NA,NA,NA,NA,NA,NA,NA,NA,NA,NA,NA,NA,NA,NA,NA,NA,NA,NA,NA,NA,NA,1693,"Eukaryota","Alveolata","Dinoflagellata","Noctilucophyceae","Noctilucales","Noctilucaceae","Noctiluca",NA
"12978","Eukaryota","Rhizaria","Polycystinea","Nassellaria","Plagiacanthidae","Lithomelissa","Lithomelissa setosa",NA,NA,NA,NA,NA,NA,NA,NA,NA,NA,NA,NA,NA,NA,NA,NA,NA,NA,NA,NA,NA,43552,"Eukaryota","Rhizaria","Radiolaria","Polycystinea","Nassellaria","Plagiacanthoidea","Lithomelissa",NA
"14139","Eukaryota","Viridiplantae","Chlorophyta","Ulvophyceae","TCBD clade",NA,NA,NA,NA,NA,NA,NA,NA,NA,NA,NA,NA,NA,NA,NA,NA,NA,NA,NA,NA,NA,NA,NA,43602,"Eukaryota","Archaeplastida","Chlorophyta","Ulvophyceae",NA,NA,NA,NA
"12973","Eukaryota","Amoebozoa","Discosea","Flabellinia","Dactylopodida","Paramoebidae","Neoparamoeba",NA,NA,NA,NA,NA,NA,NA,NA,NA,NA,NA,NA,NA,NA,NA,NA,NA,NA,NA,NA,NA,853,"Eukaryota","Amoebozoa","Lobosa","Discosea-Flabellinia","Dactylopodida","Paramoebidae","Neoparamoeba",NA
"9967","Eukaryota","Amoebozoa","Discosea","Flabellinia","Dactylopodida","Paramoebidae",NA,NA,NA,NA,NA,NA,NA,NA,NA,NA,NA,NA,NA,NA,NA,NA,NA,NA,NA,NA,NA,NA,280,"Eukaryota","Amoebozoa","Lobosa","Discosea-Flabellinia","Dactylopodida","Paramoebidae",NA,NA
"12034","Eukaryota","Viridiplantae","Chlorophyta","Mamiellophyceae","Dolichomastigales",NA,NA,NA,NA,NA,NA,NA,NA,NA,NA,NA,NA,NA,NA,NA,NA,NA,NA,NA,NA,NA,NA,NA,43654,"Eukaryota","Archaeplastida","Chlorophyta","Mamiellophyceae","Dolichomastigales",NA,NA,NA
"9926","Eukaryota","Viridiplantae","Chlorophyta","Ulvophyceae",NA,NA,NA,NA,NA,NA,NA,NA,NA,NA,NA,NA,NA,NA,NA,NA,NA,NA,NA,NA,NA,NA,NA,NA,43602,"Eukaryota","Archaeplastida","Chlorophyta","Ulvophyceae",NA,NA,NA,NA
"14048","Eukaryota","Viridiplantae","Streptophyta",NA,NA,NA,NA,NA,NA,NA,NA,NA,NA,NA,NA,NA,NA,NA,NA,NA,NA,NA,NA,NA,NA,NA,NA,NA,8,"Eukaryota","Archaeplastida","Streptophyta",NA,NA,NA,NA,NA
"22813","Eukaryota","Katablepharidophyta","Katablepharidaceae",NA,NA,NA,NA,NA,NA,NA,NA,NA,NA,NA,NA,NA,NA,NA,NA,NA,NA,NA,NA,NA,NA,NA,NA,NA,2181,"Eukaryota","Hacrobia","Katablepharidophyta","Katablepharidaceae",NA,NA,NA,NA
"9638","Eukaryota","Alveolata","Apicomplexa","Conoidasida","Coccidia",NA,NA,NA,NA,NA,NA,NA,NA,NA,NA,NA,NA,NA,NA,NA,NA,NA,NA,NA,NA,NA,NA,NA,36849,"Eukaryota","Alveolata","Apicomplexa","Apicomplexa_X","Coccidia",NA,NA,NA
"3078","Eukaryota","Apusozoa","Apusomonadidae",NA,NA,NA,NA,NA,NA,NA,NA,NA,NA,NA,NA,NA,NA,NA,NA,NA,NA,NA,NA,NA,NA,NA,NA,NA,341,"Eukaryota","Apusozoa","Apusomonadidae",NA,NA,NA,NA,NA
"19905","Eukaryota","Alveolata","Ciliophora","Intramacronucleata","Litostomatea","Haptoria","Cyclotrichida","Mesodiniidae","Askenasia",NA,NA,NA,NA,NA,NA,NA,NA,NA,NA,NA,NA,NA,NA,NA,NA,NA,NA,NA,250,"Eukaryota","Alveolata","Ciliophora","CONThreeP","CONThreeP_X","CONThreeP_XX","Askenasia",NA
"5270","Eukaryota","Rhizaria","Polycystinea","Nassellaria","Theoperidae",NA,NA,NA,NA,NA,NA,NA,NA,NA,NA,NA,NA,NA,NA,NA,NA,NA,NA,NA,NA,NA,NA,NA,9251,"Eukaryota","Rhizaria","Radiolaria","Polycystinea","Nassellaria",NA,NA,NA
"18048","Eukaryota","Alveolata","Dinophyceae","Gonyaulacales","Gonyaulacaceae","Gonyaulax",NA,NA,NA,NA,NA,NA,NA,NA,NA,NA,NA,NA,NA,NA,NA,NA,NA,NA,NA,NA,NA,NA,3606,"Eukaryota","Alveolata","Dinoflagellata","Dinophyceae","Gonyaulacales","Gonyaulacaceae","Gonyaulax",NA
"5630","Eukaryota","Viridiplantae","Streptophyta","Streptophytina",NA,NA,NA,NA,NA,NA,NA,NA,NA,NA,NA,NA,NA,NA,NA,NA,NA,NA,NA,NA,NA,NA,NA,NA,8,"Eukaryota","Archaeplastida","Streptophyta",NA,NA,NA,NA,NA
"7978","Eukaryota","Haptista","Haptophyta","Prymnesiophyceae","Prymnesiales","Chrysochromulinaceae","Chrysochromulina","Chrysochromulina scutellum",NA,NA,NA,NA,NA,NA,NA,NA,NA,NA,NA,NA,NA,NA,NA,NA,NA,NA,NA,NA,44939,"Eukaryota","Hacrobia","Haptophyta","Prymnesiophyceae","Prymnesiales","Chrysochromulinaceae","Chrysochromulina",NA
"18885","Eukaryota","Haptista","Haptophyta","Prymnesiophyceae","Phaeocystales","Phaeocystaceae","Phaeocystis",NA,NA,NA,NA,NA,NA,NA,NA,NA,NA,NA,NA,NA,NA,NA,NA,NA,NA,NA,NA,NA,44932,"Eukaryota","Hacrobia","Haptophyta","Prymnesiophyceae","Phaeocystales","Phaeocystaceae","Phaeocystis",NA
"10754","Eukaryota","Viridiplantae","Chlorophyta","Mamiellophyceae","Dolichomastigales","Dolichomastigaceae",NA,NA,NA,NA,NA,NA,NA,NA,NA,NA,NA,NA,NA,NA,NA,NA,NA,NA,NA,NA,NA,NA,43654,"Eukaryota","Archaeplastida","Chlorophyta","Mamiellophyceae","Dolichomastigales","Dolichomastigaceae",NA,NA
"20142","Eukaryota","Viridiplantae","Streptophyta","Streptophytina","Embryophyta","Tracheophyta","Euphyllophyta","Spermatophyta","Magnoliopsida","Mesangiospermae","Liliopsida","Petrosaviidae","commelinids","Poales","Poaceae",NA,NA,NA,NA,NA,NA,NA,NA,NA,NA,NA,NA,NA,8,"Eukaryota","Archaeplastida","Streptophyta",NA,NA,NA,NA,NA
"2844","Eukaryota","Rhodophyta",NA,NA,NA,NA,NA,NA,NA,NA,NA,NA,NA,NA,NA,NA,NA,NA,NA,NA,NA,NA,NA,NA,NA,NA,NA,NA,61,"Eukaryota","Archaeplastida","Rhodophyta",NA,NA,NA,NA,NA
"17573","Eukaryota","Viridiplantae","Chlorophyta","Mamiellophyceae","Mamiellales","Mamiellaceae","Micromonas",NA,NA,NA,NA,NA,NA,NA,NA,NA,NA,NA,NA,NA,NA,NA,NA,NA,NA,NA,NA,NA,43607,"Eukaryota","Archaeplastida","Chlorophyta","Mamiellophyceae","Mamiellales","Mamiellaceae","Micromonas",NA
"8402","Eukaryota","Viridiplantae","Chlorophyta","Pyramimonadales","Pyramimonas",NA,NA,NA,NA,NA,NA,NA,NA,NA,NA,NA,NA,NA,NA,NA,NA,NA,NA,NA,NA,NA,NA,NA,43633,"Eukaryota","Archaeplastida","Chlorophyta","Pyramimonadales","Pyramimonadales_X","Pyramimonadales_XX","Pyramimonas",NA
"20101","Eukaryota","Viridiplantae","Streptophyta","Streptophytina","Embryophyta","Tracheophyta","Euphyllophyta","Spermatophyta","Magnoliopsida","Mesangiospermae","eudicotyledons","Gunneridae","Pentapetalae","asterids","campanulids","Apiales","Apiineae",NA,NA,NA,NA,NA,NA,NA,NA,NA,NA,NA,8,"Eukaryota","Archaeplastida","Streptophyta",NA,NA,NA,NA,NA
"222","Eukaryota","Viridiplantae","Chlorophyta","Mamiellophyceae",NA,NA,NA,NA,NA,NA,NA,NA,NA,NA,NA,NA,NA,NA,NA,NA,NA,NA,NA,NA,NA,NA,NA,NA,43596,"Eukaryota","Archaeplastida","Chlorophyta","Mamiellophyceae",NA,NA,NA,NA
"23288","Eukaryota","Viridiplantae","Chlorophyta","Mamiellophyceae","Dolichomastigales","Crustomastigaceae",NA,NA,NA,NA,NA,NA,NA,NA,NA,NA,NA,NA,NA,NA,NA,NA,NA,NA,NA,NA,NA,NA,43675,"Eukaryota","Archaeplastida","Chlorophyta","Mamiellophyceae","Dolichomastigales","Crustomastigaceae",NA,NA
"17111","Eukaryota","Viridiplantae","Chlorophyta","Mamiellophyceae","Mamiellales","Mamiellaceae",NA,NA,NA,NA,NA,NA,NA,NA,NA,NA,NA,NA,NA,NA,NA,NA,NA,NA,NA,NA,NA,NA,43607,"Eukaryota","Archaeplastida","Chlorophyta","Mamiellophyceae","Mamiellales","Mamiellaceae",NA,NA
"22449","Eukaryota","Viridiplantae","Streptophyta","Streptophytina","Embryophyta","Tracheophyta","Euphyllophyta","Spermatophyta","Magnoliopsida","Mesangiospermae","Liliopsida",NA,NA,NA,NA,NA,NA,NA,NA,NA,NA,NA,NA,NA,NA,NA,NA,NA,8,"Eukaryota","Archaeplastida","Streptophyta",NA,NA,NA,NA,NA
"21883","Eukaryota","Viridiplantae","Streptophyta","Streptophytina","Embryophyta","Tracheophyta","Euphyllophyta","Spermatophyta","Magnoliopsida","Mesangiospermae","eudicotyledons","Gunneridae","Pentapetalae",NA,NA,NA,NA,NA,NA,NA,NA,NA,NA,NA,NA,NA,NA,NA,8,"Eukaryota","Archaeplastida","Streptophyta",NA,NA,NA,NA,NA
"16095","Eukaryota","Viridiplantae","Streptophyta","Streptophytina","Embryophyta","Tracheophyta","Euphyllophyta","Spermatophyta","Magnoliopsida","Mesangiospermae","Liliopsida","Petrosaviidae",NA,NA,NA,NA,NA,NA,NA,NA,NA,NA,NA,NA,NA,NA,NA,NA,8,"Eukaryota","Archaeplastida","Streptophyta",NA,NA,NA,NA,NA
"15023","Eukaryota","Haptista","Centroplasthelida","Pterocystida","Pterista",NA,NA,NA,NA,NA,NA,NA,NA,NA,NA,NA,NA,NA,NA,NA,NA,NA,NA,NA,NA,NA,NA,NA,672,"Eukaryota","Hacrobia","Centroheliozoa","Centroheliozoa_X","Pterocystida",NA,NA,NA
"4885","Eukaryota","Rhodophyta","Florideophyceae","Rhodymeniophycidae","Ceramiales",NA,NA,NA,NA,NA,NA,NA,NA,NA,NA,NA,NA,NA,NA,NA,NA,NA,NA,NA,NA,NA,NA,NA,61,"Eukaryota","Archaeplastida","Rhodophyta","Florideophyceae","Ceramiales",NA,NA,NA
"1119","Eukaryota","Viridiplantae","Chlorophyta","Chloropicophyceae","Chloropicales","Chloropicaceae","Chloropicon",NA,NA,NA,NA,NA,NA,NA,NA,NA,NA,NA,NA,NA,NA,NA,NA,NA,NA,NA,NA,NA,43649,"Eukaryota","Archaeplastida","Chlorophyta","Chloropicophyceae","Chloropicales","Chloropicaceae","Chloropicon",NA
"10003","Eukaryota","Viridiplantae","Chlorophyta","Chlorodendrophyceae","Chlorodendrales","Chlorodendraceae",NA,NA,NA,NA,NA,NA,NA,NA,NA,NA,NA,NA,NA,NA,NA,NA,NA,NA,NA,NA,NA,NA,43623,"Eukaryota","Archaeplastida","Chlorophyta","Chlorodendrophyceae","Chlorodendrales","Chlorodendraceae",NA,NA
"20120","Eukaryota","Rhizaria","Sticholonchida","Sticholonchidae","Sticholonche",NA,NA,NA,NA,NA,NA,NA,NA,NA,NA,NA,NA,NA,NA,NA,NA,NA,NA,NA,NA,NA,NA,NA,535,"Eukaryota","Rhizaria","Radiolaria","RAD-B","RAD-B_X","RAD-B-Group-IV","Sticholonche",NA
"12249","Eukaryota","Alveolata","Dinophyceae","Gymnodiniales","Gymnodiniaceae","Margalefidinium","Margalefidinium fulvescens",NA,NA,NA,NA,NA,NA,NA,NA,NA,NA,NA,NA,NA,NA,NA,NA,NA,NA,NA,NA,NA,1068,"Eukaryota","Alveolata","Dinoflagellata","Dinophyceae","Gymnodiniales","Gymnodiniaceae","Margalefidinium",NA
"11076","Eukaryota","Alveolata","Dinophyceae","Suessiales",NA,NA,NA,NA,NA,NA,NA,NA,NA,NA,NA,NA,NA,NA,NA,NA,NA,NA,NA,NA,NA,NA,NA,NA,33,"Eukaryota","Alveolata","Dinoflagellata","Dinophyceae","Suessiales",NA,NA,NA
"273","Eukaryota","Alveolata","Dinophyceae","Syndiniales","Syndiniaceae","Hematodinium",NA,NA,NA,NA,NA,NA,NA,NA,NA,NA,NA,NA,NA,NA,NA,NA,NA,NA,NA,NA,NA,NA,1791,"Eukaryota","Alveolata","Dinoflagellata","Syndiniales","Dino-Group-IV","Dino-Group-IV-Hematodinium-Group","Hematodinium",NA
"6552","Eukaryota","Alveolata","Ciliophora","Postciliodesmatophora",NA,NA,NA,NA,NA,NA,NA,NA,NA,NA,NA,NA,NA,NA,NA,NA,NA,NA,NA,NA,NA,NA,NA,NA,9,"Eukaryota","Alveolata","Ciliophora",NA,NA,NA,NA,NA
"20056","Eukaryota","Alveolata","Dinophyceae","Gymnodiniales",NA,NA,NA,NA,NA,NA,NA,NA,NA,NA,NA,NA,NA,NA,NA,NA,NA,NA,NA,NA,NA,NA,NA,NA,474,"Eukaryota","Alveolata","Dinoflagellata","Dinophyceae","Gymnodiniales",NA,NA,NA
"18258","Eukaryota","Alveolata","Dinophyceae","Suessiales","Suessiaceae","Asulcocephalium","Asulcocephalium miricentonis",NA,NA,NA,NA,NA,NA,NA,NA,NA,NA,NA,NA,NA,NA,NA,NA,NA,NA,NA,NA,NA,45082,"Eukaryota","Alveolata","Dinoflagellata","Dinophyceae","Suessiales","Suessiaceae","Asulcocephalium",NA
"19030","Eukaryota","Alveolata","Dinophyceae","Gymnodiniales","Gymnodiniaceae","Akashiwo","Akashiwo sanguinea",NA,NA,NA,NA,NA,NA,NA,NA,NA,NA,NA,NA,NA,NA,NA,NA,NA,NA,NA,NA,NA,1519,"Eukaryota","Alveolata","Dinoflagellata","Dinophyceae","Gymnodiniales","Gymnodiniaceae","Akashiwo",NA
"15747","Eukaryota","Alveolata","Dinophyceae","Syndiniales","Syndiniaceae",NA,NA,NA,NA,NA,NA,NA,NA,NA,NA,NA,NA,NA,NA,NA,NA,NA,NA,NA,NA,NA,NA,NA,34,"Eukaryota","Alveolata","Dinoflagellata","Syndiniales",NA,NA,NA,NA
"4736","Eukaryota","Alveolata","Dinophyceae","Dinophysiales","Dinophysiaceae","Dinophysis",NA,NA,NA,NA,NA,NA,NA,NA,NA,NA,NA,NA,NA,NA,NA,NA,NA,NA,NA,NA,NA,NA,511,"Eukaryota","Alveolata","Dinoflagellata","Dinophyceae","Dinophysiales","Dinophysiaceae","Dinophysis",NA
"14477","Eukaryota","Alveolata","Dinophyceae","Peridiniales","Pfiesteriaceae","Cryptoperidiniopsis","Cryptoperidiniopsis brodyi",NA,NA,NA,NA,NA,NA,NA,NA,NA,NA,NA,NA,NA,NA,NA,NA,NA,NA,NA,NA,NA,6447,"Eukaryota","Alveolata","Dinoflagellata","Dinophyceae","Peridiniales","Thoracosphaeraceae","Cryptoperidiniopsis",NA
"16660","Eukaryota","Alveolata","Dinophyceae","Syndiniales","Eudubosquellidae","Euduboscquella",NA,NA,NA,NA,NA,NA,NA,NA,NA,NA,NA,NA,NA,NA,NA,NA,NA,NA,NA,NA,NA,NA,1842,"Eukaryota","Alveolata","Dinoflagellata","Syndiniales","Dino-Group-I","Dino-Group-I-Clade-4","Euduboscquella",NA
"11877","Eukaryota","Rhodophyta","Florideophyceae","Corallinophycidae","Corallinales",NA,NA,NA,NA,NA,NA,NA,NA,NA,NA,NA,NA,NA,NA,NA,NA,NA,NA,NA,NA,NA,NA,NA,235,"Eukaryota","Archaeplastida","Rhodophyta","Florideophyceae","Corallinales",NA,NA,NA
"10368","Eukaryota","Alveolata","Perkinsozoa","Perkinsea","Perkinsida",NA,NA,NA,NA,NA,NA,NA,NA,NA,NA,NA,NA,NA,NA,NA,NA,NA,NA,NA,NA,NA,NA,NA,726,"Eukaryota","Alveolata","Perkinsea","Perkinsida",NA,NA,NA,NA
"1220","Eukaryota","Alveolata","Dinophyceae","Peridiniales","Protoperidiniaceae","Protoperidinium","Protoperidinium monovelum",NA,NA,NA,NA,NA,NA,NA,NA,NA,NA,NA,NA,NA,NA,NA,NA,NA,NA,NA,NA,NA,3,"Eukaryota","Alveolata","Dinoflagellata","Dinophyceae","Peridiniales","Protoperidiniaceae","Protoperidinium",NA
"11790","Eukaryota","Rhodophyta","Florideophyceae","Rhodymeniophycidae",NA,NA,NA,NA,NA,NA,NA,NA,NA,NA,NA,NA,NA,NA,NA,NA,NA,NA,NA,NA,NA,NA,NA,NA,61,"Eukaryota","Archaeplastida","Rhodophyta","Florideophyceae",NA,NA,NA,NA
"3944","Eukaryota","Alveolata","Ciliophora","Intramacronucleata","Oligohymenophorea","Scuticociliatia","Philasterida",NA,NA,NA,NA,NA,NA,NA,NA,NA,NA,NA,NA,NA,NA,NA,NA,NA,NA,NA,NA,NA,32,"Eukaryota","Alveolata","Ciliophora","Oligohymenophorea","Scuticociliatia_1","Philasterida",NA,NA
"7906","Eukaryota","Alveolata","Dinophyceae","Peridiniales","Pfiesteriaceae",NA,NA,NA,NA,NA,NA,NA,NA,NA,NA,NA,NA,NA,NA,NA,NA,NA,NA,NA,NA,NA,NA,NA,1,"Eukaryota","Alveolata","Dinoflagellata","Dinophyceae","Peridiniales",NA,NA,NA
"16727","Eukaryota","Alveolata","Dinophyceae","Dinophysiales","Dinophysiaceae","Dinophysis","Dinophysis acuminata",NA,NA,NA,NA,NA,NA,NA,NA,NA,NA,NA,NA,NA,NA,NA,NA,NA,NA,NA,NA,NA,511,"Eukaryota","Alveolata","Dinoflagellata","Dinophyceae","Dinophysiales","Dinophysiaceae","Dinophysis",NA
"11240","Eukaryota","Rhizaria","Polycystinea","Nassellaria","Theoperidae","Eucyrtidium","Eucyrtidium hexastichum",NA,NA,NA,NA,NA,NA,NA,NA,NA,NA,NA,NA,NA,NA,NA,NA,NA,NA,NA,NA,NA,9251,"Eukaryota","Rhizaria","Radiolaria","Polycystinea","Nassellaria","Eurcyrtidioidea","Eucyrtidium",NA
"12790","Eukaryota","Rhizaria","Polycystinea","Nassellaria","Theoperidae","Eucyrtidium",NA,NA,NA,NA,NA,NA,NA,NA,NA,NA,NA,NA,NA,NA,NA,NA,NA,NA,NA,NA,NA,NA,9251,"Eukaryota","Rhizaria","Radiolaria","Polycystinea","Nassellaria","Eurcyrtidioidea","Eucyrtidium",NA
"14119","Eukaryota","Viridiplantae","Chlorophyta","Trebouxiophyceae","Chlorellales","Chlorellaceae",NA,NA,NA,NA,NA,NA,NA,NA,NA,NA,NA,NA,NA,NA,NA,NA,NA,NA,NA,NA,NA,NA,32736,"Eukaryota","Archaeplastida","Chlorophyta","Trebouxiophyceae","Chlorellales","Chlorellaceae",NA,NA
"10876","Eukaryota","Rhizaria","Polycystinea","Nassellaria","Pterocorythidae","Pterocorys",NA,NA,NA,NA,NA,NA,NA,NA,NA,NA,NA,NA,NA,NA,NA,NA,NA,NA,NA,NA,NA,NA,43557,"Eukaryota","Rhizaria","Radiolaria","Polycystinea","Nassellaria","Pterocoryothoidea","Pterocorys",NA
"1046","Eukaryota","Rhizaria","Polycystinea","Nassellaria","Theoperidae","Pterocanium",NA,NA,NA,NA,NA,NA,NA,NA,NA,NA,NA,NA,NA,NA,NA,NA,NA,NA,NA,NA,NA,NA,43559,"Eukaryota","Rhizaria","Radiolaria","Polycystinea","Nassellaria","Pterocoryothoidea","Pterocanium",NA
"2946","Eukaryota","Rhizaria","Polycystinea","Nassellaria","Trissocyclidae","Ceratospyris","Ceratospyris hyperborea",NA,NA,NA,NA,NA,NA,NA,NA,NA,NA,NA,NA,NA,NA,NA,NA,NA,NA,NA,NA,NA,43556,"Eukaryota","Rhizaria","Radiolaria","Polycystinea","Nassellaria","Acanthodesmoidea","Ceratospyris",NA
"3386","Eukaryota","Rhizaria","Polycystinea","Nassellaria","Trissocyclidae","Ceratospyris",NA,NA,NA,NA,NA,NA,NA,NA,NA,NA,NA,NA,NA,NA,NA,NA,NA,NA,NA,NA,NA,NA,43556,"Eukaryota","Rhizaria","Radiolaria","Polycystinea","Nassellaria","Acanthodesmoidea","Ceratospyris",NA
"1728","Eukaryota","Rhizaria","Polycystinea","Nassellaria","Plagiacanthidae","Lithomelissa",NA,NA,NA,NA,NA,NA,NA,NA,NA,NA,NA,NA,NA,NA,NA,NA,NA,NA,NA,NA,NA,NA,43552,"Eukaryota","Rhizaria","Radiolaria","Polycystinea","Nassellaria","Plagiacanthoidea","Lithomelissa",NA
"9583","Eukaryota","Rhizaria","Acantharea","Chaunacanthida",NA,NA,NA,NA,NA,NA,NA,NA,NA,NA,NA,NA,NA,NA,NA,NA,NA,NA,NA,NA,NA,NA,NA,NA,1004,"Eukaryota","Rhizaria","Radiolaria","Acantharea","Chaunacanthida",NA,NA,NA
"7593","Eukaryota","Viridiplantae","Streptophyta","Streptophytina","Embryophyta",NA,NA,NA,NA,NA,NA,NA,NA,NA,NA,NA,NA,NA,NA,NA,NA,NA,NA,NA,NA,NA,NA,NA,8,"Eukaryota","Archaeplastida","Streptophyta",NA,NA,NA,NA,NA
"13034","Eukaryota","Viridiplantae","Chlorophyta","Pycnococcaceae",NA,NA,NA,NA,NA,NA,NA,NA,NA,NA,NA,NA,NA,NA,NA,NA,NA,NA,NA,NA,NA,NA,NA,NA,43719,"Eukaryota","Archaeplastida","Chlorophyta","Prasino-Clade-V","Pseudoscourfieldiales","Pycnococcaceae",NA,NA
"12795","Eukaryota","Amoebozoa","Discosea","Flabellinia","Vannellidae","Vannella",NA,NA,NA,NA,NA,NA,NA,NA,NA,NA,NA,NA,NA,NA,NA,NA,NA,NA,NA,NA,NA,NA,536,"Eukaryota","Amoebozoa","Lobosa","Discosea-Flabellinia","Vannellida","Vannellidae","Vannella",NA
"12982","Eukaryota","Viridiplantae","Chlorophyta","Chlorophyceae","Chlamydomonadales","Chlamydomonadaceae",NA,NA,NA,NA,NA,NA,NA,NA,NA,NA,NA,NA,NA,NA,NA,NA,NA,NA,NA,NA,NA,NA,24585,"Eukaryota","Archaeplastida","Chlorophyta","Chlorophyceae","Chlamydomonadales",NA,NA,NA
"1786","Eukaryota","Alveolata","Ciliophora","Intramacronucleata","Spirotrichea","Choreotrichia","Choreotrichida","Strombidinopsidae",NA,NA,NA,NA,NA,NA,NA,NA,NA,NA,NA,NA,NA,NA,NA,NA,NA,NA,NA,NA,9334,"Eukaryota","Alveolata","Ciliophora","Spirotrichea","Choreotrichida","Strombidinopsidae",NA,NA
"10541","Eukaryota","Alveolata","Ciliophora","Intramacronucleata","Oligohymenophorea","Peritrichia",NA,NA,NA,NA,NA,NA,NA,NA,NA,NA,NA,NA,NA,NA,NA,NA,NA,NA,NA,NA,NA,NA,32,"Eukaryota","Alveolata","Ciliophora","Oligohymenophorea",NA,NA,NA,NA
"16681","Eukaryota","Alveolata","Ciliophora","Intramacronucleata","Spirotrichea","Choreotrichia","Choreotrichida","Strobilidiidae",NA,NA,NA,NA,NA,NA,NA,NA,NA,NA,NA,NA,NA,NA,NA,NA,NA,NA,NA,NA,1018,"Eukaryota","Alveolata","Ciliophora","Spirotrichea","Choreotrichida","Strobilidiidae",NA,NA
"18799","Eukaryota","Alveolata","Ciliophora","Intramacronucleata","Spirotrichea","Choreotrichia",NA,NA,NA,NA,NA,NA,NA,NA,NA,NA,NA,NA,NA,NA,NA,NA,NA,NA,NA,NA,NA,NA,73,"Eukaryota","Alveolata","Ciliophora","Spirotrichea",NA,NA,NA,NA
"16616","Eukaryota","Alveolata","Ciliophora","Intramacronucleata","Spirotrichea","Choreotrichia","Choreotrichida","Strombidinopsidae","Strombidinopsis",NA,NA,NA,NA,NA,NA,NA,NA,NA,NA,NA,NA,NA,NA,NA,NA,NA,NA,NA,9334,"Eukaryota","Alveolata","Ciliophora","Spirotrichea","Choreotrichida","Strombidinopsidae","Strombidinopsis",NA
"2525","Eukaryota","Alveolata","Ciliophora","Intramacronucleata","Spirotrichea","Choreotrichia","Tintinnida","Tintinnidae","Eutintinnus",NA,NA,NA,NA,NA,NA,NA,NA,NA,NA,NA,NA,NA,NA,NA,NA,NA,NA,NA,4466,"Eukaryota","Alveolata","Ciliophora","Spirotrichea","Tintinnida","Eutintinnidae","Eutintinnus",NA
"21338","Eukaryota","Alveolata","Ciliophora","Intramacronucleata","Phyllopharyngea","Phyllopharyngia",NA,NA,NA,NA,NA,NA,NA,NA,NA,NA,NA,NA,NA,NA,NA,NA,NA,NA,NA,NA,NA,NA,470,"Eukaryota","Alveolata","Ciliophora","Phyllopharyngea",NA,NA,NA,NA
"4194","Eukaryota","Alveolata","Ciliophora","Intramacronucleata","Phyllopharyngea",NA,NA,NA,NA,NA,NA,NA,NA,NA,NA,NA,NA,NA,NA,NA,NA,NA,NA,NA,NA,NA,NA,NA,470,"Eukaryota","Alveolata","Ciliophora","Phyllopharyngea",NA,NA,NA,NA
"10419","Eukaryota","Alveolata","Ciliophora","Intramacronucleata","Phyllopharyngea","Phyllopharyngia","Dysteriida","Plesiotrichopidae","Pithites","Pithites vorax",NA,NA,NA,NA,NA,NA,NA,NA,NA,NA,NA,NA,NA,NA,NA,NA,NA,NA,23698,"Eukaryota","Alveolata","Ciliophora","Phyllopharyngea","Cyrtophoria_1","Pithitidae","Pithites",NA
"24334","Eukaryota","Alveolata","Ciliophora","Intramacronucleata","Colpodea",NA,NA,NA,NA,NA,NA,NA,NA,NA,NA,NA,NA,NA,NA,NA,NA,NA,NA,NA,NA,NA,NA,NA,329,"Eukaryota","Alveolata","Ciliophora","Colpodea",NA,NA,NA,NA
"15606","Eukaryota","Alveolata","Dinophyceae","Gymnodiniales","Gymnodiniaceae","Margalefidinium",NA,NA,NA,NA,NA,NA,NA,NA,NA,NA,NA,NA,NA,NA,NA,NA,NA,NA,NA,NA,NA,NA,1068,"Eukaryota","Alveolata","Dinoflagellata","Dinophyceae","Gymnodiniales","Gymnodiniaceae","Margalefidinium",NA
"6987","Eukaryota","Alveolata","Dinophyceae","Peridiniales","Protoperidiniaceae","Protoperidinium","Protoperidinium conicum",NA,NA,NA,NA,NA,NA,NA,NA,NA,NA,NA,NA,NA,NA,NA,NA,NA,NA,NA,NA,NA,3,"Eukaryota","Alveolata","Dinoflagellata","Dinophyceae","Peridiniales","Protoperidiniaceae","Protoperidinium",NA
"13727","Eukaryota","Rhizaria","Foraminifera","Miliolida","Miliolina",NA,NA,NA,NA,NA,NA,NA,NA,NA,NA,NA,NA,NA,NA,NA,NA,NA,NA,NA,NA,NA,NA,NA,2617,"Eukaryota","Rhizaria","Foraminifera","Tubothalamea","Miliolida",NA,NA,NA
"15016","Eukaryota","Rhizaria","Foraminifera","Monothalamids","Astrorhizida",NA,NA,NA,NA,NA,NA,NA,NA,NA,NA,NA,NA,NA,NA,NA,NA,NA,NA,NA,NA,NA,NA,NA,10629,"Eukaryota","Rhizaria","Foraminifera","Monothalamids","Monothalamids_X","Monothalamids_XX","Astrorhizida",NA
"10198","Eukaryota","Alveolata","Ciliophora","Intramacronucleata","Spirotrichea","Hypotrichia","Euplotida",NA,NA,NA,NA,NA,NA,NA,NA,NA,NA,NA,NA,NA,NA,NA,NA,NA,NA,NA,NA,NA,73,"Eukaryota","Alveolata","Ciliophora","Spirotrichea","Hypotrichia",NA,NA,NA
"14608","Eukaryota","Amoebozoa","Discosea","Flabellinia","Vannellidae",NA,NA,NA,NA,NA,NA,NA,NA,NA,NA,NA,NA,NA,NA,NA,NA,NA,NA,NA,NA,NA,NA,NA,536,"Eukaryota","Amoebozoa","Lobosa","Discosea-Flabellinia","Vannellida","Vannellidae",NA,NA
"10344","Eukaryota","Alveolata","Ciliophora","Intramacronucleata","Oligohymenophorea","Apostomatida",NA,NA,NA,NA,NA,NA,NA,NA,NA,NA,NA,NA,NA,NA,NA,NA,NA,NA,NA,NA,NA,NA,32,"Eukaryota","Alveolata","Ciliophora","Oligohymenophorea",NA,NA,NA,NA
"18824","Eukaryota","Alveolata","Ciliophora","Intramacronucleata","Oligohymenophorea","Apostomatida","Pseudocolliniidae",NA,NA,NA,NA,NA,NA,NA,NA,NA,NA,NA,NA,NA,NA,NA,NA,NA,NA,NA,NA,NA,5205,"Eukaryota","Alveolata","Ciliophora","Oligohymenophorea","Apostomatia","Pseudocolliniidae",NA,NA
"17253","Eukaryota","Alveolata","Ciliophora","Intramacronucleata","Oligohymenophorea","Apostomatida","Opalinopsidae","Chromidina",NA,NA,NA,NA,NA,NA,NA,NA,NA,NA,NA,NA,NA,NA,NA,NA,NA,NA,NA,NA,43248,"Eukaryota","Alveolata","Ciliophora","Oligohymenophorea","Apostomatia","Opalinopsidae","Chromidina",NA
"19399","Eukaryota","Amoebozoa","Discosea","Flabellinia",NA,NA,NA,NA,NA,NA,NA,NA,NA,NA,NA,NA,NA,NA,NA,NA,NA,NA,NA,NA,NA,NA,NA,NA,176,"Eukaryota","Amoebozoa",NA,NA,NA,NA,NA,NA
"1960","Eukaryota","Amoebozoa","Discosea",NA,NA,NA,NA,NA,NA,NA,NA,NA,NA,NA,NA,NA,NA,NA,NA,NA,NA,NA,NA,NA,NA,NA,NA,NA,176,"Eukaryota","Amoebozoa",NA,NA,NA,NA,NA,NA
"9674","Eukaryota","Cryptophyta",NA,NA,NA,NA,NA,NA,NA,NA,NA,NA,NA,NA,NA,NA,NA,NA,NA,NA,NA,NA,NA,NA,NA,NA,NA,NA,199,"Eukaryota","Hacrobia","Cryptophyta",NA,NA,NA,NA,NA
"8344","Eukaryota","Alveolata","Apicomplexa","Conoidasida","Gregarinasina","Eugregarinorida","Cephaloidophoridae","Cephaloidophora",NA,NA,NA,NA,NA,NA,NA,NA,NA,NA,NA,NA,NA,NA,NA,NA,NA,NA,NA,NA,3714,"Eukaryota","Alveolata","Apicomplexa","Gregarinomorphea","Eugregarinorida","Cephaloidophoridae","Cephaloidophora",NA
"9156","Eukaryota","Alveolata","Apicomplexa","Conoidasida","Gregarinasina","Eugregarinorida","Porosporidae",NA,NA,NA,NA,NA,NA,NA,NA,NA,NA,NA,NA,NA,NA,NA,NA,NA,NA,NA,NA,NA,1575,"Eukaryota","Alveolata","Apicomplexa","Gregarinomorphea","Eugregarinorida","Porosporidae",NA,NA
"1541","Eukaryota","Alveolata","Apicomplexa","Conoidasida","Gregarinasina","Eugregarinorida","Cephaloidophoridae",NA,NA,NA,NA,NA,NA,NA,NA,NA,NA,NA,NA,NA,NA,NA,NA,NA,NA,NA,NA,NA,3714,"Eukaryota","Alveolata","Apicomplexa","Gregarinomorphea","Eugregarinorida","Cephaloidophoridae",NA,NA
