"","X1","X2","X3","X4","X5","X6","X7","X8","X9","X10","X11","X12","X13","X14","X15","X16","X17","X18","tax2map2_X","tax2map2_kingdom","tax2map2_supergroup","tax2map2_division","tax2map2_class","tax2map2_order","tax2map2_family","tax2map2_genus","tax2map2_species"
"8075","Archaea",NA,NA,NA,NA,NA,NA,NA,NA,NA,NA,NA,NA,NA,NA,NA,NA,NA,"Archaea",NA,NA,NA,NA,NA,NA,NA,NA
"18634","Archaea","Euryarchaeota","Diaforarchaea group","Thermoplasmata",NA,NA,NA,NA,NA,NA,NA,NA,NA,NA,NA,NA,NA,NA,"Archaea",NA,NA,NA,NA,NA,NA,NA,NA
"18446","Bacteria","Proteobacteria","Oligoflexia","Oligoflexales",NA,NA,NA,NA,NA,NA,NA,NA,NA,NA,NA,NA,NA,NA,"Bacteria",NA,NA,NA,NA,NA,NA,NA,NA
"96","Bacteria","Proteobacteria","Oligoflexia",NA,NA,NA,NA,NA,NA,NA,NA,NA,NA,NA,NA,NA,NA,NA,"Bacteria",NA,NA,NA,NA,NA,NA,NA,NA
"15674","Bacteria","Proteobacteria","Oligoflexia","Bdellovibrionales","Bdellovibrionaceae",NA,NA,NA,NA,NA,NA,NA,NA,NA,NA,NA,NA,NA,"Bacteria",NA,NA,NA,NA,NA,NA,NA,NA
"9919","Bacteria","Proteobacteria","Alphaproteobacteria","Rickettsiales",NA,NA,NA,NA,NA,NA,NA,NA,NA,NA,NA,NA,NA,NA,"Bacteria",NA,NA,NA,NA,NA,NA,NA,NA
"14827","Eukaryota","Stramenopiles",NA,NA,NA,NA,NA,NA,NA,NA,NA,NA,NA,NA,NA,NA,NA,NA,"14","Eukaryota","Stramenopiles",NA,NA,NA,NA,NA,NA
"14744","Eukaryota","Alveolata","Dinophyceae","Gymnodiniales","Gymnodiniaceae","Gyrodinium",NA,NA,NA,NA,NA,NA,NA,NA,NA,NA,NA,NA,"713","Eukaryota","Alveolata","Dinoflagellata","Dinophyceae","Gymnodiniales","Gymnodiniaceae","Gyrodinium",NA
"14986","Bacteria",NA,NA,NA,NA,NA,NA,NA,NA,NA,NA,NA,NA,NA,NA,NA,NA,NA,"Bacteria",NA,NA,NA,NA,NA,NA,NA,NA
"1618","Bacteria","Proteobacteria","Gammaproteobacteria","Legionellales","Coxiellaceae","Coxiella",NA,NA,NA,NA,NA,NA,NA,NA,NA,NA,NA,NA,"Bacteria",NA,NA,NA,NA,NA,NA,NA,NA
"5554","Bacteria","Proteobacteria",NA,NA,NA,NA,NA,NA,NA,NA,NA,NA,NA,NA,NA,NA,NA,NA,"Bacteria",NA,NA,NA,NA,NA,NA,NA,NA
"12582","Eukaryota",NA,NA,NA,NA,NA,NA,NA,NA,NA,NA,NA,NA,NA,NA,NA,NA,NA,"1","Eukaryota",NA,NA,NA,NA,NA,NA,NA
"14401","Eukaryota","Stramenopiles","Pirsoniales","Pirsonia",NA,NA,NA,NA,NA,NA,NA,NA,NA,NA,NA,NA,NA,NA,"3486","Eukaryota","Stramenopiles","Pseudofungi","Pirsonia_Clade","Pirsonia_Clade_X","Pirsonia_Clade_XX","Pirsonia",NA
"11478","Bacteria","PVC group","Planctomycetes","Phycisphaerae",NA,NA,NA,NA,NA,NA,NA,NA,NA,NA,NA,NA,NA,NA,"Bacteria",NA,NA,NA,NA,NA,NA,NA,NA
"22779","Bacteria","unclassified Bacteria","Bacteria candidate phyla",NA,NA,NA,NA,NA,NA,NA,NA,NA,NA,NA,NA,NA,NA,NA,"Bacteria",NA,NA,NA,NA,NA,NA,NA,NA
"21417","Bacteria","PVC group","Planctomycetes","Planctomycetia","Planctomycetales",NA,NA,NA,NA,NA,NA,NA,NA,NA,NA,NA,NA,NA,"Bacteria",NA,NA,NA,NA,NA,NA,NA,NA
"8653","Bacteria","PVC group","Planctomycetes","Planctomycetia","Planctomycetales","Gemmataceae",NA,NA,NA,NA,NA,NA,NA,NA,NA,NA,NA,NA,"Bacteria",NA,NA,NA,NA,NA,NA,NA,NA
"4238","Bacteria","PVC group","Planctomycetes","Planctomycetia","Planctomycetales","Planctomycetaceae",NA,NA,NA,NA,NA,NA,NA,NA,NA,NA,NA,NA,"Bacteria",NA,NA,NA,NA,NA,NA,NA,NA
"16057","Bacteria","PVC group","Planctomycetes",NA,NA,NA,NA,NA,NA,NA,NA,NA,NA,NA,NA,NA,NA,NA,"Bacteria",NA,NA,NA,NA,NA,NA,NA,NA
"167","Bacteria","Proteobacteria","Gammaproteobacteria",NA,NA,NA,NA,NA,NA,NA,NA,NA,NA,NA,NA,NA,NA,NA,"Bacteria",NA,NA,NA,NA,NA,NA,NA,NA
"9020","Bacteria","PVC group","Planctomycetes","Planctomycetia","Planctomycetales","Planctomycetaceae","Blastopirellula",NA,NA,NA,NA,NA,NA,NA,NA,NA,NA,NA,"Bacteria",NA,NA,NA,NA,NA,NA,NA,NA
"7371","Bacteria","Proteobacteria","Alphaproteobacteria",NA,NA,NA,NA,NA,NA,NA,NA,NA,NA,NA,NA,NA,NA,NA,"Bacteria",NA,NA,NA,NA,NA,NA,NA,NA
"9817","Bacteria","Proteobacteria","Oligoflexia","Bacteriovoracales","Bacteriovoracaceae","Peredibacter",NA,NA,NA,NA,NA,NA,NA,NA,NA,NA,NA,NA,"Bacteria",NA,NA,NA,NA,NA,NA,NA,NA
"10094","Bacteria","PVC group","Verrucomicrobia","Verrucomicrobiae",NA,NA,NA,NA,NA,NA,NA,NA,NA,NA,NA,NA,NA,NA,"Bacteria",NA,NA,NA,NA,NA,NA,NA,NA
"20649","Bacteria","PVC group","Planctomycetes","Phycisphaerae","Phycisphaerales","Phycisphaeraceae",NA,NA,NA,NA,NA,NA,NA,NA,NA,NA,NA,NA,"Bacteria",NA,NA,NA,NA,NA,NA,NA,NA
"19960","Bacteria","PVC group",NA,NA,NA,NA,NA,NA,NA,NA,NA,NA,NA,NA,NA,NA,NA,NA,"Bacteria",NA,NA,NA,NA,NA,NA,NA,NA
"7879","Eukaryota","Alveolata","Dinophyceae","Syndiniales","Amoebophryaceae","Amoebophrya",NA,NA,NA,NA,NA,NA,NA,NA,NA,NA,NA,NA,"1580","Eukaryota","Alveolata","Dinoflagellata","Syndiniales","Dino-Group-II","Dino-Group-II-Clade-4","Amoebophrya",NA
"6060","Eukaryota","Opisthokonta","Metazoa","Eumetazoa","Bilateria","Protostomia","Ecdysozoa","Panarthropoda","Arthropoda","Mandibulata","Pancrustacea","Crustacea","Multicrustacea","Hexanauplia","Copepoda","Neocopepoda","Gymnoplea","Calanoida","13","Eukaryota","Opisthokonta","Metazoa","Arthropoda","Crustacea",NA,NA,NA
"3792","Bacteria","Nitrospinae/Tectomicrobia group","Nitrospinae","Nitrospinia","Nitrospinales","Nitrospinaceae",NA,NA,NA,NA,NA,NA,NA,NA,NA,NA,NA,NA,"Bacteria",NA,NA,NA,NA,NA,NA,NA,NA
"11461","Bacteria","Proteobacteria","delta/epsilon subdivisions","Deltaproteobacteria",NA,NA,NA,NA,NA,NA,NA,NA,NA,NA,NA,NA,NA,NA,"Bacteria",NA,NA,NA,NA,NA,NA,NA,NA
"1717","Bacteria","Proteobacteria","Oligoflexia","Oligoflexales","Oligoflexaceae","Oligoflexus",NA,NA,NA,NA,NA,NA,NA,NA,NA,NA,NA,NA,"Bacteria",NA,NA,NA,NA,NA,NA,NA,NA
"11829","Bacteria","Proteobacteria","Gammaproteobacteria","Thiotrichales",NA,NA,NA,NA,NA,NA,NA,NA,NA,NA,NA,NA,NA,NA,"Bacteria",NA,NA,NA,NA,NA,NA,NA,NA
"1688","Bacteria","Proteobacteria","Alphaproteobacteria","Sphingomonadales","Sphingomonadaceae",NA,NA,NA,NA,NA,NA,NA,NA,NA,NA,NA,NA,NA,"Bacteria",NA,NA,NA,NA,NA,NA,NA,NA
"13729","Bacteria","Proteobacteria","Oligoflexia","Bacteriovoracales","Bacteriovoracaceae",NA,NA,NA,NA,NA,NA,NA,NA,NA,NA,NA,NA,NA,"Bacteria",NA,NA,NA,NA,NA,NA,NA,NA
"4410","Bacteria","Proteobacteria","Alphaproteobacteria","Caulobacterales",NA,NA,NA,NA,NA,NA,NA,NA,NA,NA,NA,NA,NA,NA,"Bacteria",NA,NA,NA,NA,NA,NA,NA,NA
"23271","Bacteria","Proteobacteria","Alphaproteobacteria","Rhodospirillales",NA,NA,NA,NA,NA,NA,NA,NA,NA,NA,NA,NA,NA,NA,"Bacteria",NA,NA,NA,NA,NA,NA,NA,NA
"912","Bacteria","Proteobacteria","delta/epsilon subdivisions","Deltaproteobacteria","Bradymonadales",NA,NA,NA,NA,NA,NA,NA,NA,NA,NA,NA,NA,NA,"Bacteria",NA,NA,NA,NA,NA,NA,NA,NA
"10938","Bacteria","PVC group","Verrucomicrobia","Verrucomicrobiae","Verrucomicrobiales",NA,NA,NA,NA,NA,NA,NA,NA,NA,NA,NA,NA,NA,"Bacteria",NA,NA,NA,NA,NA,NA,NA,NA
"1324","Bacteria","Proteobacteria","delta/epsilon subdivisions","Deltaproteobacteria","Myxococcales",NA,NA,NA,NA,NA,NA,NA,NA,NA,NA,NA,NA,NA,"Bacteria",NA,NA,NA,NA,NA,NA,NA,NA
"6041","Bacteria","Proteobacteria","Gammaproteobacteria","Thiotrichales","Thiotrichaceae",NA,NA,NA,NA,NA,NA,NA,NA,NA,NA,NA,NA,NA,"Bacteria",NA,NA,NA,NA,NA,NA,NA,NA
"22514","Bacteria","Proteobacteria","delta/epsilon subdivisions","Deltaproteobacteria","Myxococcales","Cystobacterineae","Myxococcaceae",NA,NA,NA,NA,NA,NA,NA,NA,NA,NA,NA,"Bacteria",NA,NA,NA,NA,NA,NA,NA,NA
"23002","Bacteria","Proteobacteria","Alphaproteobacteria","Rhodobacterales","Rhodobacteraceae",NA,NA,NA,NA,NA,NA,NA,NA,NA,NA,NA,NA,NA,"Bacteria",NA,NA,NA,NA,NA,NA,NA,NA
"14649","Bacteria","Proteobacteria","Alphaproteobacteria","Rhizobiales",NA,NA,NA,NA,NA,NA,NA,NA,NA,NA,NA,NA,NA,NA,"Bacteria",NA,NA,NA,NA,NA,NA,NA,NA
"22764","Bacteria","Proteobacteria","delta/epsilon subdivisions",NA,NA,NA,NA,NA,NA,NA,NA,NA,NA,NA,NA,NA,NA,NA,"Bacteria",NA,NA,NA,NA,NA,NA,NA,NA
"23275","Bacteria","Proteobacteria","Gammaproteobacteria","Legionellales",NA,NA,NA,NA,NA,NA,NA,NA,NA,NA,NA,NA,NA,NA,"Bacteria",NA,NA,NA,NA,NA,NA,NA,NA
"1302","Bacteria","Proteobacteria","Gammaproteobacteria","Legionellales","Coxiellaceae",NA,NA,NA,NA,NA,NA,NA,NA,NA,NA,NA,NA,NA,"Bacteria",NA,NA,NA,NA,NA,NA,NA,NA
"7590","Bacteria","FCB group",NA,NA,NA,NA,NA,NA,NA,NA,NA,NA,NA,NA,NA,NA,NA,NA,"Bacteria",NA,NA,NA,NA,NA,NA,NA,NA
"7394","Eukaryota","Stramenopiles","Bacillariophyta","Mediophyceae",NA,NA,NA,NA,NA,NA,NA,NA,NA,NA,NA,NA,NA,NA,"14","Eukaryota","Stramenopiles","Ochrophyta","Bacillariophyta","Bacillariophyta_X","Polar-centric-Mediophyceae",NA,NA
"10051","Eukaryota","Alveolata","Dinophyceae","Syndiniales",NA,NA,NA,NA,NA,NA,NA,NA,NA,NA,NA,NA,NA,NA,"34","Eukaryota","Alveolata","Dinoflagellata","Syndiniales",NA,NA,NA,NA
"4914","Bacteria","PVC group","Verrucomicrobia","Verrucomicrobiae","Verrucomicrobiales","Rubritaleaceae",NA,NA,NA,NA,NA,NA,NA,NA,NA,NA,NA,NA,"Bacteria",NA,NA,NA,NA,NA,NA,NA,NA
"8222","Eukaryota","Alveolata","Dinophyceae",NA,NA,NA,NA,NA,NA,NA,NA,NA,NA,NA,NA,NA,NA,NA,"1","Eukaryota","Alveolata","Dinoflagellata","Dinophyceae",NA,NA,NA,NA
"22554","Eukaryota","Stramenopiles","Raphidophyceae","Chattonellales","Chattonellaceae",NA,NA,NA,NA,NA,NA,NA,NA,NA,NA,NA,NA,NA,"738","Eukaryota","Stramenopiles","Ochrophyta","Raphidophyceae",NA,NA,NA,NA
"22977","Archaea","Euryarchaeota",NA,NA,NA,NA,NA,NA,NA,NA,NA,NA,NA,NA,NA,NA,NA,NA,"Archaea",NA,NA,NA,NA,NA,NA,NA,NA
"11534","Eukaryota","Opisthokonta","Metazoa","Eumetazoa","Bilateria","Deuterostomia","Chordata","Craniata","Vertebrata","Gnathostomata","Teleostomi","Euteleostomi","Sarcopterygii","Dipnotetrapodomorpha","Tetrapoda","Amniota",NA,NA,"34478","Eukaryota","Archaeplastida","Rhodophyta","Florideophyceae","Ceramiales","Rhodomelaceae","Vertebrata",NA
"9090","Eukaryota","Opisthokonta","Metazoa","Eumetazoa","Cnidaria","Anthozoa","Hexacorallia",NA,NA,NA,NA,NA,NA,NA,NA,NA,NA,NA,"88","Eukaryota","Opisthokonta","Metazoa","Cnidaria","Cnidaria_X","Anthozoa",NA,NA
"9883","Eukaryota","Opisthokonta","Metazoa","Eumetazoa","Bilateria","Protostomia","Lophotrochozoa","Mollusca","Bivalvia","Heterodonta","Euheterodonta","Veneroida",NA,NA,NA,NA,NA,NA,"509","Eukaryota","Opisthokonta","Metazoa","Mollusca","Bivalvia","Heteroconchia",NA,NA
"13195","Eukaryota","Opisthokonta","Choanoflagellata","Acanthoecida","Stephanoecidae",NA,NA,NA,NA,NA,NA,NA,NA,NA,NA,NA,NA,NA,"72","Eukaryota","Opisthokonta","Choanoflagellida","Choanoflagellatea","Acanthoecida",NA,NA,NA
"12697","Eukaryota","Cryptophyta","Cryptomonadales",NA,NA,NA,NA,NA,NA,NA,NA,NA,NA,NA,NA,NA,NA,NA,"199","Eukaryota","Hacrobia","Cryptophyta","Cryptophyceae","Cryptomonadales",NA,NA,NA
"18157","Eukaryota","Opisthokonta","Metazoa","Eumetazoa","Bilateria","Protostomia","Lophotrochozoa","Mollusca","Gastropoda",NA,NA,NA,NA,NA,NA,NA,NA,NA,"63","Eukaryota","Opisthokonta","Metazoa","Mollusca","Gastropoda",NA,NA,NA
"12886","Eukaryota","Opisthokonta","Metazoa","Eumetazoa","Bilateria","Protostomia","Ecdysozoa","Panarthropoda","Arthropoda","Mandibulata","Pancrustacea","Crustacea","Multicrustacea","Hexanauplia","Copepoda","Neocopepoda","Podoplea",NA,"13","Eukaryota","Opisthokonta","Metazoa","Arthropoda","Crustacea",NA,NA,NA
"7875","Eukaryota","Opisthokonta","Metazoa","Eumetazoa","Bilateria","Protostomia","Ecdysozoa","Panarthropoda","Arthropoda",NA,NA,NA,NA,NA,NA,NA,NA,NA,"13","Eukaryota","Opisthokonta","Metazoa","Arthropoda",NA,NA,NA,NA
"277","Eukaryota","Opisthokonta","Fungi","Dikarya","Ascomycota","saccharomyceta","Pezizomycotina","leotiomyceta","Eurotiomycetes","Eurotiomycetidae",NA,NA,NA,NA,NA,NA,NA,NA,"5","Eukaryota","Opisthokonta","Fungi","Ascomycota","Pezizomycotina","Eurotiomycetes",NA,NA
"683","Eukaryota","Opisthokonta","Fungi","Dikarya","Basidiomycota","Agaricomycotina","Tremellomycetes",NA,NA,NA,NA,NA,NA,NA,NA,NA,NA,NA,"48","Eukaryota","Opisthokonta","Fungi","Basidiomycota","Agaricomycotina","Tremellomycetes",NA,NA
"8989","Eukaryota","Rhizaria","Cercozoa","Cercomonadida","Cercomonadidae","Cercomonas",NA,NA,NA,NA,NA,NA,NA,NA,NA,NA,NA,NA,"1402","Eukaryota","Rhizaria","Cercozoa","Filosa-Sarcomonadea","Cercomonadida","Cercomonadidae","Cercomonas",NA
"11095","Eukaryota","Rhizaria","Cercozoa",NA,NA,NA,NA,NA,NA,NA,NA,NA,NA,NA,NA,NA,NA,NA,"12","Eukaryota","Rhizaria","Cercozoa",NA,NA,NA,NA,NA
"5842","Eukaryota","Rhizaria","Cercozoa","Thecofilosea","Cryomonadida","Rhogostomidae","Rhogostoma",NA,NA,NA,NA,NA,NA,NA,NA,NA,NA,NA,"9952","Eukaryota","Rhizaria","Cercozoa","Filosa-Thecofilosea","Cryomonadida","Rhogostoma-lineage","Rhogostoma",NA
"23458","Eukaryota","Alveolata","Dinophyceae","Gonyaulacales","Amphidomataceae","Azadinium",NA,NA,NA,NA,NA,NA,NA,NA,NA,NA,NA,NA,"337","Eukaryota","Alveolata","Dinoflagellata","Dinophyceae","Peridiniales","Amphidomataceae","Azadinium",NA
"1994","Eukaryota","Opisthokonta","Fungi","Dikarya","Basidiomycota","Pucciniomycotina",NA,NA,NA,NA,NA,NA,NA,NA,NA,NA,NA,NA,"26","Eukaryota","Opisthokonta","Fungi","Basidiomycota","Pucciniomycotina",NA,NA,NA
"7445","Eukaryota","Opisthokonta","Metazoa","Eumetazoa","Cnidaria","Anthozoa",NA,NA,NA,NA,NA,NA,NA,NA,NA,NA,NA,NA,"88","Eukaryota","Opisthokonta","Metazoa","Cnidaria","Cnidaria_X","Anthozoa",NA,NA
"11099","Eukaryota","Opisthokonta","Metazoa","Eumetazoa","Cnidaria","Hydrozoa","Trachylinae",NA,NA,NA,NA,NA,NA,NA,NA,NA,NA,NA,"169","Eukaryota","Opisthokonta","Metazoa","Cnidaria","Cnidaria_X","Hydrozoa",NA,NA
"8510","Eukaryota","Opisthokonta","Metazoa","Eumetazoa","Bilateria","Protostomia","Lophotrochozoa","Annelida","Polychaeta","Palpata","Aciculata","Phyllodocida",NA,NA,NA,NA,NA,NA,"22","Eukaryota","Opisthokonta","Metazoa","Annelida",NA,NA,NA,NA
"9360","Eukaryota","Opisthokonta",NA,NA,NA,NA,NA,NA,NA,NA,NA,NA,NA,NA,NA,NA,NA,NA,"2","Eukaryota","Opisthokonta",NA,NA,NA,NA,NA,NA
"11351","Eukaryota","Opisthokonta","Choanoflagellata","Craspedida","Salpingoecidae","Monosiga",NA,NA,NA,NA,NA,NA,NA,NA,NA,NA,NA,NA,"3439","Eukaryota","Opisthokonta","Choanoflagellida","Choanoflagellatea","Craspedida","Monosigidae_Group_A","Monosiga",NA
"8472","Eukaryota","Opisthokonta","Metazoa","Eumetazoa","Bilateria","Protostomia","Lophotrochozoa","Annelida","Polychaeta","Scolecida","Spionida",NA,NA,NA,NA,NA,NA,NA,"22","Eukaryota","Opisthokonta","Metazoa","Annelida",NA,NA,NA,NA
"12397","Eukaryota","Opisthokonta","Metazoa","Eumetazoa","Bilateria","Protostomia","Lophotrochozoa","Annelida","Polychaeta","Scolecida","Capitellida",NA,NA,NA,NA,NA,NA,NA,"22","Eukaryota","Opisthokonta","Metazoa","Annelida",NA,NA,NA,NA
"98","Eukaryota","Alveolata","Ciliophora","Intramacronucleata","Spirotrichea","Oligotrichia",NA,NA,NA,NA,NA,NA,NA,NA,NA,NA,NA,NA,"73","Eukaryota","Alveolata","Ciliophora","Spirotrichea",NA,NA,NA,NA
"6536","Eukaryota","Opisthokonta","Metazoa","Eumetazoa","Cnidaria","Hydrozoa",NA,NA,NA,NA,NA,NA,NA,NA,NA,NA,NA,NA,"169","Eukaryota","Opisthokonta","Metazoa","Cnidaria","Cnidaria_X","Hydrozoa",NA,NA
"7275","Eukaryota","Opisthokonta","Metazoa","Eumetazoa","Bilateria","Protostomia","Ecdysozoa","Panarthropoda","Arthropoda","Mandibulata","Pancrustacea","Crustacea","Multicrustacea","Malacostraca",NA,NA,NA,NA,"13","Eukaryota","Opisthokonta","Metazoa","Arthropoda","Crustacea","Malacostraca",NA,NA
"17217","Eukaryota","Viridiplantae","Streptophyta","Streptophytina","Embryophyta",NA,NA,NA,NA,NA,NA,NA,NA,NA,NA,NA,NA,NA,"8","Eukaryota","Archaeplastida","Streptophyta",NA,NA,NA,NA,NA
"7860","Eukaryota","Viridiplantae","Chlorophyta","Chlorodendrophyceae","Chlorodendrales","Chlorodendraceae","Tetraselmis",NA,NA,NA,NA,NA,NA,NA,NA,NA,NA,NA,"43623","Eukaryota","Archaeplastida","Chlorophyta","Chlorodendrophyceae","Chlorodendrales","Chlorodendraceae","Tetraselmis",NA
"2505","Eukaryota","Alveolata","Dinophyceae","Blastodiniales","Blastodinium",NA,NA,NA,NA,NA,NA,NA,NA,NA,NA,NA,NA,NA,"1594","Eukaryota","Alveolata","Dinoflagellata","Dinophyceae","Peridiniales","Blastodiniaceae","Blastodinium",NA
"13963","Eukaryota","Rhizaria","Polycystinea","Collodaria",NA,NA,NA,NA,NA,NA,NA,NA,NA,NA,NA,NA,NA,NA,"43518","Eukaryota","Rhizaria","Radiolaria","Polycystinea","Collodaria",NA,NA,NA
"7865","Eukaryota","Opisthokonta","Aphelida","Aphelidea",NA,NA,NA,NA,NA,NA,NA,NA,NA,NA,NA,NA,NA,NA,"2","Eukaryota","Opisthokonta",NA,NA,NA,NA,NA,NA
"5733","Eukaryota","Viridiplantae",NA,NA,NA,NA,NA,NA,NA,NA,NA,NA,NA,NA,NA,NA,NA,NA,"1","Eukaryota",NA,NA,NA,NA,NA,NA,NA
"15619","Eukaryota","Alveolata","Dinophyceae","Peridiniales",NA,NA,NA,NA,NA,NA,NA,NA,NA,NA,NA,NA,NA,NA,"1","Eukaryota","Alveolata","Dinoflagellata","Dinophyceae","Peridiniales",NA,NA,NA
"10061","Eukaryota","unclassified eukaryotes","Telonemida","Telonema",NA,NA,NA,NA,NA,NA,NA,NA,NA,NA,NA,NA,NA,NA,"857","Eukaryota","Hacrobia","Telonemia",NA,NA,NA,NA,NA
"14908","Eukaryota","Alveolata","Dinophyceae","Dinophysiales","Dinophysiaceae","Sinophysis",NA,NA,NA,NA,NA,NA,NA,NA,NA,NA,NA,NA,"6874","Eukaryota","Alveolata","Dinoflagellata","Dinophyceae","Dinophysiales","Dinophysiaceae","Sinophysis",NA
"15473","Eukaryota","Euglenozoa","Kinetoplastida",NA,NA,NA,NA,NA,NA,NA,NA,NA,NA,NA,NA,NA,NA,NA,"145","Eukaryota","Excavata","Discoba","Euglenozoa","Kinetoplastida",NA,NA,NA
"8406","Eukaryota","Opisthokonta","Metazoa","Eumetazoa","Bilateria","Protostomia","Ecdysozoa","Panarthropoda","Arthropoda","Mandibulata","Pancrustacea","Crustacea","Multicrustacea","Hexanauplia","Copepoda","Neocopepoda",NA,NA,"13","Eukaryota","Opisthokonta","Metazoa","Arthropoda","Crustacea",NA,NA,NA
"13716","Eukaryota","Opisthokonta","Metazoa","Eumetazoa","Bilateria",NA,NA,NA,NA,NA,NA,NA,NA,NA,NA,NA,NA,NA,"7","Eukaryota","Opisthokonta","Metazoa",NA,NA,NA,NA,NA
"10385","Eukaryota","Alveolata",NA,NA,NA,NA,NA,NA,NA,NA,NA,NA,NA,NA,NA,NA,NA,NA,"1","Eukaryota","Alveolata",NA,NA,NA,NA,NA,NA
"7804","Eukaryota","Viridiplantae","Chlorophyta",NA,NA,NA,NA,NA,NA,NA,NA,NA,NA,NA,NA,NA,NA,NA,"11155","Eukaryota","Archaeplastida","Chlorophyta",NA,NA,NA,NA,NA
"376","Eukaryota","Stramenopiles","Oomycetes",NA,NA,NA,NA,NA,NA,NA,NA,NA,NA,NA,NA,NA,NA,NA,"283","Eukaryota","Stramenopiles","Pseudofungi","Oomycota",NA,NA,NA,NA
"1662","Eukaryota","Stramenopiles","PX clade","Phaeophyceae",NA,NA,NA,NA,NA,NA,NA,NA,NA,NA,NA,NA,NA,NA,"37","Eukaryota","Stramenopiles","Ochrophyta","Phaeophyceae",NA,NA,NA,NA
"13582","Eukaryota","Stramenopiles","Bacillariophyta","Mediophyceae","Biddulphiophycidae",NA,NA,NA,NA,NA,NA,NA,NA,NA,NA,NA,NA,NA,"14","Eukaryota","Stramenopiles","Ochrophyta","Bacillariophyta","Bacillariophyta_X","Polar-centric-Mediophyceae",NA,NA
"12605","Eukaryota","Stramenopiles","Bacillariophyta",NA,NA,NA,NA,NA,NA,NA,NA,NA,NA,NA,NA,NA,NA,NA,"14","Eukaryota","Stramenopiles","Ochrophyta","Bacillariophyta",NA,NA,NA,NA
"18301","Eukaryota","Stramenopiles","Dictyochophyceae","Pedinellales",NA,NA,NA,NA,NA,NA,NA,NA,NA,NA,NA,NA,NA,NA,"1051","Eukaryota","Stramenopiles","Ochrophyta","Dictyochophyceae","Dictyochophyceae_X","Pedinellales",NA,NA
"14095","Eukaryota","Stramenopiles","Chrysophyceae",NA,NA,NA,NA,NA,NA,NA,NA,NA,NA,NA,NA,NA,NA,NA,"121","Eukaryota","Stramenopiles","Ochrophyta","Chrysophyceae",NA,NA,NA,NA
"7137","Eukaryota","Stramenopiles","Bolidophyceae","Parmales","Triparmaceae","Bolidomonas",NA,NA,NA,NA,NA,NA,NA,NA,NA,NA,NA,NA,"480","Eukaryota","Stramenopiles","Ochrophyta","Bolidophyceae",NA,NA,NA,NA
"23946","Eukaryota","Stramenopiles","Labyrinthulomycetes",NA,NA,NA,NA,NA,NA,NA,NA,NA,NA,NA,NA,NA,NA,NA,"67","Eukaryota","Stramenopiles","Sagenista","Labyrinthulomycetes",NA,NA,NA,NA
"16631","Eukaryota","Stramenopiles","Bacillariophyta","Bacillariophyceae","Bacillariophycidae",NA,NA,NA,NA,NA,NA,NA,NA,NA,NA,NA,NA,NA,"35","Eukaryota","Stramenopiles","Ochrophyta","Bacillariophyta","Bacillariophyta_X","Raphid-pennate",NA,NA
"3434","Eukaryota","Haptista","Haptophyta","Prymnesiophyceae","Phaeocystales","Phaeocystaceae","Phaeocystis",NA,NA,NA,NA,NA,NA,NA,NA,NA,NA,NA,"44932","Eukaryota","Hacrobia","Haptophyta","Prymnesiophyceae","Phaeocystales","Phaeocystaceae","Phaeocystis",NA
"16415","Eukaryota","Stramenopiles","Bacillariophyta","Coscinodiscophyceae","Rhizosoleniophycidae","Rhizosoleniales","Rhizosoleniaceae",NA,NA,NA,NA,NA,NA,NA,NA,NA,NA,NA,"14","Eukaryota","Stramenopiles","Ochrophyta","Bacillariophyta","Bacillariophyta_X",NA,NA,NA
"5010","Eukaryota","Stramenopiles","Chrysophyceae","Chromulinales",NA,NA,NA,NA,NA,NA,NA,NA,NA,NA,NA,NA,NA,NA,"121","Eukaryota","Stramenopiles","Ochrophyta","Chrysophyceae",NA,NA,NA,NA
"16362","Eukaryota","Stramenopiles","Raphidophyceae","Chattonellales",NA,NA,NA,NA,NA,NA,NA,NA,NA,NA,NA,NA,NA,NA,"738","Eukaryota","Stramenopiles","Ochrophyta","Raphidophyceae",NA,NA,NA,NA
"21847","Eukaryota","Stramenopiles","Chrysophyceae","Chromulinales","Paraphysomonadaceae","Paraphysomonas",NA,NA,NA,NA,NA,NA,NA,NA,NA,NA,NA,NA,"384","Eukaryota","Stramenopiles","Ochrophyta","Chrysophyceae","Chrysophyceae_X","Chrysophyceae_Clade-F","Paraphysomonas",NA
"20212","Eukaryota","Stramenopiles","Chrysophyceae","Chromulinales","Chromulinaceae",NA,NA,NA,NA,NA,NA,NA,NA,NA,NA,NA,NA,NA,"121","Eukaryota","Stramenopiles","Ochrophyta","Chrysophyceae",NA,NA,NA,NA
"9099","Eukaryota","Rhizaria","Cercozoa","Imbricatea","Marimonadida","Pseudopirsonia",NA,NA,NA,NA,NA,NA,NA,NA,NA,NA,NA,NA,"21026","Eukaryota","Rhizaria","Cercozoa","Filosa-Imbricatea","Marimonadida","Marimonadida_X","Pseudopirsonia",NA
"14977","Eukaryota","Stramenopiles","Dictyochophyceae","Dictyochales","Dictyocha",NA,NA,NA,NA,NA,NA,NA,NA,NA,NA,NA,NA,NA,"1322","Eukaryota","Stramenopiles","Ochrophyta","Dictyochophyceae","Dictyochophyceae_X","Dictyochales","Dictyocha",NA
"3551","Eukaryota","Opisthokonta","Fungi","Dikarya","Ascomycota","saccharomyceta","Pezizomycotina","leotiomyceta","Eurotiomycetes","Eurotiomycetidae","Eurotiales","Aspergillaceae",NA,NA,NA,NA,NA,NA,"5","Eukaryota","Opisthokonta","Fungi","Ascomycota","Pezizomycotina","Eurotiomycetes",NA,NA
"7863","Eukaryota","Opisthokonta","Fungi",NA,NA,NA,NA,NA,NA,NA,NA,NA,NA,NA,NA,NA,NA,NA,"2","Eukaryota","Opisthokonta","Fungi",NA,NA,NA,NA,NA
"8538","Eukaryota","Opisthokonta","Fungi","Dikarya",NA,NA,NA,NA,NA,NA,NA,NA,NA,NA,NA,NA,NA,NA,"2","Eukaryota","Opisthokonta","Fungi",NA,NA,NA,NA,NA
"13333","Eukaryota","Opisthokonta","Fungi","Dikarya","Ascomycota","saccharomyceta","Saccharomycotina","Saccharomycetes","Saccharomycetales",NA,NA,NA,NA,NA,NA,NA,NA,NA,"24","Eukaryota","Opisthokonta","Fungi","Ascomycota","Saccharomycotina","Saccharomycetales",NA,NA
"17833","Eukaryota","Stramenopiles","Bacillariophyta","Coscinodiscophyceae","Coscinodiscophycidae","Coscinodiscales",NA,NA,NA,NA,NA,NA,NA,NA,NA,NA,NA,NA,"14","Eukaryota","Stramenopiles","Ochrophyta","Bacillariophyta","Bacillariophyta_X",NA,NA,NA
"20134","Eukaryota","Stramenopiles","Bacillariophyta","Coscinodiscophyceae","Coscinodiscophycidae","Coscinodiscales","Hemidiscaceae","Actinocyclus",NA,NA,NA,NA,NA,NA,NA,NA,NA,NA,"16231","Eukaryota","Stramenopiles","Ochrophyta","Bacillariophyta","Bacillariophyta_X","Radial-centric-basal-Coscinodiscophyceae","Actinocyclus",NA
"1265","Eukaryota","Stramenopiles","Bicosoecida","Bicosoecidae","Bicosoeca",NA,NA,NA,NA,NA,NA,NA,NA,NA,NA,NA,NA,NA,"23289","Eukaryota","Stramenopiles","Opalozoa","Bicoecea","Bicoecales","Bicoecaceae","Bicosoeca",NA
"10451","Eukaryota","Stramenopiles","Bicosoecida",NA,NA,NA,NA,NA,NA,NA,NA,NA,NA,NA,NA,NA,NA,NA,"18402","Eukaryota","Stramenopiles","Opalozoa","Bicoecea","Borokales","Borokaceae","Bicosoecida",NA
"13928","Eukaryota","Opisthokonta","Metazoa","Eumetazoa","Bilateria","Deuterostomia","Chordata","Tunicata","Appendicularia","Copelata","Oikopleuridae",NA,NA,NA,NA,NA,NA,NA,"174","Eukaryota","Opisthokonta","Metazoa","Urochordata","Urochordata_X","Appendicularia",NA,NA
"12324","Eukaryota","Stramenopiles","Bacillariophyta","Mediophyceae","Biddulphiophycidae","Biddulphiales","Biddulphiaceae",NA,NA,NA,NA,NA,NA,NA,NA,NA,NA,NA,"14","Eukaryota","Stramenopiles","Ochrophyta","Bacillariophyta","Bacillariophyta_X","Polar-centric-Mediophyceae",NA,NA
"977","Eukaryota","Stramenopiles","Bacillariophyta","Mediophyceae","Biddulphiophycidae","Biddulphiales","Biddulphiaceae","Biddulphia",NA,NA,NA,NA,NA,NA,NA,NA,NA,NA,"14163","Eukaryota","Stramenopiles","Ochrophyta","Bacillariophyta","Bacillariophyta_X","Polar-centric-Mediophyceae","Biddulphia",NA
"4666","Eukaryota","Stramenopiles","Bacillariophyta","Bacillariophyceae",NA,NA,NA,NA,NA,NA,NA,NA,NA,NA,NA,NA,NA,NA,"35","Eukaryota","Stramenopiles","Ochrophyta","Bacillariophyta","Bacillariophyta_X","Raphid-pennate",NA,NA
"11789","Eukaryota","Viridiplantae","Chlorophyta","Mamiellophyceae","Mamiellales",NA,NA,NA,NA,NA,NA,NA,NA,NA,NA,NA,NA,NA,"43596","Eukaryota","Archaeplastida","Chlorophyta","Mamiellophyceae","Mamiellales",NA,NA,NA
"17064","Eukaryota","Stramenopiles","Bacillariophyta","Coscinodiscophyceae","Coscinodiscophycidae","Melosirales",NA,NA,NA,NA,NA,NA,NA,NA,NA,NA,NA,NA,"14","Eukaryota","Stramenopiles","Ochrophyta","Bacillariophyta","Bacillariophyta_X",NA,NA,NA
"5114","Eukaryota","Stramenopiles","Bacillariophyta","Coscinodiscophyceae","Coscinodiscophycidae","Melosirales","Stephanopyxidaceae","Stephanopyxis",NA,NA,NA,NA,NA,NA,NA,NA,NA,NA,"3126","Eukaryota","Stramenopiles","Ochrophyta","Bacillariophyta","Bacillariophyta_X","Radial-centric-basal-Coscinodiscophyceae","Stephanopyxis",NA
"11878","Eukaryota","Stramenopiles","Dictyochophyceae","Florenciellales","Pseudochattonella",NA,NA,NA,NA,NA,NA,NA,NA,NA,NA,NA,NA,NA,"10281","Eukaryota","Stramenopiles","Ochrophyta","Dictyochophyceae","Dictyochophyceae_X","Florenciellales","Pseudochattonella",NA
"510","Eukaryota","Stramenopiles","Dictyochophyceae",NA,NA,NA,NA,NA,NA,NA,NA,NA,NA,NA,NA,NA,NA,NA,"1051","Eukaryota","Stramenopiles","Ochrophyta","Dictyochophyceae",NA,NA,NA,NA
"7386","Eukaryota","Opisthokonta","Metazoa","Eumetazoa","Bilateria","Protostomia","Lophotrochozoa","Rotifera",NA,NA,NA,NA,NA,NA,NA,NA,NA,NA,"109","Eukaryota","Opisthokonta","Metazoa","Rotifera",NA,NA,NA,NA
"21882","Eukaryota","Opisthokonta","Metazoa","Eumetazoa","Bilateria","Deuterostomia","Echinodermata","Eleutherozoa","Asterozoa","Ophiuroidea",NA,NA,NA,NA,NA,NA,NA,NA,"304","Eukaryota","Opisthokonta","Metazoa","Echinodermata",NA,NA,NA,NA
"4150","Eukaryota","Opisthokonta","Metazoa","Eumetazoa","Ctenophora","Tentaculata",NA,NA,NA,NA,NA,NA,NA,NA,NA,NA,NA,NA,"4468","Eukaryota","Opisthokonta","Metazoa","Ctenophora",NA,NA,NA,NA
"12398","Eukaryota","Opisthokonta","Metazoa","Eumetazoa","Bilateria","Deuterostomia","Chordata","Craniata","Vertebrata","Gnathostomata","Teleostomi","Euteleostomi",NA,NA,NA,NA,NA,NA,"34478","Eukaryota","Archaeplastida","Rhodophyta","Florideophyceae","Ceramiales","Rhodomelaceae","Vertebrata",NA
"13888","Eukaryota","Opisthokonta","Metazoa","Eumetazoa","Cnidaria","Hydrozoa","Hydroidolina","Siphonophorae",NA,NA,NA,NA,NA,NA,NA,NA,NA,NA,"169","Eukaryota","Opisthokonta","Metazoa","Cnidaria","Cnidaria_X","Hydrozoa",NA,NA
"16904","Eukaryota","Stramenopiles","Bacillariophyta","Coscinodiscophyceae",NA,NA,NA,NA,NA,NA,NA,NA,NA,NA,NA,NA,NA,NA,"14","Eukaryota","Stramenopiles","Ochrophyta","Bacillariophyta","Bacillariophyta_X",NA,NA,NA
"14685","Eukaryota","Alveolata","Dinophyceae","Gonyaulacales","Lingulodinium",NA,NA,NA,NA,NA,NA,NA,NA,NA,NA,NA,NA,NA,"11200","Eukaryota","Alveolata","Dinoflagellata","Dinophyceae","Gonyaulacales","Gonyaulacaceae","Lingulodinium",NA
"14852","Eukaryota","Alveolata","Dinophyceae","Noctilucales","Noctilucaceae","Noctiluca",NA,NA,NA,NA,NA,NA,NA,NA,NA,NA,NA,NA,"1693","Eukaryota","Alveolata","Dinoflagellata","Noctilucophyceae","Noctilucales","Noctilucaceae","Noctiluca",NA
"3800","Eukaryota","Alveolata","Dinophyceae","Thoracosphaerales","Thoracosphaeraceae",NA,NA,NA,NA,NA,NA,NA,NA,NA,NA,NA,NA,NA,"1226","Eukaryota","Alveolata","Dinoflagellata","Dinophyceae","Peridiniales","Thoracosphaeraceae",NA,NA
"2043","Eukaryota","Alveolata","Dinophyceae","Gymnodiniales","Gymnodiniaceae","Paragymnodinium",NA,NA,NA,NA,NA,NA,NA,NA,NA,NA,NA,NA,"31013","Eukaryota","Alveolata","Dinoflagellata","Dinophyceae","Gymnodiniales","Gymnodiniaceae","Paragymnodinium",NA
"24258","Eukaryota","Opisthokonta","Metazoa","Eumetazoa","Bilateria","Protostomia","Lophotrochozoa","Mollusca","Bivalvia","Pteriomorphia","Mytiloida",NA,NA,NA,NA,NA,NA,NA,"15","Eukaryota","Opisthokonta","Metazoa","Mollusca","Bivalvia","Mytiloida",NA,NA
"22144","Eukaryota","Viridiplantae","Chlorophyta","Chlorophyceae",NA,NA,NA,NA,NA,NA,NA,NA,NA,NA,NA,NA,NA,NA,"11155","Eukaryota","Archaeplastida","Chlorophyta","Chlorophyceae",NA,NA,NA,NA
"7682","Eukaryota","Alveolata","Ciliophora","Intramacronucleata","Spirotrichea",NA,NA,NA,NA,NA,NA,NA,NA,NA,NA,NA,NA,NA,"73","Eukaryota","Alveolata","Ciliophora","Spirotrichea",NA,NA,NA,NA
"6609","Eukaryota","Opisthokonta","Metazoa","Eumetazoa","Bilateria","Protostomia","Ecdysozoa","Panarthropoda","Arthropoda","Mandibulata","Pancrustacea","Crustacea","Branchiopoda","Phyllopoda","Diplostraca",NA,NA,NA,"825","Eukaryota","Opisthokonta","Metazoa","Arthropoda","Crustacea","Branchiopoda",NA,NA
"1924","Eukaryota","Alveolata","Dinophyceae","Peridiniales","Protoperidiniaceae","Protoperidinium",NA,NA,NA,NA,NA,NA,NA,NA,NA,NA,NA,NA,"3","Eukaryota","Alveolata","Dinoflagellata","Dinophyceae","Peridiniales","Protoperidiniaceae","Protoperidinium",NA
"5374","Eukaryota","Haptista","Haptophyta","Prymnesiophyceae","Prymnesiales",NA,NA,NA,NA,NA,NA,NA,NA,NA,NA,NA,NA,NA,"44939","Eukaryota","Hacrobia","Haptophyta","Prymnesiophyceae","Prymnesiales",NA,NA,NA
"12378","Eukaryota","Alveolata","Dinophyceae","Gonyaulacales","Gonyaulacaceae","Alexandrium",NA,NA,NA,NA,NA,NA,NA,NA,NA,NA,NA,NA,"45","Eukaryota","Alveolata","Dinoflagellata","Dinophyceae","Gonyaulacales","Goniodomataceae","Alexandrium",NA
"15924","Eukaryota","Alveolata","Dinophyceae","Gymnodiniales",NA,NA,NA,NA,NA,NA,NA,NA,NA,NA,NA,NA,NA,NA,"474","Eukaryota","Alveolata","Dinoflagellata","Dinophyceae","Gymnodiniales",NA,NA,NA
"3232","Eukaryota","Alveolata","Dinophyceae","Suessiales","Suessiaceae",NA,NA,NA,NA,NA,NA,NA,NA,NA,NA,NA,NA,NA,"492","Eukaryota","Alveolata","Dinoflagellata","Dinophyceae","Suessiales","Suessiaceae",NA,NA
"8281","Eukaryota","Alveolata","Dinophyceae","Lophodiniales","Lophodiniaceae","Woloszynskia",NA,NA,NA,NA,NA,NA,NA,NA,NA,NA,NA,NA,"952","Eukaryota","Alveolata","Dinoflagellata","Dinophyceae","Dinophyceae_X","Tovelliaceae","Woloszynskia",NA
"7711","Eukaryota","Opisthokonta","Fungi","Dikarya","Ascomycota","saccharomyceta","Pezizomycotina","leotiomyceta",NA,NA,NA,NA,NA,NA,NA,NA,NA,NA,"2","Eukaryota","Opisthokonta","Fungi","Ascomycota","Pezizomycotina",NA,NA,NA
"16046","Eukaryota","Opisthokonta","Metazoa","Eumetazoa","Bilateria","Protostomia","Lophotrochozoa","Mollusca","Gastropoda","Heterobranchia",NA,NA,NA,NA,NA,NA,NA,NA,"194","Eukaryota","Opisthokonta","Metazoa","Mollusca","Gastropoda","Heterobranchia",NA,NA
"12132","Eukaryota","Rhizaria","Cercozoa","Granofilosea",NA,NA,NA,NA,NA,NA,NA,NA,NA,NA,NA,NA,NA,NA,"68","Eukaryota","Rhizaria","Cercozoa","Filosa-Granofilosea",NA,NA,NA,NA
"4398","Eukaryota","Opisthokonta","Metazoa","Eumetazoa","Bilateria","Protostomia","Lophotrochozoa","Nemertea","Pilidiophora","Heteronemertea",NA,NA,NA,NA,NA,NA,NA,NA,"604","Eukaryota","Opisthokonta","Metazoa","Nemertea",NA,NA,NA,NA
"6241","Eukaryota","Opisthokonta","Metazoa","Eumetazoa","Bilateria","Protostomia","Lophotrochozoa","Nemertea",NA,NA,NA,NA,NA,NA,NA,NA,NA,NA,"604","Eukaryota","Opisthokonta","Metazoa","Nemertea",NA,NA,NA,NA
"3937","Eukaryota","Opisthokonta","Metazoa","Eumetazoa","Bilateria","Protostomia","Lophotrochozoa",NA,NA,NA,NA,NA,NA,NA,NA,NA,NA,NA,"7","Eukaryota","Opisthokonta","Metazoa",NA,NA,NA,NA,NA
"11144","Eukaryota","Opisthokonta","Metazoa","Eumetazoa","Bilateria","Deuterostomia",NA,NA,NA,NA,NA,NA,NA,NA,NA,NA,NA,NA,"7","Eukaryota","Opisthokonta","Metazoa",NA,NA,NA,NA,NA
"23942","Eukaryota","Opisthokonta","Metazoa","Eumetazoa","Bilateria","Deuterostomia","Chordata",NA,NA,NA,NA,NA,NA,NA,NA,NA,NA,NA,"7","Eukaryota","Opisthokonta","Metazoa",NA,NA,NA,NA,NA
"13588","Eukaryota","Opisthokonta","Fungi","Dikarya","Basidiomycota","Ustilaginomycotina","Malasseziomycetes","Malasseziales","Malasseziaceae","Malassezia",NA,NA,NA,NA,NA,NA,NA,NA,"21","Eukaryota","Opisthokonta","Fungi","Basidiomycota","Ustilaginomycotina","Exobasidiomycetes","Malassezia",NA
"23823","Eukaryota","Opisthokonta","Metazoa","Eumetazoa","Bilateria","Deuterostomia","Echinodermata","Eleutherozoa","Echinozoa",NA,NA,NA,NA,NA,NA,NA,NA,NA,"304","Eukaryota","Opisthokonta","Metazoa","Echinodermata",NA,NA,NA,NA
"14764","Eukaryota","Opisthokonta","Metazoa","Eumetazoa","Cnidaria","Hydrozoa","Trachylinae","Trachymedusae",NA,NA,NA,NA,NA,NA,NA,NA,NA,NA,"169","Eukaryota","Opisthokonta","Metazoa","Cnidaria","Cnidaria_X","Hydrozoa",NA,NA
"11745","Eukaryota","Opisthokonta","Choanoflagellata","Acanthoecida","Stephanoecidae","Diaphanoeca",NA,NA,NA,NA,NA,NA,NA,NA,NA,NA,NA,NA,"2932","Eukaryota","Opisthokonta","Choanoflagellida","Choanoflagellatea","Acanthoecida","Stephanoecidae_Group_H","Diaphanoeca",NA
"11242","Eukaryota","Opisthokonta","Metazoa","Eumetazoa","Bilateria","Protostomia","Lophotrochozoa","Annelida","Polychaeta","Scolecida",NA,NA,NA,NA,NA,NA,NA,NA,"22","Eukaryota","Opisthokonta","Metazoa","Annelida",NA,NA,NA,NA
"7132","Eukaryota","Alveolata","Ciliophora","Intramacronucleata","Spirotrichea","Choreotrichia",NA,NA,NA,NA,NA,NA,NA,NA,NA,NA,NA,NA,"73","Eukaryota","Alveolata","Ciliophora","Spirotrichea",NA,NA,NA,NA
"15934","Eukaryota","Opisthokonta","Metazoa","Eumetazoa","Bilateria","Protostomia","Lophotrochozoa","Mollusca","Bivalvia",NA,NA,NA,NA,NA,NA,NA,NA,NA,"15","Eukaryota","Opisthokonta","Metazoa","Mollusca","Bivalvia",NA,NA,NA
"17119","Eukaryota","Opisthokonta","Metazoa","Eumetazoa","Bilateria","Protostomia","Lophotrochozoa","Mollusca","Bivalvia","Heterodonta","Euheterodonta",NA,NA,NA,NA,NA,NA,NA,"509","Eukaryota","Opisthokonta","Metazoa","Mollusca","Bivalvia","Heteroconchia",NA,NA
"19950","Eukaryota","Opisthokonta","Metazoa",NA,NA,NA,NA,NA,NA,NA,NA,NA,NA,NA,NA,NA,NA,NA,"7","Eukaryota","Opisthokonta","Metazoa",NA,NA,NA,NA,NA
"14487","Eukaryota","Opisthokonta","Metazoa","Eumetazoa","Bilateria","Protostomia","Lophotrochozoa","Annelida",NA,NA,NA,NA,NA,NA,NA,NA,NA,NA,"22","Eukaryota","Opisthokonta","Metazoa","Annelida",NA,NA,NA,NA
"1620","Eukaryota","Opisthokonta","Metazoa","Eumetazoa","Bilateria","Protostomia","Lophotrochozoa","Annelida","Polychaeta",NA,NA,NA,NA,NA,NA,NA,NA,NA,"22","Eukaryota","Opisthokonta","Metazoa","Annelida",NA,NA,NA,NA
"22735","Eukaryota","Opisthokonta","Metazoa","Eumetazoa","Bilateria","Protostomia","Lophotrochozoa","Annelida","Polychaeta","Scolecida","Terebellida",NA,NA,NA,NA,NA,NA,NA,"22738","Eukaryota","Opisthokonta","Metazoa","Annelida","Annelida_X","Annelida_XX","Terebellidae",NA
"18580","Eukaryota","Opisthokonta","Metazoa","Eumetazoa","Bilateria","Protostomia","Ecdysozoa","Panarthropoda","Arthropoda","Mandibulata","Pancrustacea","Hexapoda","Insecta","Dicondylia","Pterygota","Neoptera","Holometabola",NA,"19","Eukaryota","Opisthokonta","Metazoa","Arthropoda","Hexapoda","Insecta",NA,NA
"9708","Eukaryota","Opisthokonta","Metazoa","Porifera",NA,NA,NA,NA,NA,NA,NA,NA,NA,NA,NA,NA,NA,NA,"49","Eukaryota","Opisthokonta","Metazoa","Porifera",NA,NA,NA,NA
"12371","Eukaryota","Opisthokonta","Metazoa","Eumetazoa","Bilateria","Protostomia","Lophotrochozoa","Mollusca","Bivalvia","Pteriomorphia",NA,NA,NA,NA,NA,NA,NA,NA,"15","Eukaryota","Opisthokonta","Metazoa","Mollusca","Bivalvia",NA,NA,NA
"14748","Eukaryota","Opisthokonta","Fungi","Dikarya","Basidiomycota","Agaricomycotina","Agaricomycetes",NA,NA,NA,NA,NA,NA,NA,NA,NA,NA,NA,"62","Eukaryota","Opisthokonta","Fungi","Basidiomycota","Agaricomycotina","Agaricomycetes",NA,NA
"9066","Eukaryota","Opisthokonta","Metazoa","Eumetazoa","Bilateria","Deuterostomia","Chordata","Tunicata",NA,NA,NA,NA,NA,NA,NA,NA,NA,NA,"174","Eukaryota","Opisthokonta","Metazoa","Urochordata",NA,NA,NA,NA
"4413","Eukaryota","Opisthokonta","Metazoa","Eumetazoa","Bilateria","Protostomia","Lophotrochozoa","Annelida","Polychaeta","Palpata",NA,NA,NA,NA,NA,NA,NA,NA,"22","Eukaryota","Opisthokonta","Metazoa","Annelida",NA,NA,NA,NA
"7389","Eukaryota","Opisthokonta","Metazoa","Eumetazoa",NA,NA,NA,NA,NA,NA,NA,NA,NA,NA,NA,NA,NA,NA,"7","Eukaryota","Opisthokonta","Metazoa",NA,NA,NA,NA,NA
"2925","Eukaryota","Opisthokonta","Metazoa","Eumetazoa","Cnidaria",NA,NA,NA,NA,NA,NA,NA,NA,NA,NA,NA,NA,NA,"88","Eukaryota","Opisthokonta","Metazoa","Cnidaria",NA,NA,NA,NA
"14714","Eukaryota","Opisthokonta","Metazoa","Eumetazoa","Cnidaria","Hydrozoa","Hydroidolina","Leptothecata",NA,NA,NA,NA,NA,NA,NA,NA,NA,NA,"169","Eukaryota","Opisthokonta","Metazoa","Cnidaria","Cnidaria_X","Hydrozoa",NA,NA
"14352","Eukaryota","Opisthokonta","Metazoa","Eumetazoa","Bilateria","Protostomia",NA,NA,NA,NA,NA,NA,NA,NA,NA,NA,NA,NA,"7","Eukaryota","Opisthokonta","Metazoa",NA,NA,NA,NA,NA
"20812","Eukaryota","Opisthokonta","Metazoa","Eumetazoa","Cnidaria","Hydrozoa","Hydroidolina","Anthoathecata",NA,NA,NA,NA,NA,NA,NA,NA,NA,NA,"169","Eukaryota","Opisthokonta","Metazoa","Cnidaria","Cnidaria_X","Hydrozoa",NA,NA
"5618","Eukaryota","Haptista","Haptophyta","Prymnesiophyceae","Prymnesiales","Chrysochromulinaceae","Chrysochromulina",NA,NA,NA,NA,NA,NA,NA,NA,NA,NA,NA,"44939","Eukaryota","Hacrobia","Haptophyta","Prymnesiophyceae","Prymnesiales","Chrysochromulinaceae","Chrysochromulina",NA
"3811","Eukaryota","Opisthokonta","Metazoa","Eumetazoa","Bilateria","Protostomia","Ecdysozoa","Panarthropoda","Arthropoda","Mandibulata","Pancrustacea","Hexapoda","Insecta",NA,NA,NA,NA,NA,"19","Eukaryota","Opisthokonta","Metazoa","Arthropoda","Hexapoda","Insecta",NA,NA
"1104","Eukaryota","Opisthokonta","Metazoa","Eumetazoa","Bilateria","Protostomia","Ecdysozoa","Panarthropoda","Arthropoda","Mandibulata","Pancrustacea",NA,NA,NA,NA,NA,NA,NA,"13","Eukaryota","Opisthokonta","Metazoa","Arthropoda",NA,NA,NA,NA
"7934","Eukaryota","Opisthokonta","Metazoa","Eumetazoa","Bilateria","Protostomia","Ecdysozoa","Panarthropoda","Arthropoda","Mandibulata","Pancrustacea","Hexapoda","Insecta","Dicondylia",NA,NA,NA,NA,"19","Eukaryota","Opisthokonta","Metazoa","Arthropoda","Hexapoda","Insecta",NA,NA
"23238","Eukaryota","Opisthokonta","Metazoa","Eumetazoa","Bilateria","Protostomia","Ecdysozoa","Panarthropoda","Arthropoda","Mandibulata","Pancrustacea","Hexapoda","Insecta","Dicondylia","Pterygota","Neoptera",NA,NA,"19","Eukaryota","Opisthokonta","Metazoa","Arthropoda","Hexapoda","Insecta",NA,NA
"9294","Eukaryota","Opisthokonta","Metazoa","Eumetazoa","Bilateria","Protostomia","Ecdysozoa","Panarthropoda","Arthropoda","Mandibulata",NA,NA,NA,NA,NA,NA,NA,NA,"13","Eukaryota","Opisthokonta","Metazoa","Arthropoda",NA,NA,NA,NA
"9683","Eukaryota","Opisthokonta","Metazoa","Eumetazoa","Bilateria","Protostomia","Ecdysozoa",NA,NA,NA,NA,NA,NA,NA,NA,NA,NA,NA,"7","Eukaryota","Opisthokonta","Metazoa",NA,NA,NA,NA,NA
"735","Eukaryota","Opisthokonta","Fungi","Dikarya","Basidiomycota","Agaricomycotina","Tremellomycetes","Filobasidiales",NA,NA,NA,NA,NA,NA,NA,NA,NA,NA,"48","Eukaryota","Opisthokonta","Fungi","Basidiomycota","Agaricomycotina","Tremellomycetes",NA,NA
"18183","Eukaryota","Opisthokonta","Fungi","Dikarya","Ascomycota","saccharomyceta","Pezizomycotina","leotiomyceta","dothideomyceta","Dothideomycetes",NA,NA,NA,NA,NA,NA,NA,NA,"17","Eukaryota","Opisthokonta","Fungi","Ascomycota","Pezizomycotina","Dothideomycetes",NA,NA
"19636","Eukaryota","Opisthokonta","Fungi","Dikarya","Ascomycota","saccharomyceta","Pezizomycotina",NA,NA,NA,NA,NA,NA,NA,NA,NA,NA,NA,"2","Eukaryota","Opisthokonta","Fungi","Ascomycota","Pezizomycotina",NA,NA,NA
"19438","Eukaryota","Opisthokonta","Fungi","Dikarya","Ascomycota","saccharomyceta","Pezizomycotina","leotiomyceta","Eurotiomycetes",NA,NA,NA,NA,NA,NA,NA,NA,NA,"5","Eukaryota","Opisthokonta","Fungi","Ascomycota","Pezizomycotina","Eurotiomycetes",NA,NA
"23104","Eukaryota","Opisthokonta","Fungi","Dikarya","Ascomycota","saccharomyceta","Pezizomycotina","leotiomyceta","Eurotiomycetes","Eurotiomycetidae","Eurotiales",NA,NA,NA,NA,NA,NA,NA,"5","Eukaryota","Opisthokonta","Fungi","Ascomycota","Pezizomycotina","Eurotiomycetes",NA,NA
"13201","Eukaryota","Opisthokonta","Fungi","Fungi incertae sedis",NA,NA,NA,NA,NA,NA,NA,NA,NA,NA,NA,NA,NA,NA,"2","Eukaryota","Opisthokonta","Fungi",NA,NA,NA,NA,NA
"20686","Eukaryota","Opisthokonta","Fungi","Fungi incertae sedis","Chytridiomycota",NA,NA,NA,NA,NA,NA,NA,NA,NA,NA,NA,NA,NA,"117","Eukaryota","Opisthokonta","Fungi","Chytridiomycota",NA,NA,NA,NA
"12934","Eukaryota","Opisthokonta","Fungi","Fungi incertae sedis","Chytridiomycota","Chytridiomycetes",NA,NA,NA,NA,NA,NA,NA,NA,NA,NA,NA,NA,"117","Eukaryota","Opisthokonta","Fungi","Chytridiomycota","Chytridiomycotina","Chytridiomycetes",NA,NA
"14619","Eukaryota","Opisthokonta","Fungi","Dikarya","Basidiomycota","Agaricomycotina",NA,NA,NA,NA,NA,NA,NA,NA,NA,NA,NA,NA,"48","Eukaryota","Opisthokonta","Fungi","Basidiomycota","Agaricomycotina",NA,NA,NA
"22897","Eukaryota","Opisthokonta","Fungi","Dikarya","Basidiomycota",NA,NA,NA,NA,NA,NA,NA,NA,NA,NA,NA,NA,NA,"21","Eukaryota","Opisthokonta","Fungi","Basidiomycota",NA,NA,NA,NA
"3006","Eukaryota","Opisthokonta","Fungi","Dikarya","Basidiomycota","Ustilaginomycotina",NA,NA,NA,NA,NA,NA,NA,NA,NA,NA,NA,NA,"21","Eukaryota","Opisthokonta","Fungi","Basidiomycota","Ustilaginomycotina",NA,NA,NA
"21556","Eukaryota","Opisthokonta","Choanoflagellata",NA,NA,NA,NA,NA,NA,NA,NA,NA,NA,NA,NA,NA,NA,NA,"2","Eukaryota","Opisthokonta",NA,NA,NA,NA,NA,NA
"23953","Eukaryota","Opisthokonta","Metazoa","Eumetazoa","Bilateria","Deuterostomia","Echinodermata","Eleutherozoa","Asterozoa",NA,NA,NA,NA,NA,NA,NA,NA,NA,"304","Eukaryota","Opisthokonta","Metazoa","Echinodermata",NA,NA,NA,NA
"22004","Eukaryota","Opisthokonta","Metazoa","Eumetazoa","Bilateria","Protostomia","Lophotrochozoa","Annelida","Polychaeta","Palpata","Aciculata",NA,NA,NA,NA,NA,NA,NA,"22","Eukaryota","Opisthokonta","Metazoa","Annelida",NA,NA,NA,NA
"20903","Eukaryota","Opisthokonta","Metazoa","Eumetazoa","Ctenophora",NA,NA,NA,NA,NA,NA,NA,NA,NA,NA,NA,NA,NA,"4468","Eukaryota","Opisthokonta","Metazoa","Ctenophora",NA,NA,NA,NA
"660","Eukaryota","Opisthokonta","Metazoa","Eumetazoa","Bilateria","Protostomia","Lophotrochozoa","Mollusca",NA,NA,NA,NA,NA,NA,NA,NA,NA,NA,"15","Eukaryota","Opisthokonta","Metazoa","Mollusca",NA,NA,NA,NA
"8434","Eukaryota","Opisthokonta","Metazoa","Eumetazoa","Bilateria","Deuterostomia","Chordata","Tunicata","Thaliacea","Salpida",NA,NA,NA,NA,NA,NA,NA,NA,"174","Eukaryota","Opisthokonta","Metazoa","Urochordata",NA,NA,NA,NA
"24261","Eukaryota","Opisthokonta","Metazoa","Eumetazoa","Bilateria","Deuterostomia","Chordata","Tunicata","Thaliacea",NA,NA,NA,NA,NA,NA,NA,NA,NA,"174","Eukaryota","Opisthokonta","Metazoa","Urochordata",NA,NA,NA,NA
"6441","Eukaryota","Alveolata","Ciliophora","Intramacronucleata","Prostomatea",NA,NA,NA,NA,NA,NA,NA,NA,NA,NA,NA,NA,NA,"9","Eukaryota","Alveolata","Ciliophora",NA,NA,NA,NA,NA
"18342","Eukaryota","Alveolata","Ciliophora","Intramacronucleata",NA,NA,NA,NA,NA,NA,NA,NA,NA,NA,NA,NA,NA,NA,"9","Eukaryota","Alveolata","Ciliophora",NA,NA,NA,NA,NA
"5839","Eukaryota","Alveolata","Ciliophora","Intramacronucleata","Spirotrichea","Oligotrichia","Tontoniidae","Spirotontonia",NA,NA,NA,NA,NA,NA,NA,NA,NA,NA,"13606","Eukaryota","Alveolata","Ciliophora","Spirotrichea","Strombidiida","Tontoniidae_A","Spirotontonia",NA
"894","Eukaryota","Opisthokonta","Metazoa","Eumetazoa","Bilateria","Deuterostomia","Chordata","Craniata","Vertebrata","Gnathostomata",NA,NA,NA,NA,NA,NA,NA,NA,"34478","Eukaryota","Archaeplastida","Rhodophyta","Florideophyceae","Ceramiales","Rhodomelaceae","Vertebrata",NA
"15356","Eukaryota","Opisthokonta","Metazoa","Eumetazoa","Bilateria","Deuterostomia","Chordata","Craniata","Vertebrata",NA,NA,NA,NA,NA,NA,NA,NA,NA,"34478","Eukaryota","Archaeplastida","Rhodophyta","Florideophyceae","Ceramiales","Rhodomelaceae","Vertebrata",NA
"16154","Eukaryota","Alveolata","Ciliophora","Intramacronucleata","Spirotrichea","Choreotrichia","Tintinnida",NA,NA,NA,NA,NA,NA,NA,NA,NA,NA,NA,"497","Eukaryota","Alveolata","Ciliophora","Spirotrichea","Tintinnida",NA,NA,NA
"4718","Eukaryota","Alveolata","Ciliophora","Intramacronucleata","Oligohymenophorea","Scuticociliatia","Philasterida","Pseudocohnilembidae","Pseudocohnilembus",NA,NA,NA,NA,NA,NA,NA,NA,NA,"3500","Eukaryota","Alveolata","Ciliophora","Oligohymenophorea","Scuticociliatia_1","Pseudocohnilembidae","Pseudocohnilembus",NA
"6894","Eukaryota","Haptista","Haptophyta","Prymnesiophyceae",NA,NA,NA,NA,NA,NA,NA,NA,NA,NA,NA,NA,NA,NA,"44886","Eukaryota","Hacrobia","Haptophyta","Prymnesiophyceae",NA,NA,NA,NA
"5395","Eukaryota","Opisthokonta","Metazoa","Eumetazoa","Bilateria","Protostomia","Ecdysozoa","Panarthropoda","Arthropoda","Mandibulata","Pancrustacea","Crustacea",NA,NA,NA,NA,NA,NA,"13","Eukaryota","Opisthokonta","Metazoa","Arthropoda","Crustacea",NA,NA,NA
"9165","Eukaryota","Opisthokonta","Fungi","Fungi incertae sedis","Chytridiomycota","Chytridiomycetes","Rhizophydiales",NA,NA,NA,NA,NA,NA,NA,NA,NA,NA,NA,"766","Eukaryota","Opisthokonta","Fungi","Chytridiomycota","Chytridiomycotina","Chytridiomycetes","Rhizophydiales",NA
"8924","Eukaryota","Alveolata","Ciliophora","Intramacronucleata","Spirotrichea","Choreotrichia","Choreotrichida","Strobilidiidae","Pelagostrobilidium",NA,NA,NA,NA,NA,NA,NA,NA,NA,"93","Eukaryota","Alveolata","Ciliophora","Spirotrichea","Choreotrichida","Strobilidiidae_I","Pelagostrobilidium",NA
"16999","Eukaryota","Alveolata","Ciliophora","Intramacronucleata","Spirotrichea","Oligotrichia","Strombidiidae","Strombidium",NA,NA,NA,NA,NA,NA,NA,NA,NA,NA,"5715","Eukaryota","Alveolata","Ciliophora","Spirotrichea","Strombidiida","Strombidiidae","Strombidium",NA
"16325","Eukaryota","Alveolata","Ciliophora","Intramacronucleata","Oligohymenophorea",NA,NA,NA,NA,NA,NA,NA,NA,NA,NA,NA,NA,NA,"32","Eukaryota","Alveolata","Ciliophora","Oligohymenophorea",NA,NA,NA,NA
"23722","Eukaryota","Haptista","Haptophyta","Prymnesiophyceae","Isochrysidales",NA,NA,NA,NA,NA,NA,NA,NA,NA,NA,NA,NA,NA,"44920","Eukaryota","Hacrobia","Haptophyta","Prymnesiophyceae","Isochrysidales",NA,NA,NA
"12313","Eukaryota","Haptista","Haptophyta",NA,NA,NA,NA,NA,NA,NA,NA,NA,NA,NA,NA,NA,NA,NA,"44869","Eukaryota","Hacrobia","Haptophyta",NA,NA,NA,NA,NA
"15449","Eukaryota","Alveolata","Ciliophora","Intramacronucleata","Phyllopharyngea",NA,NA,NA,NA,NA,NA,NA,NA,NA,NA,NA,NA,NA,"470","Eukaryota","Alveolata","Ciliophora","Phyllopharyngea",NA,NA,NA,NA
"9121","Eukaryota","Alveolata","Dinophyceae","Gonyaulacales","Gonyaulacaceae",NA,NA,NA,NA,NA,NA,NA,NA,NA,NA,NA,NA,NA,"3606","Eukaryota","Alveolata","Dinoflagellata","Dinophyceae","Gonyaulacales","Gonyaulacaceae",NA,NA
"14552","Eukaryota","Alveolata","Ciliophora","Intramacronucleata","Spirotrichea","Hypotrichia",NA,NA,NA,NA,NA,NA,NA,NA,NA,NA,NA,NA,"73","Eukaryota","Alveolata","Ciliophora","Spirotrichea","Hypotrichia",NA,NA,NA
"12970","Eukaryota","Alveolata","Dinophyceae","Gonyaulacales","Ceratiaceae","Neoceratium",NA,NA,NA,NA,NA,NA,NA,NA,NA,NA,NA,NA,"45254","Eukaryota","Alveolata","Dinoflagellata","Dinophyceae","Gonyaulacales","Ceratiaceae","Neoceratium",NA
"1800","Eukaryota","Alveolata","Dinophyceae","Peridiniales","Heterocapsaceae","Heterocapsa",NA,NA,NA,NA,NA,NA,NA,NA,NA,NA,NA,NA,"674","Eukaryota","Alveolata","Dinoflagellata","Dinophyceae","Peridiniales","Heterocapsaceae","Heterocapsa",NA
"14325","Eukaryota","Viridiplantae","Chlorophyta","Trebouxiophyceae",NA,NA,NA,NA,NA,NA,NA,NA,NA,NA,NA,NA,NA,NA,"13864","Eukaryota","Archaeplastida","Chlorophyta","Trebouxiophyceae",NA,NA,NA,NA
"13826","Eukaryota","Viridiplantae","Chlorophyta","Pedinophyceae","Pedinomonadales","Pedinomonadaceae","Pedinomonas",NA,NA,NA,NA,NA,NA,NA,NA,NA,NA,NA,"43864","Eukaryota","Archaeplastida","Chlorophyta","Pedinophyceae","Pedinomonadales","Pedinomonadaceae","Pedinomonas",NA
"4367","Eukaryota","Alveolata","Ciliophora","Intramacronucleata","Spirotrichea","Choreotrichia","Choreotrichida","Strobilidiidae","Rimostrombidium",NA,NA,NA,NA,NA,NA,NA,NA,NA,"1018","Eukaryota","Alveolata","Ciliophora","Spirotrichea","Choreotrichida","Strobilidiidae",NA,NA
"18039","Eukaryota","Alveolata","Dinophyceae","Gonyaulacales","Gonyaulacaceae","Gonyaulax",NA,NA,NA,NA,NA,NA,NA,NA,NA,NA,NA,NA,"3606","Eukaryota","Alveolata","Dinoflagellata","Dinophyceae","Gonyaulacales","Gonyaulacaceae","Gonyaulax",NA
"5712","Eukaryota","Alveolata","Dinophyceae","Gymnodiniales","Gymnodiniaceae",NA,NA,NA,NA,NA,NA,NA,NA,NA,NA,NA,NA,NA,"474","Eukaryota","Alveolata","Dinoflagellata","Dinophyceae","Gymnodiniales","Gymnodiniaceae",NA,NA
"16767","Eukaryota","Viridiplantae","Streptophyta",NA,NA,NA,NA,NA,NA,NA,NA,NA,NA,NA,NA,NA,NA,NA,"8","Eukaryota","Archaeplastida","Streptophyta",NA,NA,NA,NA,NA
"14653","Eukaryota","Viridiplantae","Chlorophyta","Palmophyllophyceae","Prasinococcales","Prasinococcaceae","Prasinoderma",NA,NA,NA,NA,NA,NA,NA,NA,NA,NA,NA,"43669","Eukaryota","Archaeplastida","Chlorophyta","Palmophyllophyceae","Prasinococcales","Prasinococcales-Clade-B","Prasinoderma",NA
"17573","Eukaryota","Viridiplantae","Chlorophyta","Mamiellophyceae","Mamiellales","Mamiellaceae",NA,NA,NA,NA,NA,NA,NA,NA,NA,NA,NA,NA,"43607","Eukaryota","Archaeplastida","Chlorophyta","Mamiellophyceae","Mamiellales","Mamiellaceae",NA,NA
"8266","Eukaryota","Viridiplantae","Chlorophyta","Mamiellophyceae","Mamiellales","Mamiellaceae","Mamiella",NA,NA,NA,NA,NA,NA,NA,NA,NA,NA,NA,"43729","Eukaryota","Archaeplastida","Chlorophyta","Mamiellophyceae","Mamiellales","Mamiellaceae","Mamiella",NA
"4902","Eukaryota","Viridiplantae","Chlorophyta","Mamiellophyceae","Dolichomastigales","Dolichomastigaceae","Dolichomastix",NA,NA,NA,NA,NA,NA,NA,NA,NA,NA,NA,"43691","Eukaryota","Archaeplastida","Chlorophyta","Mamiellophyceae","Dolichomastigales","Dolichomastigaceae","Dolichomastix",NA
"7462","Eukaryota","Viridiplantae","Chlorophyta","Mamiellophyceae",NA,NA,NA,NA,NA,NA,NA,NA,NA,NA,NA,NA,NA,NA,"43596","Eukaryota","Archaeplastida","Chlorophyta","Mamiellophyceae",NA,NA,NA,NA
"4885","Eukaryota","Rhodophyta","Florideophyceae","Rhodymeniophycidae",NA,NA,NA,NA,NA,NA,NA,NA,NA,NA,NA,NA,NA,NA,"61","Eukaryota","Archaeplastida","Rhodophyta","Florideophyceae",NA,NA,NA,NA
"21910","Eukaryota","Viridiplantae","Streptophyta","Streptophytina",NA,NA,NA,NA,NA,NA,NA,NA,NA,NA,NA,NA,NA,NA,"8","Eukaryota","Archaeplastida","Streptophyta",NA,NA,NA,NA,NA
"10759","Eukaryota","Alveolata","Dinophyceae","Dinophysiales","Dinophysiaceae",NA,NA,NA,NA,NA,NA,NA,NA,NA,NA,NA,NA,NA,"511","Eukaryota","Alveolata","Dinoflagellata","Dinophyceae","Dinophysiales","Dinophysiaceae",NA,NA
"10913","Eukaryota","Alveolata","Dinophyceae","Syndiniales","Syndiniaceae","Hematodinium",NA,NA,NA,NA,NA,NA,NA,NA,NA,NA,NA,NA,"1791","Eukaryota","Alveolata","Dinoflagellata","Syndiniales","Dino-Group-IV","Dino-Group-IV-Hematodinium-Group","Hematodinium",NA
"257","Eukaryota","Alveolata","Dinophyceae","Noctilucales",NA,NA,NA,NA,NA,NA,NA,NA,NA,NA,NA,NA,NA,NA,"1693","Eukaryota","Alveolata","Dinoflagellata","Noctilucophyceae","Noctilucales",NA,NA,NA
"19030","Eukaryota","Alveolata","Dinophyceae","Gymnodiniales","Gymnodiniaceae","Akashiwo",NA,NA,NA,NA,NA,NA,NA,NA,NA,NA,NA,NA,"1519","Eukaryota","Alveolata","Dinoflagellata","Dinophyceae","Gymnodiniales","Gymnodiniaceae","Akashiwo",NA
"18798","Eukaryota","Alveolata","Dinophyceae","Syndiniales","Syndiniaceae",NA,NA,NA,NA,NA,NA,NA,NA,NA,NA,NA,NA,NA,"34","Eukaryota","Alveolata","Dinoflagellata","Syndiniales",NA,NA,NA,NA
"24217","Eukaryota","Alveolata","Dinophyceae","Peridiniales","Protoperidiniaceae",NA,NA,NA,NA,NA,NA,NA,NA,NA,NA,NA,NA,NA,"3","Eukaryota","Alveolata","Dinoflagellata","Dinophyceae","Peridiniales","Protoperidiniaceae",NA,NA
"1367","Eukaryota","Alveolata","Dinophyceae","Gonyaulacales",NA,NA,NA,NA,NA,NA,NA,NA,NA,NA,NA,NA,NA,NA,"45","Eukaryota","Alveolata","Dinoflagellata","Dinophyceae","Gonyaulacales",NA,NA,NA
"11877","Eukaryota","Rhodophyta","Florideophyceae",NA,NA,NA,NA,NA,NA,NA,NA,NA,NA,NA,NA,NA,NA,NA,"61","Eukaryota","Archaeplastida","Rhodophyta","Florideophyceae",NA,NA,NA,NA
"11048","Eukaryota","Alveolata","Dinophyceae","Blastodiniales",NA,NA,NA,NA,NA,NA,NA,NA,NA,NA,NA,NA,NA,NA,"1","Eukaryota","Alveolata","Dinoflagellata","Dinophyceae",NA,NA,NA,NA
"3449","Eukaryota","Alveolata","Ciliophora","Intramacronucleata","Oligohymenophorea","Scuticociliatia","Philasterida",NA,NA,NA,NA,NA,NA,NA,NA,NA,NA,NA,"32","Eukaryota","Alveolata","Ciliophora","Oligohymenophorea","Scuticociliatia_1","Philasterida",NA,NA
"2153","Eukaryota","Alveolata","Ciliophora","Intramacronucleata","Spirotrichea","Choreotrichia","Tintinnida","Tintinnidae",NA,NA,NA,NA,NA,NA,NA,NA,NA,NA,"3510","Eukaryota","Alveolata","Ciliophora","Spirotrichea","Tintinnida","Tintinnidae",NA,NA
"23556","Eukaryota","Alveolata","Ciliophora",NA,NA,NA,NA,NA,NA,NA,NA,NA,NA,NA,NA,NA,NA,NA,"9","Eukaryota","Alveolata","Ciliophora",NA,NA,NA,NA,NA
"20444","Eukaryota","Alveolata","Ciliophora","Intramacronucleata","Spirotrichea","Choreotrichia","Choreotrichida","Strombidinopsidae","Strombidinopsis",NA,NA,NA,NA,NA,NA,NA,NA,NA,"9334","Eukaryota","Alveolata","Ciliophora","Spirotrichea","Choreotrichida","Strombidinopsidae","Strombidinopsis",NA
"21691","Eukaryota","Alveolata","Ciliophora","Intramacronucleata","Spirotrichea","Oligotrichia","Strombidiidae",NA,NA,NA,NA,NA,NA,NA,NA,NA,NA,NA,"2282","Eukaryota","Alveolata","Ciliophora","Spirotrichea","Strombidiida","Strombidiidae",NA,NA
"19738","Eukaryota","Alveolata","Ciliophora","Intramacronucleata","Spirotrichea","Oligotrichia","Tontoniidae",NA,NA,NA,NA,NA,NA,NA,NA,NA,NA,NA,"73","Eukaryota","Alveolata","Ciliophora","Spirotrichea",NA,NA,NA,NA
"2525","Eukaryota","Alveolata","Ciliophora","Intramacronucleata","Spirotrichea","Choreotrichia","Tintinnida","Tintinnidae","Eutintinnus",NA,NA,NA,NA,NA,NA,NA,NA,NA,"4466","Eukaryota","Alveolata","Ciliophora","Spirotrichea","Tintinnida","Eutintinnidae","Eutintinnus",NA
"4194","Eukaryota","Alveolata","Ciliophora","Intramacronucleata","Phyllopharyngea","Phyllopharyngia","Dysteriida","Plesiotrichopidae","Pithites",NA,NA,NA,NA,NA,NA,NA,NA,NA,"23698","Eukaryota","Alveolata","Ciliophora","Phyllopharyngea","Cyrtophoria_1","Pithitidae","Pithites",NA
"12435","Eukaryota","Alveolata","Ciliophora","Intramacronucleata","Phyllopharyngea","Phyllopharyngia",NA,NA,NA,NA,NA,NA,NA,NA,NA,NA,NA,NA,"470","Eukaryota","Alveolata","Ciliophora","Phyllopharyngea",NA,NA,NA,NA
"24233","Eukaryota","Rhizaria","Cercozoa","Cercomonadida","Cercomonadidae",NA,NA,NA,NA,NA,NA,NA,NA,NA,NA,NA,NA,NA,"1390","Eukaryota","Rhizaria","Cercozoa","Filosa-Sarcomonadea","Cercomonadida","Cercomonadidae",NA,NA
"13327","Eukaryota","Opisthokonta","Fungi","Fungi incertae sedis","Chytridiomycota","Chytridiomycetes","Spizellomycetales",NA,NA,NA,NA,NA,NA,NA,NA,NA,NA,NA,"26630","Eukaryota","Opisthokonta","Fungi","Chytridiomycota","Chytridiomycotina","Chytridiomycetes","Spizellomycetales",NA
"15666","Archaea","TACK group","Crenarchaeota",NA,NA,NA,NA,NA,NA,NA,NA,NA,NA,NA,NA,NA,NA,NA,"Archaea",NA,NA,NA,NA,NA,NA,NA,NA
"9776","Eukaryota","Euglenozoa","Kinetoplastida","Bodonidae","Neobodo",NA,NA,NA,NA,NA,NA,NA,NA,NA,NA,NA,NA,NA,"345","Eukaryota","Excavata","Discoba","Euglenozoa","Kinetoplastida","Neobodonid","Neobodo",NA
"2485","Eukaryota","Euglenozoa","Kinetoplastida","Trypanosomatidae",NA,NA,NA,NA,NA,NA,NA,NA,NA,NA,NA,NA,NA,NA,"145","Eukaryota","Excavata","Discoba","Euglenozoa","Kinetoplastida",NA,NA,NA
"22297","Eukaryota","Euglenozoa",NA,NA,NA,NA,NA,NA,NA,NA,NA,NA,NA,NA,NA,NA,NA,NA,"11","Eukaryota","Excavata","Discoba","Euglenozoa",NA,NA,NA,NA
